{
  "type": "FeatureCollection",
  "generator": "overpass-turbo",
  "copyright": "The data included in this document is from www.openstreetmap.org. The data is made available under ODbL.",
  "timestamp": "2026-08-01T09:06:11Z",
  "features": [
    {
      "type": "Feature",
      "properties": {
        "@id": "relation/2595993",
        "amenity": "hospital",
        "building": "yes",
        "healthcare": "hospital",
        "healthcare:speciality": "gynaecology",
        "name": "Hôpital Gynéco Obstétrique et Pédiatrique de Yaoundé",
        "type": "multipolygon",
        "@geometry": "center"
      },
      "geometry": {
        "type": "Point",
        "coordinates": [
          11.5393974,
          3.9077898
        ]
      },
      "id": "relation/2595993"
    },
    {
      "type": "Feature",
      "properties": {
        "@id": "relation/11046949",
        "amenity": "hospital",
        "beds": "40",
        "building": "yes",
        "cases:HIV": "8",
        "cases:malaria": "55/Month",
        "consultation": "262/month",
        "fixme": "hospital:pediatrie = 6",
        "healthcare": "hospital",
        "name": "Hopital de District d'Okola",
        "staff_count:doctors": "3",
        "type": "multipolygon",
        "@geometry": "center"
      },
      "geometry": {
        "type": "Point",
        "coordinates": [
          11.3828805,
          4.0266899
        ]
      },
      "id": "relation/11046949"
    },
    {
      "type": "Feature",
      "properties": {
        "@id": "relation/11046950",
        "amenity": "hospital",
        "healthcare": "hospital",
        "type": "multipolygon",
        "@geometry": "center"
      },
      "geometry": {
        "type": "Point",
        "coordinates": [
          11.3828805,
          4.0266899
        ]
      },
      "id": "relation/11046950"
    },
    {
      "type": "Feature",
      "properties": {
        "@id": "relation/11993012",
        "amenity": "hospital",
        "healthcare": "hospital",
        "name": "Hôpital Jamot",
        "name:en": "Jamot Hospital",
        "name:fr": "Hôpital Jamot",
        "type": "multipolygon",
        "@geometry": "center"
      },
      "geometry": {
        "type": "Point",
        "coordinates": [
          11.5194339,
          3.9005713
        ]
      },
      "id": "relation/11993012"
    },
    {
      "type": "Feature",
      "properties": {
        "@id": "relation/13129874",
        "building": "yes",
        "name": "Salma Hotel",
        "tourism": "hotel",
        "type": "multipolygon",
        "@geometry": "center"
      },
      "geometry": {
        "type": "Point",
        "coordinates": [
          11.4619437,
          3.8652699
        ]
      },
      "id": "relation/13129874"
    },
    {
      "type": "Feature",
      "properties": {
        "@id": "way/188121375",
        "area": "yes",
        "highway": "pedestrian",
        "historic": "monument",
        "name": "Monument de la Réunification",
        "@geometry": "center"
      },
      "geometry": {
        "type": "Point",
        "coordinates": [
          11.5133982,
          3.8524877
        ]
      },
      "id": "way/188121375"
    },
    {
      "type": "Feature",
      "properties": {
        "@id": "way/188279621",
        "building": "public",
        "fee": "yes",
        "name": "Musée National",
        "tourism": "museum",
        "website": "http://www.nationalmuseum.cm/",
        "wikidata": "Q16335742",
        "wikipedia": "fr:Musée national du Cameroun",
        "@geometry": "center"
      },
      "geometry": {
        "type": "Point",
        "coordinates": [
          11.5155616,
          3.8604695
        ]
      },
      "id": "way/188279621"
    },
    {
      "type": "Feature",
      "properties": {
        "@id": "way/188690997",
        "amenity": "restaurant",
        "building": "yes",
        "cuisine": "italian",
        "email": "LaPizzeria.Yaounde@gmail.com",
        "name": "La Pizzeria",
        "opening_hours": "Tu-Su,PH 12:00-22:30",
        "phone": "243-389-276, 690-030-000",
        "source": "Geocameroun",
        "takeaway": "yes",
        "@geometry": "center"
      },
      "geometry": {
        "type": "Point",
        "coordinates": [
          11.5022672,
          3.9044235
        ]
      },
      "id": "way/188690997"
    },
    {
      "type": "Feature",
      "properties": {
        "@id": "way/188759112",
        "amenity": "hospital",
        "building": "hospital",
        "healthcare": "hospital",
        "healthcare:speciality": "gynaecology",
        "name": "Centre Hospitalier de Recherche et d'Application en Chirurgie Endoscopique et Reproduction Humaine",
        "short_name": "CHRACERH",
        "source": "Willy;survey",
        "@geometry": "center"
      },
      "geometry": {
        "type": "Point",
        "coordinates": [
          11.5422008,
          3.9055569
        ]
      },
      "id": "way/188759112"
    },
    {
      "type": "Feature",
      "properties": {
        "@id": "way/188761382",
        "building": "public",
        "contact:phone": "696580967",
        "name": "Lieugne Hotel",
        "source": "PFE(IT3) ENSTP Yaoundé - 2010",
        "tourism": "hostel",
        "@geometry": "center"
      },
      "geometry": {
        "type": "Point",
        "coordinates": [
          11.5333982,
          3.9055708
        ]
      },
      "id": "way/188761382"
    },
    {
      "type": "Feature",
      "properties": {
        "@id": "way/191139648",
        "amenity": "restaurant",
        "building": "yes",
        "check_date": "2023-11-30",
        "cuisine": "regional",
        "name": "Le Bois Sainte Anastasie",
        "payment:cards": "no",
        "payment:cash": "yes",
        "payment:credit_cards": "no",
        "payment:debit_cards": "no",
        "phone": "0237622054822",
        "@geometry": "center"
      },
      "geometry": {
        "type": "Point",
        "coordinates": [
          11.5143119,
          3.8711174
        ]
      },
      "id": "way/191139648"
    },
    {
      "type": "Feature",
      "properties": {
        "@id": "way/191158128",
        "amenity": "hospital",
        "healthcare": "hospital",
        "name": "Hôpital Protestant de Djoungolo",
        "@geometry": "center"
      },
      "geometry": {
        "type": "Point",
        "coordinates": [
          11.5208742,
          3.8841838
        ]
      },
      "id": "way/191158128"
    },
    {
      "type": "Feature",
      "properties": {
        "@id": "way/191166264",
        "amenity": "hospital",
        "healthcare": "hospital",
        "name": "Hôpital de District de Biyem-Assi",
        "@geometry": "center"
      },
      "geometry": {
        "type": "Point",
        "coordinates": [
          11.4850163,
          3.8340856
        ]
      },
      "id": "way/191166264"
    },
    {
      "type": "Feature",
      "properties": {
        "@id": "way/191248665",
        "amenity": "doctors",
        "healthcare": "doctor",
        "name": "Centre de Santé Catholique Nicolas Barre",
        "@geometry": "center"
      },
      "geometry": {
        "type": "Point",
        "coordinates": [
          11.5292968,
          3.8446034
        ]
      },
      "id": "way/191248665"
    },
    {
      "type": "Feature",
      "properties": {
        "@id": "way/191248672",
        "alt_name": "CMA",
        "amenity": "doctors",
        "healthcare": "doctor",
        "name": "Centre Médical d'Arrondissement de Nkomo",
        "@geometry": "center"
      },
      "geometry": {
        "type": "Point",
        "coordinates": [
          11.5512815,
          3.8436298
        ]
      },
      "id": "way/191248672"
    },
    {
      "type": "Feature",
      "properties": {
        "@id": "way/191632397",
        "amenity": "doctors",
        "building": "yes",
        "name": "Complexe Aide Santé",
        "@geometry": "center"
      },
      "geometry": {
        "type": "Point",
        "coordinates": [
          11.5084635,
          3.9537143
        ]
      },
      "id": "way/191632397"
    },
    {
      "type": "Feature",
      "properties": {
        "@id": "way/191632455",
        "amenity": "doctors",
        "building": "yes",
        "name": "Centre de Santé la Grâce de Dieu",
        "@geometry": "center"
      },
      "geometry": {
        "type": "Point",
        "coordinates": [
          11.520924,
          3.9526779
        ]
      },
      "id": "way/191632455"
    },
    {
      "type": "Feature",
      "properties": {
        "@id": "way/191641753",
        "building": "public",
        "name": "Hôtel Tehasselois",
        "source": "PFE(IT3) ENSTP Yaoundé - 2010",
        "tourism": "hotel",
        "@geometry": "center"
      },
      "geometry": {
        "type": "Point",
        "coordinates": [
          11.5132328,
          3.9452989
        ]
      },
      "id": "way/191641753"
    },
    {
      "type": "Feature",
      "properties": {
        "@id": "way/191645430",
        "amenity": "doctors",
        "building": "yes",
        "name": "Cabinet de Soins Saint Raphael",
        "@geometry": "center"
      },
      "geometry": {
        "type": "Point",
        "coordinates": [
          11.5242502,
          3.9510199
        ]
      },
      "id": "way/191645430"
    },
    {
      "type": "Feature",
      "properties": {
        "@id": "way/191647994",
        "building": "public",
        "name": "Melrose Place Hôtel",
        "source": "PFE(IT3) ENSTP Yaoundé - 2010",
        "tourism": "hotel",
        "@geometry": "center"
      },
      "geometry": {
        "type": "Point",
        "coordinates": [
          11.5190042,
          3.9421209
        ]
      },
      "id": "way/191647994"
    },
    {
      "type": "Feature",
      "properties": {
        "@id": "way/191804765",
        "amenity": "doctors",
        "building": "yes",
        "name": "Centre de Santé",
        "@geometry": "center"
      },
      "geometry": {
        "type": "Point",
        "coordinates": [
          11.5543812,
          3.9336383
        ]
      },
      "id": "way/191804765"
    },
    {
      "type": "Feature",
      "properties": {
        "@id": "way/191805242",
        "amenity": "doctors",
        "building": "yes",
        "name": "Centre de Sante Gisaprof",
        "source": "sobzeros",
        "@geometry": "center"
      },
      "geometry": {
        "type": "Point",
        "coordinates": [
          11.5442847,
          3.9313418
        ]
      },
      "id": "way/191805242"
    },
    {
      "type": "Feature",
      "properties": {
        "@id": "way/191994336",
        "addr:city": "Yaoundé",
        "amenity": "clinic",
        "building": "yes",
        "healthcare": "clinic",
        "name": "Clinique Sainte Thérèse d'Etoudi",
        "source": "sobzeros;survey",
        "@geometry": "center"
      },
      "geometry": {
        "type": "Point",
        "coordinates": [
          11.527252,
          3.9166055
        ]
      },
      "id": "way/191994336"
    },
    {
      "type": "Feature",
      "properties": {
        "@id": "way/191994420",
        "addr:postcode": "5413",
        "building": "public",
        "contact:email": "makombe@groupetchoquessi.com",
        "contact:phone": "674743999",
        "contact:website": "www.groupetchoquessi.com",
        "name": "HOTEL LE MAKOMBE",
        "source": "PFE(IT3) ENSTP Yaoundé - 2010",
        "tourism": "hostel",
        "@geometry": "center"
      },
      "geometry": {
        "type": "Point",
        "coordinates": [
          11.5296684,
          3.9190818
        ]
      },
      "id": "way/191994420"
    },
    {
      "type": "Feature",
      "properties": {
        "@id": "way/191994504",
        "amenity": "doctors",
        "building": "yes",
        "name": "Dispensaire d'Étoudi",
        "source": "sobzeros",
        "@geometry": "center"
      },
      "geometry": {
        "type": "Point",
        "coordinates": [
          11.527816,
          3.9190327
        ]
      },
      "id": "way/191994504"
    },
    {
      "type": "Feature",
      "properties": {
        "@id": "way/191994770",
        "building": "public",
        "name": "Hôtel Saphir",
        "source": "PFE(IT3) ENSTP Yaoundé - 2010",
        "tourism": "hotel",
        "@geometry": "center"
      },
      "geometry": {
        "type": "Point",
        "coordinates": [
          11.5308459,
          3.9196402
        ]
      },
      "id": "way/191994770"
    },
    {
      "type": "Feature",
      "properties": {
        "@id": "way/191996250",
        "amenity": "hospital",
        "building": "yes",
        "name": "Maternité Marie Étoudi",
        "source": "sobzeros",
        "@geometry": "center"
      },
      "geometry": {
        "type": "Point",
        "coordinates": [
          11.5275417,
          3.9187753
        ]
      },
      "id": "way/191996250"
    },
    {
      "type": "Feature",
      "properties": {
        "@id": "way/192007841",
        "atm": "yes",
        "building": "yes",
        "building:levels": "9",
        "name": "Hôtel Mont Fébé",
        "stars": "3",
        "tourism": "hotel",
        "wikidata": "Q130632712",
        "@geometry": "center"
      },
      "geometry": {
        "type": "Point",
        "coordinates": [
          11.4958763,
          3.9125171
        ]
      },
      "id": "way/192007841"
    },
    {
      "type": "Feature",
      "properties": {
        "@id": "way/192012194",
        "building": "yes",
        "name": "Motel Lady Ange",
        "source": "survey:PFE(IT3) ENSTP Yaounde 2010",
        "tourism": "motel",
        "@geometry": "center"
      },
      "geometry": {
        "type": "Point",
        "coordinates": [
          11.5443261,
          3.9137181
        ]
      },
      "id": "way/192012194"
    },
    {
      "type": "Feature",
      "properties": {
        "@id": "way/192017844",
        "amenity": "restaurant",
        "building": "yes",
        "name": "Bar du Golf",
        "source": "sobzeros",
        "@geometry": "center"
      },
      "geometry": {
        "type": "Point",
        "coordinates": [
          11.4974866,
          3.9048738
        ]
      },
      "id": "way/192017844"
    },
    {
      "type": "Feature",
      "properties": {
        "@id": "way/192686803",
        "amenity": "hospital",
        "building": "yes",
        "healthcare": "hospital",
        "name": "Groupe médical saint Hilaire",
        "phone": "+237242000128;+237679050404;+237655855885",
        "source": "sobzeros",
        "@geometry": "center"
      },
      "geometry": {
        "type": "Point",
        "coordinates": [
          11.5087442,
          3.8945582
        ]
      },
      "id": "way/192686803"
    },
    {
      "type": "Feature",
      "properties": {
        "@id": "way/192686834",
        "amenity": "restaurant",
        "building": "yes",
        "name": "Le colisée",
        "@geometry": "center"
      },
      "geometry": {
        "type": "Point",
        "coordinates": [
          11.5149345,
          3.8939689
        ]
      },
      "id": "way/192686834"
    },
    {
      "type": "Feature",
      "properties": {
        "@id": "way/192687206",
        "amenity": "restaurant",
        "building": "yes",
        "name": "L'Orient Rouge",
        "@geometry": "center"
      },
      "geometry": {
        "type": "Point",
        "coordinates": [
          11.5072371,
          3.894736
        ]
      },
      "id": "way/192687206"
    },
    {
      "type": "Feature",
      "properties": {
        "@id": "way/192687278",
        "building": "yes",
        "name": "HOTEL LE PARADIS",
        "source": "sobzeros",
        "tourism": "hostel",
        "@geometry": "center"
      },
      "geometry": {
        "type": "Point",
        "coordinates": [
          11.5442208,
          3.8988518
        ]
      },
      "id": "way/192687278"
    },
    {
      "type": "Feature",
      "properties": {
        "@id": "way/192687798",
        "amenity": "restaurant",
        "building": "yes",
        "cuisine": "italian",
        "name": "Chez Marcelo",
        "opening_hours": "Mo-Su,PH 10:00-23:00",
        "@geometry": "center"
      },
      "geometry": {
        "type": "Point",
        "coordinates": [
          11.4960775,
          3.8998518
        ]
      },
      "id": "way/192687798"
    },
    {
      "type": "Feature",
      "properties": {
        "@id": "way/192687917",
        "building": "yes",
        "email": "michaushotel@yahoo.fr",
        "name": "Hotel Michaus",
        "phone": "+23722 01 05 23",
        "source": "survey:PFE(IT3) ENSTP Yaounde 2010",
        "tourism": "hotel",
        "@geometry": "center"
      },
      "geometry": {
        "type": "Point",
        "coordinates": [
          11.5441503,
          3.8951579
        ]
      },
      "id": "way/192687917"
    },
    {
      "type": "Feature",
      "properties": {
        "@id": "way/192688461",
        "building": "yes",
        "name": "Hotel La Roche",
        "rooms": "18",
        "source": "survey:PFE(IT3) ENSTP Yaounde 2010",
        "tourism": "hotel",
        "@geometry": "center"
      },
      "geometry": {
        "type": "Point",
        "coordinates": [
          11.5485739,
          3.8952119
        ]
      },
      "id": "way/192688461"
    },
    {
      "type": "Feature",
      "properties": {
        "@id": "way/192690704",
        "amenity": "restaurant",
        "building": "yes",
        "cuisine": "french",
        "email": "kajazoma3000@gmail.com",
        "name": "Loft de Kaja",
        "phone": "+237 678921865",
        "@geometry": "center"
      },
      "geometry": {
        "type": "Point",
        "coordinates": [
          11.512291,
          3.9000813
        ]
      },
      "id": "way/192690704"
    },
    {
      "type": "Feature",
      "properties": {
        "@id": "way/192690792",
        "amenity": "doctors",
        "building": "yes",
        "healthcare": "doctor",
        "name": "Centre de Santé la Protection",
        "@geometry": "center"
      },
      "geometry": {
        "type": "Point",
        "coordinates": [
          11.5510499,
          3.9007755
        ]
      },
      "id": "way/192690792"
    },
    {
      "type": "Feature",
      "properties": {
        "@id": "way/192691240",
        "addr:street": "Rue Noah Tsogo",
        "amenity": "pharmacy",
        "building": "yes",
        "healthcare": "pharmacy",
        "name": "Pharmacie les manguiers",
        "source": "sobzeros",
        "@geometry": "center"
      },
      "geometry": {
        "type": "Point",
        "coordinates": [
          11.5316515,
          3.8985052
        ]
      },
      "id": "way/192691240"
    },
    {
      "type": "Feature",
      "properties": {
        "@id": "way/192692754",
        "amenity": "doctors",
        "building": "yes",
        "healthcare": "doctor",
        "name": "Dispensaire",
        "source": "sobzeros",
        "@geometry": "center"
      },
      "geometry": {
        "type": "Point",
        "coordinates": [
          11.5299816,
          3.8941165
        ]
      },
      "id": "way/192692754"
    },
    {
      "type": "Feature",
      "properties": {
        "@id": "way/192694608",
        "building": "public",
        "name": "Hotel Le Lys",
        "source": "survey:PFE(IT3) ENSTP Yaounde 2010",
        "tourism": "hotel",
        "@geometry": "center"
      },
      "geometry": {
        "type": "Point",
        "coordinates": [
          11.5588195,
          3.9003753
        ]
      },
      "id": "way/192694608"
    },
    {
      "type": "Feature",
      "properties": {
        "@id": "way/192694969",
        "amenity": "doctors",
        "building": "yes",
        "healthcare": "doctor",
        "name": "Centre de Santé Tehak Helen",
        "source": "sobzeros",
        "@geometry": "center"
      },
      "geometry": {
        "type": "Point",
        "coordinates": [
          11.523793,
          3.897135
        ]
      },
      "id": "way/192694969"
    },
    {
      "type": "Feature",
      "properties": {
        "@id": "way/192695416",
        "amenity": "doctors",
        "building": "yes",
        "healthcare": "doctor",
        "name": "Centre de Santé Bethesda",
        "source": "sobzeros",
        "@geometry": "center"
      },
      "geometry": {
        "type": "Point",
        "coordinates": [
          11.5420214,
          3.8950692
        ]
      },
      "id": "way/192695416"
    },
    {
      "type": "Feature",
      "properties": {
        "@id": "way/192696124",
        "building": "public",
        "name": "Masque Hôtel",
        "source": "PFE(IT3) ENSTP Yaoundé - 2010",
        "tourism": "hotel",
        "@geometry": "center"
      },
      "geometry": {
        "type": "Point",
        "coordinates": [
          11.5239838,
          3.8972986
        ]
      },
      "id": "way/192696124"
    },
    {
      "type": "Feature",
      "properties": {
        "@id": "way/192696213",
        "amenity": "hospital",
        "building": "yes",
        "healthcare": "hospital",
        "source": "sobzeros",
        "@geometry": "center"
      },
      "geometry": {
        "type": "Point",
        "coordinates": [
          11.4536486,
          3.8996666
        ]
      },
      "id": "way/192696213"
    },
    {
      "type": "Feature",
      "properties": {
        "@id": "way/192697083",
        "amenity": "restaurant",
        "building": "yes",
        "name": "Chez Kalli",
        "source": "sobzeros",
        "@geometry": "center"
      },
      "geometry": {
        "type": "Point",
        "coordinates": [
          11.5082879,
          3.8949512
        ]
      },
      "id": "way/192697083"
    },
    {
      "type": "Feature",
      "properties": {
        "@id": "way/192729588",
        "amenity": "doctors",
        "building": "yes",
        "name": "Centre de Santé Qhu;Centre Medico Social Quality Heathcare Unit",
        "source": "sobzeros",
        "@geometry": "center"
      },
      "geometry": {
        "type": "Point",
        "coordinates": [
          11.4509835,
          3.8802316
        ]
      },
      "id": "way/192729588"
    },
    {
      "type": "Feature",
      "properties": {
        "@id": "way/192730885",
        "amenity": "doctors",
        "building": "yes",
        "name": "Centre de Santé Le Bistouri",
        "source": "sobzeros",
        "@geometry": "center"
      },
      "geometry": {
        "type": "Point",
        "coordinates": [
          11.4923911,
          3.8898275
        ]
      },
      "id": "way/192730885"
    },
    {
      "type": "Feature",
      "properties": {
        "@id": "way/192731951",
        "amenity": "doctors",
        "building": "yes",
        "healthcare": "doctor",
        "name": "Centre de Santé les Pelercus",
        "source": "sobzeros",
        "@geometry": "center"
      },
      "geometry": {
        "type": "Point",
        "coordinates": [
          11.4647849,
          3.8815832
        ]
      },
      "id": "way/192731951"
    },
    {
      "type": "Feature",
      "properties": {
        "@id": "way/192734708",
        "amenity": "hospital",
        "building": "yes",
        "contact:phone": "(+237) 697558763",
        "healthcare": "hospital",
        "name": "De La Chance",
        "source": "sobzeros",
        "@geometry": "center"
      },
      "geometry": {
        "type": "Point",
        "coordinates": [
          11.4699186,
          3.890934
        ]
      },
      "id": "way/192734708"
    },
    {
      "type": "Feature",
      "properties": {
        "@id": "way/192735298",
        "amenity": "doctors",
        "building": "yes",
        "healthcare": "doctor",
        "name": "Centre Médical la Fraternité",
        "@geometry": "center"
      },
      "geometry": {
        "type": "Point",
        "coordinates": [
          11.4650418,
          3.8842478
        ]
      },
      "id": "way/192735298"
    },
    {
      "type": "Feature",
      "properties": {
        "@id": "way/192736776",
        "addr:postcode": "4636 yde",
        "building": "yes",
        "contact:phone": "242808319",
        "name": "HOTEL BELLEVUE",
        "source": "sobzeros",
        "tourism": "hostel",
        "@geometry": "center"
      },
      "geometry": {
        "type": "Point",
        "coordinates": [
          11.4929859,
          3.8915506
        ]
      },
      "id": "way/192736776"
    },
    {
      "type": "Feature",
      "properties": {
        "@id": "way/192737325",
        "building": "yes",
        "name": "Menom Hôtel",
        "source": "PFE(IT3) ENSTP Yaoundé - 2010",
        "tourism": "hotel",
        "@geometry": "center"
      },
      "geometry": {
        "type": "Point",
        "coordinates": [
          11.470244,
          3.8893815
        ]
      },
      "id": "way/192737325"
    },
    {
      "type": "Feature",
      "properties": {
        "@id": "way/192738221",
        "amenity": "doctors",
        "building": "yes",
        "name": "Centre de Santé La Perfection",
        "source": "sobzeros",
        "@geometry": "center"
      },
      "geometry": {
        "type": "Point",
        "coordinates": [
          11.4527521,
          3.889317
        ]
      },
      "id": "way/192738221"
    },
    {
      "type": "Feature",
      "properties": {
        "@id": "way/192738573",
        "building": "yes",
        "name": "Panthere Hôtel",
        "source": "PFE(IT3) ENSTP Yaoundé - 2010",
        "tourism": "hotel",
        "@geometry": "center"
      },
      "geometry": {
        "type": "Point",
        "coordinates": [
          11.4924943,
          3.8920105
        ]
      },
      "id": "way/192738573"
    },
    {
      "type": "Feature",
      "properties": {
        "@id": "way/192775406",
        "amenity": "doctors",
        "building": "yes",
        "healthcare": "doctor",
        "name": "Centre Médical de Santé",
        "source": "sobzeros",
        "@geometry": "center"
      },
      "geometry": {
        "type": "Point",
        "coordinates": [
          11.5591089,
          3.8859823
        ]
      },
      "id": "way/192775406"
    },
    {
      "type": "Feature",
      "properties": {
        "@id": "way/192775546",
        "amenity": "doctors",
        "building": "yes",
        "name": "Centre de Médicine Chinoise",
        "@geometry": "center"
      },
      "geometry": {
        "type": "Point",
        "coordinates": [
          11.4918445,
          3.879604
        ]
      },
      "id": "way/192775546"
    },
    {
      "type": "Feature",
      "properties": {
        "@id": "way/192776457",
        "building": "yes",
        "name": "TSEP Hôtel",
        "source": "PFE(IT3) ENSTP Yaoundé - 2010",
        "tourism": "hotel",
        "@geometry": "center"
      },
      "geometry": {
        "type": "Point",
        "coordinates": [
          11.4998558,
          3.8858466
        ]
      },
      "id": "way/192776457"
    },
    {
      "type": "Feature",
      "properties": {
        "@id": "way/192776473",
        "addr:city": "Yaounde",
        "addr:street": "Nouve route bastos",
        "air_conditioning": "yes",
        "amenity": "restaurant",
        "building": "restaurant",
        "cuisine": "pizza;chicken;italian;african;steak_house;ice_cream",
        "delivery": "yes",
        "diet:fruitarian": "yes",
        "diet:healthy": "yes",
        "diet:local": "yes",
        "diet:meat": "yes",
        "diet:omnivore": "yes",
        "diet:vegetarian": "yes",
        "internet_access": "yes",
        "name": "Dolcezza Yde food",
        "opening_hours": "We-Mo 11:00-22:00; Tu off",
        "phone": "+237 6 58 59 77 55",
        "source": "sobzeros;gps",
        "takeaway": "yes",
        "website": "https://dolcezzafood.com",
        "@geometry": "center"
      },
      "geometry": {
        "type": "Point",
        "coordinates": [
          11.5056539,
          3.8862884
        ]
      },
      "id": "way/192776473"
    },
    {
      "type": "Feature",
      "properties": {
        "@id": "way/192776551",
        "amenity": "hospital",
        "building": "yes",
        "healthcare": "hospital",
        "name": "La Fraternité D'etetak",
        "source": "sobzeros",
        "@geometry": "center"
      },
      "geometry": {
        "type": "Point",
        "coordinates": [
          11.4790035,
          3.8804019
        ]
      },
      "id": "way/192776551"
    },
    {
      "type": "Feature",
      "properties": {
        "@id": "way/192776693",
        "amenity": "restaurant",
        "building": "yes",
        "cuisine": "french;regional;coffee_shop",
        "diet:vegetarian": "yes",
        "name": "Tassa",
        "opening_hours": "Mo-Su 07:00-22:00",
        "phone": "+237 656 70 65 66",
        "website": "https://www.instagram.com/tassa.yde/?hl=fr",
        "@geometry": "center"
      },
      "geometry": {
        "type": "Point",
        "coordinates": [
          11.512535,
          3.8854993
        ]
      },
      "id": "way/192776693"
    },
    {
      "type": "Feature",
      "properties": {
        "@id": "way/192777268",
        "addr:postcode": "35105 yde",
        "building": "yes",
        "contact:phone": "222204059",
        "name": "Hôtel Aurelia Palace",
        "source": "sobzeros",
        "tourism": "hotel",
        "@geometry": "center"
      },
      "geometry": {
        "type": "Point",
        "coordinates": [
          11.5156802,
          3.8857801
        ]
      },
      "id": "way/192777268"
    },
    {
      "type": "Feature",
      "properties": {
        "@id": "way/192777452",
        "building": "yes",
        "name": "Hôtel Doussie",
        "source": "PFE(IT3) ENSTP Yaoundé - 2010",
        "tourism": "hotel",
        "@geometry": "center"
      },
      "geometry": {
        "type": "Point",
        "coordinates": [
          11.4915225,
          3.8800957
        ]
      },
      "id": "way/192777452"
    },
    {
      "type": "Feature",
      "properties": {
        "@id": "way/192778053",
        "amenity": "hospital",
        "building": "hospital",
        "healthcare": "hospital",
        "name": "Hôpital Bethesda",
        "source": "sobzeros",
        "@geometry": "center"
      },
      "geometry": {
        "type": "Point",
        "coordinates": [
          11.5081565,
          3.8841895
        ]
      },
      "id": "way/192778053"
    },
    {
      "type": "Feature",
      "properties": {
        "@id": "way/192780695",
        "amenity": "hospital",
        "building": "yes",
        "contact:phone": "696920031",
        "healthcare": "hospital",
        "name": "G.T LABO",
        "source": "sobzeros",
        "@geometry": "center"
      },
      "geometry": {
        "type": "Point",
        "coordinates": [
          11.5028341,
          3.8847958
        ]
      },
      "id": "way/192780695"
    },
    {
      "type": "Feature",
      "properties": {
        "@id": "way/192782803",
        "amenity": "doctors",
        "building": "yes",
        "healthcare": "doctor",
        "name": "Centre Medical Social",
        "source": "sobzeros",
        "@geometry": "center"
      },
      "geometry": {
        "type": "Point",
        "coordinates": [
          11.528909,
          3.8793489
        ]
      },
      "id": "way/192782803"
    },
    {
      "type": "Feature",
      "properties": {
        "@id": "way/192783696",
        "amenity": "doctors",
        "building": "yes",
        "name": "Centre de Santé Pilote Social Odzon",
        "source": "sobzeros",
        "@geometry": "center"
      },
      "geometry": {
        "type": "Point",
        "coordinates": [
          11.4215134,
          3.8787298
        ]
      },
      "id": "way/192783696"
    },
    {
      "type": "Feature",
      "properties": {
        "@id": "way/192785142",
        "amenity": "restaurant",
        "building": "yes",
        "cuisine": "pizza",
        "name": "La Buona Pizza",
        "source": "sobzeros",
        "@geometry": "center"
      },
      "geometry": {
        "type": "Point",
        "coordinates": [
          11.514047,
          3.8848053
        ]
      },
      "id": "way/192785142"
    },
    {
      "type": "Feature",
      "properties": {
        "@id": "way/192785197",
        "building": "yes",
        "source": "sobzeros",
        "tourism": "hostel",
        "@geometry": "center"
      },
      "geometry": {
        "type": "Point",
        "coordinates": [
          11.5024934,
          3.88393
        ]
      },
      "id": "way/192785197"
    },
    {
      "type": "Feature",
      "properties": {
        "@id": "way/192786683",
        "building": "public",
        "name": "Hôtel Las Vegas",
        "source": "PFE(IT3) ENSTP Yaoundé - 2010",
        "tourism": "hotel",
        "@geometry": "center"
      },
      "geometry": {
        "type": "Point",
        "coordinates": [
          11.525388,
          3.8806995
        ]
      },
      "id": "way/192786683"
    },
    {
      "type": "Feature",
      "properties": {
        "@id": "way/192786963",
        "addr:city": "Yaoundé V",
        "addr:street": "Rue 1.367",
        "amenity": "restaurant",
        "building": "yes",
        "cuisine": "barbecue;chicken;seafood;french;regional",
        "name": "AGORA TASTY FOOD",
        "opening_hours": "Mo-Su 10:00-22:00",
        "phone": "+237677292909",
        "source": "local knowledge;survey",
        "@geometry": "center"
      },
      "geometry": {
        "type": "Point",
        "coordinates": [
          11.5483244,
          3.8799538
        ]
      },
      "id": "way/192786963"
    },
    {
      "type": "Feature",
      "properties": {
        "@id": "way/192798125",
        "amenity": "hospital",
        "building": "hospital",
        "healthcare": "hospital",
        "name": "Fondation Les Divines",
        "name:en": "Foundation Grace Divine",
        "source": "sobzeros",
        "@geometry": "center"
      },
      "geometry": {
        "type": "Point",
        "coordinates": [
          11.4696643,
          3.8763795
        ]
      },
      "id": "way/192798125"
    },
    {
      "type": "Feature",
      "properties": {
        "@id": "way/192798350",
        "amenity": "doctors",
        "building": "yes",
        "healthcare": "hospital",
        "name": "Centre Médical Fm Santé",
        "source": "sobzeros",
        "@geometry": "center"
      },
      "geometry": {
        "type": "Point",
        "coordinates": [
          11.4719226,
          3.8781239
        ]
      },
      "id": "way/192798350"
    },
    {
      "type": "Feature",
      "properties": {
        "@id": "way/192798489",
        "building": "public",
        "source": "PFE(IT3) ENSTP Yaoundé - 2010",
        "tourism": "hotel",
        "@geometry": "center"
      },
      "geometry": {
        "type": "Point",
        "coordinates": [
          11.4653175,
          3.8769968
        ]
      },
      "id": "way/192798489"
    },
    {
      "type": "Feature",
      "properties": {
        "@id": "way/192799894",
        "amenity": "doctors",
        "building": "yes",
        "name": "Centre Medical Saint Esprit",
        "source": "sobzeros",
        "@geometry": "center"
      },
      "geometry": {
        "type": "Point",
        "coordinates": [
          11.4483788,
          3.8782269
        ]
      },
      "id": "way/192799894"
    },
    {
      "type": "Feature",
      "properties": {
        "@id": "way/192800564",
        "amenity": "doctors",
        "building": "yes",
        "name": "Centre de Santé Intégré de Nkolbisson",
        "short_name": "CSI",
        "@geometry": "center"
      },
      "geometry": {
        "type": "Point",
        "coordinates": [
          11.4457973,
          3.8765522
        ]
      },
      "id": "way/192800564"
    },
    {
      "type": "Feature",
      "properties": {
        "@id": "way/192802096",
        "amenity": "hospital",
        "building": "yes",
        "healthcare": "hospital",
        "name": "Centre Medical La Reference Nkolbisson",
        "source": "sobzeros",
        "@geometry": "center"
      },
      "geometry": {
        "type": "Point",
        "coordinates": [
          11.4584089,
          3.8792695
        ]
      },
      "id": "way/192802096"
    },
    {
      "type": "Feature",
      "properties": {
        "@id": "way/192809859",
        "amenity": "pharmacy",
        "building": "yes",
        "name": "Pharmacie des Sésames",
        "source": "GeoCameroun",
        "@geometry": "center"
      },
      "geometry": {
        "type": "Point",
        "coordinates": [
          11.4841477,
          3.8772569
        ]
      },
      "id": "way/192809859"
    },
    {
      "type": "Feature",
      "properties": {
        "@id": "way/192810108",
        "building": "yes",
        "name": "Hôtel la Fleur",
        "source": "PFE(IT3) ENSTP Yaoundé - 2010",
        "tourism": "hotel",
        "@geometry": "center"
      },
      "geometry": {
        "type": "Point",
        "coordinates": [
          11.4806267,
          3.8723389
        ]
      },
      "id": "way/192810108"
    },
    {
      "type": "Feature",
      "properties": {
        "@id": "way/192810183",
        "amenity": "hospital",
        "building": "yes",
        "healthcare": "hospital",
        "name": "Croix Rouge Camerounaise",
        "source": "sobzeros",
        "@geometry": "center"
      },
      "geometry": {
        "type": "Point",
        "coordinates": [
          11.5175034,
          3.8753132
        ]
      },
      "id": "way/192810183"
    },
    {
      "type": "Feature",
      "properties": {
        "@id": "way/192810445",
        "amenity": "restaurant",
        "building": "yes",
        "name": "L'Esterel",
        "source": "sobzeros",
        "@geometry": "center"
      },
      "geometry": {
        "type": "Point",
        "coordinates": [
          11.5176595,
          3.8760367
        ]
      },
      "id": "way/192810445"
    },
    {
      "type": "Feature",
      "properties": {
        "@id": "way/192810636",
        "building": "yes",
        "name": "Hôtel Cité Verte",
        "source": "PFE(IT3) ENSTP Yaoundé - 2010",
        "tourism": "hotel",
        "@geometry": "center"
      },
      "geometry": {
        "type": "Point",
        "coordinates": [
          11.4905493,
          3.8738546
        ]
      },
      "id": "way/192810636"
    },
    {
      "type": "Feature",
      "properties": {
        "@id": "way/192811154",
        "amenity": "pharmacy",
        "building": "yes",
        "healthcare": "pharmacy",
        "name": "Pharmacie de la Brique",
        "source": "GeoCameroun",
        "@geometry": "center"
      },
      "geometry": {
        "type": "Point",
        "coordinates": [
          11.5120364,
          3.8760773
        ]
      },
      "id": "way/192811154"
    },
    {
      "type": "Feature",
      "properties": {
        "@id": "way/192811803",
        "addr:postcode": "4252 Ydï¿½",
        "building": "yes",
        "contact:phone": "222209536",
        "name": "SOMATEL",
        "source": "PFE(IT3) ENSTP Yaoundé - 2010",
        "tourism": "hostel",
        "@geometry": "center"
      },
      "geometry": {
        "type": "Point",
        "coordinates": [
          11.511468,
          3.8763329
        ]
      },
      "id": "way/192811803"
    },
    {
      "type": "Feature",
      "properties": {
        "@id": "way/192812170",
        "amenity": "doctors",
        "building": "retail",
        "healthcare": "doctor",
        "name": "Centre de Santé",
        "@geometry": "center"
      },
      "geometry": {
        "type": "Point",
        "coordinates": [
          11.5034629,
          3.8736307
        ]
      },
      "id": "way/192812170"
    },
    {
      "type": "Feature",
      "properties": {
        "@id": "way/192812391",
        "amenity": "hospital",
        "building": "yes",
        "healthcare": "hospital",
        "name": "Clinique Ze Meka",
        "source": "sobzeros",
        "@geometry": "center"
      },
      "geometry": {
        "type": "Point",
        "coordinates": [
          11.5200834,
          3.8770891
        ]
      },
      "id": "way/192812391"
    },
    {
      "type": "Feature",
      "properties": {
        "@id": "way/192812980",
        "amenity": "doctors",
        "building": "yes",
        "healthcare": "doctor",
        "name": "Centre de Santé",
        "source": "sobzeros",
        "@geometry": "center"
      },
      "geometry": {
        "type": "Point",
        "coordinates": [
          11.5036916,
          3.8757066
        ]
      },
      "id": "way/192812980"
    },
    {
      "type": "Feature",
      "properties": {
        "@id": "way/192813068",
        "amenity": "dentist",
        "building": "yes",
        "healthcare": "dentist",
        "name": "Dentiste",
        "source": "sobzeros",
        "@geometry": "center"
      },
      "geometry": {
        "type": "Point",
        "coordinates": [
          11.504036,
          3.8763478
        ]
      },
      "id": "way/192813068"
    },
    {
      "type": "Feature",
      "properties": {
        "@id": "way/192813194",
        "amenity": "doctors",
        "building": "yes",
        "healthcare": "doctor",
        "name": "Centre Médical privé islamique",
        "source": "sobzeros",
        "@geometry": "center"
      },
      "geometry": {
        "type": "Point",
        "coordinates": [
          11.5067106,
          3.8766636
        ]
      },
      "id": "way/192813194"
    },
    {
      "type": "Feature",
      "properties": {
        "@id": "way/192814078",
        "building": "yes",
        "name": "Auberge Essos",
        "source": "survey:PFE(IT3) ENSTP Yaounde 2010",
        "tourism": "motel",
        "@geometry": "center"
      },
      "geometry": {
        "type": "Point",
        "coordinates": [
          11.5434364,
          3.8739136
        ]
      },
      "id": "way/192814078"
    },
    {
      "type": "Feature",
      "properties": {
        "@id": "way/192814979",
        "building": "public",
        "name": "Hôtel Magny",
        "note:nombre de chambres": "22",
        "source": "PFE(IT3) ENSTP Yaoundé - 2010",
        "stars": "1",
        "tourism": "hotel",
        "@geometry": "center"
      },
      "geometry": {
        "type": "Point",
        "coordinates": [
          11.5373105,
          3.87359
        ]
      },
      "id": "way/192814979"
    },
    {
      "type": "Feature",
      "properties": {
        "@id": "way/192815270",
        "amenity": "doctors",
        "building": "yes",
        "healthcare": "doctor",
        "name": "African Genesic Health Center",
        "source": "sobzeros",
        "@geometry": "center"
      },
      "geometry": {
        "type": "Point",
        "coordinates": [
          11.5505724,
          3.8728735
        ]
      },
      "id": "way/192815270"
    },
    {
      "type": "Feature",
      "properties": {
        "@id": "way/192815379",
        "addr:postcode": "12340 Ydï¿½",
        "building": "public",
        "contact:fax": "222226760",
        "contact:phone": "222239860",
        "contact:website": "www.leshotelsresidencence.com",
        "name": "Hôtel Résidence La Grace",
        "source": "PFE(IT3) ENSTP Yaoundé - 2010",
        "tourism": "hostel",
        "@geometry": "center"
      },
      "geometry": {
        "type": "Point",
        "coordinates": [
          11.547708,
          3.8790006
        ]
      },
      "id": "way/192815379"
    },
    {
      "type": "Feature",
      "properties": {
        "@id": "way/192816089",
        "amenity": "restaurant",
        "building": "yes",
        "cuisine": "indian",
        "name": "Restaurant Mahima",
        "@geometry": "center"
      },
      "geometry": {
        "type": "Point",
        "coordinates": [
          11.5254083,
          3.8781004
        ]
      },
      "id": "way/192816089"
    },
    {
      "type": "Feature",
      "properties": {
        "@id": "way/192816343",
        "building": "yes",
        "name": "Auberge Essos",
        "source": "survey:PFE(IT3) ENSTP Yaounde 2010",
        "tourism": "motel",
        "@geometry": "center"
      },
      "geometry": {
        "type": "Point",
        "coordinates": [
          11.5416299,
          3.8740602
        ]
      },
      "id": "way/192816343"
    },
    {
      "type": "Feature",
      "properties": {
        "@id": "way/192816584",
        "amenity": "doctors",
        "building": "yes",
        "fixme": "Multiple Buildings tagged as one",
        "healthcare": "doctor",
        "name": "Centre Santé",
        "source": "sobzeros",
        "@geometry": "center"
      },
      "geometry": {
        "type": "Point",
        "coordinates": [
          11.5380023,
          3.8739941
        ]
      },
      "id": "way/192816584"
    },
    {
      "type": "Feature",
      "properties": {
        "@id": "way/192816749",
        "building": "yes",
        "name": "Hôtel Oasis",
        "rooms": "17",
        "rooms:suites": "5",
        "source": "survey:PFE(IT3) ENSTP Yaounde 2010",
        "stars": "1",
        "tourism": "hotel",
        "@geometry": "center"
      },
      "geometry": {
        "type": "Point",
        "coordinates": [
          11.5491498,
          3.8788786
        ]
      },
      "id": "way/192816749"
    },
    {
      "type": "Feature",
      "properties": {
        "@id": "way/192817529",
        "building": "public",
        "name": "Résidence Hotelière Papyrus",
        "note:nombre de chambres": "14",
        "note:nombre de d'appartements": "3",
        "source": "survey:PFE(IT3) ENSTP Yaounde 2010",
        "stars": "2",
        "tourism": "hotel",
        "@geometry": "center"
      },
      "geometry": {
        "type": "Point",
        "coordinates": [
          11.5438043,
          3.8770405
        ]
      },
      "id": "way/192817529"
    },
    {
      "type": "Feature",
      "properties": {
        "@id": "way/192817588",
        "building": "yes",
        "internet_access": "wlan",
        "internet_access:fee": "no",
        "name": "Hôtel Jouvence 2000",
        "phone": "22 23 02 59",
        "rooms": "42",
        "rooms:suites": "3",
        "source": "survey:PFE(IT3) ENSTP Yaounde 2010",
        "stars": "2",
        "tourism": "hotel",
        "website": "http://www.hoteljouvence.com/",
        "@geometry": "center"
      },
      "geometry": {
        "type": "Point",
        "coordinates": [
          11.5309055,
          3.8760544
        ]
      },
      "id": "way/192817588"
    },
    {
      "type": "Feature",
      "properties": {
        "@id": "way/192817715",
        "building": "yes",
        "name": "Auberge Essos",
        "source": "survey:PFE(IT3) ENSTP Yaounde 2010",
        "tourism": "motel",
        "@geometry": "center"
      },
      "geometry": {
        "type": "Point",
        "coordinates": [
          11.5468423,
          3.8748605
        ]
      },
      "id": "way/192817715"
    },
    {
      "type": "Feature",
      "properties": {
        "@id": "way/192819676",
        "building": "yes",
        "name": "Auberge Le Marseillais",
        "source": "survey:PFE(IT3) ENSTP Yaounde 2010",
        "tourism": "motel",
        "@geometry": "center"
      },
      "geometry": {
        "type": "Point",
        "coordinates": [
          11.5358044,
          3.8710574
        ]
      },
      "id": "way/192819676"
    },
    {
      "type": "Feature",
      "properties": {
        "@id": "way/192819817",
        "amenity": "pharmacy",
        "building": "yes",
        "healthcare": "pharmacy",
        "name": "Cousin Castor",
        "source": "PFE(IT3) ENSTP Yaoundé - 2010",
        "@geometry": "center"
      },
      "geometry": {
        "type": "Point",
        "coordinates": [
          11.5311049,
          3.8697335
        ]
      },
      "id": "way/192819817"
    },
    {
      "type": "Feature",
      "properties": {
        "@id": "way/192819820",
        "building": "yes",
        "name": "Hôtel De Flandre",
        "source": "PFE(IT3) ENSTP Yaoundé - 2010",
        "tourism": "hotel",
        "@geometry": "center"
      },
      "geometry": {
        "type": "Point",
        "coordinates": [
          11.4958054,
          3.8687932
        ]
      },
      "id": "way/192819820"
    },
    {
      "type": "Feature",
      "properties": {
        "@id": "way/192820018",
        "amenity": "doctors",
        "building": "yes",
        "name": "Centre de Santé",
        "source": "sobzeros",
        "@geometry": "center"
      },
      "geometry": {
        "type": "Point",
        "coordinates": [
          11.5676176,
          3.878456
        ]
      },
      "id": "way/192820018"
    },
    {
      "type": "Feature",
      "properties": {
        "@id": "way/192820027",
        "building": "public",
        "name": "Hôtel",
        "source": "PFE(IT3) ENSTP Yaoundé - 2010",
        "tourism": "hotel",
        "@geometry": "center"
      },
      "geometry": {
        "type": "Point",
        "coordinates": [
          11.5278442,
          3.8687981
        ]
      },
      "id": "way/192820027"
    },
    {
      "type": "Feature",
      "properties": {
        "@id": "way/192820323",
        "amenity": "doctors",
        "building": "yes",
        "healthcare": "doctor",
        "name": "Centre de Santé",
        "source": "sobzeros",
        "@geometry": "center"
      },
      "geometry": {
        "type": "Point",
        "coordinates": [
          11.5344386,
          3.8654858
        ]
      },
      "id": "way/192820323"
    },
    {
      "type": "Feature",
      "properties": {
        "@id": "way/192820419",
        "amenity": "restaurant",
        "building": "yes",
        "name": "dort mange bien",
        "source": "sobzeros",
        "@geometry": "center"
      },
      "geometry": {
        "type": "Point",
        "coordinates": [
          11.5022514,
          3.8685733
        ]
      },
      "id": "way/192820419"
    },
    {
      "type": "Feature",
      "properties": {
        "@id": "way/192820615",
        "amenity": "hospital",
        "healthcare": "hospital",
        "name": "Hopital du Bien",
        "source": "sobzeros",
        "@geometry": "center"
      },
      "geometry": {
        "type": "Point",
        "coordinates": [
          11.5004381,
          3.8694286
        ]
      },
      "id": "way/192820615"
    },
    {
      "type": "Feature",
      "properties": {
        "@id": "way/192820765",
        "amenity": "hospital",
        "building": "yes",
        "healthcare": "yes",
        "name": "Croix Rouge Camerounaise ( Clinique)",
        "operator": "Croix Rouge Camerounaise",
        "source": "sobzeros",
        "@geometry": "center"
      },
      "geometry": {
        "type": "Point",
        "coordinates": [
          11.5124871,
          3.86926
        ]
      },
      "id": "way/192820765"
    },
    {
      "type": "Feature",
      "properties": {
        "@id": "way/192820891",
        "addr:postcode": "11100 Ydï¿½",
        "building": "yes",
        "contact:phone": "673216179",
        "name": "Noka Hotel",
        "source": "PFE(IT3) ENSTP Yaoundé - 2010",
        "tourism": "hostel",
        "@geometry": "center"
      },
      "geometry": {
        "type": "Point",
        "coordinates": [
          11.492625,
          3.8707227
        ]
      },
      "id": "way/192820891"
    },
    {
      "type": "Feature",
      "properties": {
        "@id": "way/192820997",
        "building": "yes",
        "name": "Hôtel Feuguiff",
        "source": "PFE(IT3) ENSTP Yaoundé - 2010",
        "tourism": "hotel",
        "@geometry": "center"
      },
      "geometry": {
        "type": "Point",
        "coordinates": [
          11.4960839,
          3.8670952
        ]
      },
      "id": "way/192820997"
    },
    {
      "type": "Feature",
      "properties": {
        "@id": "way/192821047",
        "amenity": "doctors",
        "building": "yes",
        "healthcare": "doctor",
        "name": "Fondation Médicale Bengolo et Fils",
        "source": "sobzeros",
        "@geometry": "center"
      },
      "geometry": {
        "type": "Point",
        "coordinates": [
          11.5340076,
          3.8717939
        ]
      },
      "id": "way/192821047"
    },
    {
      "type": "Feature",
      "properties": {
        "@id": "way/192821115",
        "amenity": "restaurant",
        "building": "yes",
        "internet_access": "wlan",
        "name": "La Cantine",
        "source": "sobzeros",
        "@geometry": "center"
      },
      "geometry": {
        "type": "Point",
        "coordinates": [
          11.5200416,
          3.8711076
        ]
      },
      "id": "way/192821115"
    },
    {
      "type": "Feature",
      "properties": {
        "@id": "way/192821362",
        "amenity": "hospital",
        "building": "yes",
        "healthcare": "hospital",
        "name": "Hôpital De La Caisse",
        "@geometry": "center"
      },
      "geometry": {
        "type": "Point",
        "coordinates": [
          11.5325605,
          3.871238
        ]
      },
      "id": "way/192821362"
    },
    {
      "type": "Feature",
      "properties": {
        "@id": "way/192821580",
        "alt_name": "Clinic and Maternity",
        "amenity": "clinic",
        "building": "yes",
        "healthcare": "clinic",
        "name": "Clinique et Maternité",
        "source": "sobzeros",
        "@geometry": "center"
      },
      "geometry": {
        "type": "Point",
        "coordinates": [
          11.5317101,
          3.8693217
        ]
      },
      "id": "way/192821580"
    },
    {
      "type": "Feature",
      "properties": {
        "@id": "way/192824506",
        "amenity": "doctors",
        "building": "yes",
        "name": "Centre de Santé Sainte-Thérèse de l'Enfant Jésus;Hopital Sainte Therese De L'enfant Jesus",
        "source": "sobzeros",
        "@geometry": "center"
      },
      "geometry": {
        "type": "Point",
        "coordinates": [
          11.447704,
          3.863566
        ]
      },
      "id": "way/192824506"
    },
    {
      "type": "Feature",
      "properties": {
        "@id": "way/192824575",
        "amenity": "hospital",
        "building": "yes",
        "healthcare": "hospital",
        "name": "Hopital Sainte Thérèse",
        "source": "sobzeros",
        "@geometry": "center"
      },
      "geometry": {
        "type": "Point",
        "coordinates": [
          11.5023621,
          3.8696111
        ]
      },
      "id": "way/192824575"
    },
    {
      "type": "Feature",
      "properties": {
        "@id": "way/192825842",
        "amenity": "doctors",
        "building": "yes",
        "healthcare": "doctor",
        "name": "Centre de Santé Ambulatoire",
        "note:nature": "privé",
        "source": "survey:PFE(IT3) ENSTP Yaounde 2010",
        "@geometry": "center"
      },
      "geometry": {
        "type": "Point",
        "coordinates": [
          11.4863159,
          3.8680625
        ]
      },
      "id": "way/192825842"
    },
    {
      "type": "Feature",
      "properties": {
        "@id": "way/192825990",
        "building": "public",
        "name": "Complexe Madison",
        "source": "PFE(IT3) ENSTP Yaoundé - 2010",
        "tourism": "hotel",
        "@geometry": "center"
      },
      "geometry": {
        "type": "Point",
        "coordinates": [
          11.5438315,
          3.8700341
        ]
      },
      "id": "way/192825990"
    },
    {
      "type": "Feature",
      "properties": {
        "@id": "way/192826174",
        "amenity": "pharmacy",
        "building": "yes",
        "healthcare": "pharmacy",
        "name": "Pharmacie la Rosée",
        "source": "GeoCameroun",
        "@geometry": "center"
      },
      "geometry": {
        "type": "Point",
        "coordinates": [
          11.5343846,
          3.8704082
        ]
      },
      "id": "way/192826174"
    },
    {
      "type": "Feature",
      "properties": {
        "@id": "way/192826288",
        "air_conditioning": "yes",
        "amenity": "restaurant",
        "building": "yes",
        "cuisine": "lebanese;turkish;burger",
        "name": "Seven Hills",
        "opening_hours": "Mo-Su 11:00-00:30",
        "phone": "+237654777222",
        "takeaway": "yes",
        "website": "https://www.instagram.com/sevenhillsyde",
        "@geometry": "center"
      },
      "geometry": {
        "type": "Point",
        "coordinates": [
          11.5235817,
          3.8709584
        ]
      },
      "id": "way/192826288"
    },
    {
      "type": "Feature",
      "properties": {
        "@id": "way/192827303",
        "amenity": "doctors",
        "building": "yes",
        "healthcare": "doctor",
        "name": "Centre de Santé",
        "source": "sobzeros",
        "@geometry": "center"
      },
      "geometry": {
        "type": "Point",
        "coordinates": [
          11.5400945,
          3.8659946
        ]
      },
      "id": "way/192827303"
    },
    {
      "type": "Feature",
      "properties": {
        "@id": "way/192827527",
        "amenity": "pharmacy",
        "building": "yes",
        "healthcare": "pharmacy",
        "name": "Quifferou",
        "shop": "hardware",
        "source": "PFE(IT3) ENSTP Yaoundé - 2010",
        "@geometry": "center"
      },
      "geometry": {
        "type": "Point",
        "coordinates": [
          11.5315165,
          3.8683616
        ]
      },
      "id": "way/192827527"
    },
    {
      "type": "Feature",
      "properties": {
        "@id": "way/192827671",
        "amenity": "doctors",
        "building": "yes",
        "healthcare": "doctor",
        "name": "Gynecologie",
        "source": "sobzeros",
        "@geometry": "center"
      },
      "geometry": {
        "type": "Point",
        "coordinates": [
          11.5330936,
          3.8703534
        ]
      },
      "id": "way/192827671"
    },
    {
      "type": "Feature",
      "properties": {
        "@id": "way/192827989",
        "amenity": "restaurant",
        "building": "yes",
        "cuisine": "regional",
        "@geometry": "center"
      },
      "geometry": {
        "type": "Point",
        "coordinates": [
          11.4867899,
          3.8653467
        ]
      },
      "id": "way/192827989"
    },
    {
      "type": "Feature",
      "properties": {
        "@id": "way/192828135",
        "amenity": "doctors",
        "building": "yes",
        "healthcare": "doctor",
        "name": "Centre de Santé",
        "source": "sobzeros",
        "@geometry": "center"
      },
      "geometry": {
        "type": "Point",
        "coordinates": [
          11.5467491,
          3.8699874
        ]
      },
      "id": "way/192828135"
    },
    {
      "type": "Feature",
      "properties": {
        "@id": "way/192828672",
        "amenity": "doctors",
        "building": "yes",
        "healthcare": "doctor",
        "name": "Centre de Santé Integré",
        "short_name": "CSI",
        "source": "sobzeros",
        "@geometry": "center"
      },
      "geometry": {
        "type": "Point",
        "coordinates": [
          11.5684062,
          3.8683268
        ]
      },
      "id": "way/192828672"
    },
    {
      "type": "Feature",
      "properties": {
        "@id": "way/192829927",
        "building": "yes",
        "name": "Hôtel Printyva",
        "opening_hours": "24/7",
        "phone": "22064400 / 94168938",
        "source": "survey:PFE(IT3) ENSTP Yaounde 2010",
        "stars": "1",
        "tourism": "hotel",
        "@geometry": "center"
      },
      "geometry": {
        "type": "Point",
        "coordinates": [
          11.5486195,
          3.8683173
        ]
      },
      "id": "way/192829927"
    },
    {
      "type": "Feature",
      "properties": {
        "@id": "way/192830355",
        "building": "yes",
        "name": "dort",
        "source": "sobzeros",
        "tourism": "motel",
        "@geometry": "center"
      },
      "geometry": {
        "type": "Point",
        "coordinates": [
          11.501504,
          3.8698854
        ]
      },
      "id": "way/192830355"
    },
    {
      "type": "Feature",
      "properties": {
        "@id": "way/192831072",
        "building": "public",
        "name": "Hôtel",
        "source": "PFE(IT3) ENSTP Yaoundé - 2010",
        "tourism": "hotel",
        "@geometry": "center"
      },
      "geometry": {
        "type": "Point",
        "coordinates": [
          11.5343221,
          3.8716479
        ]
      },
      "id": "way/192831072"
    },
    {
      "type": "Feature",
      "properties": {
        "@id": "way/192831290",
        "addr:city": "Yaoundé",
        "addr:country": "CM",
        "addr:street": "Rue 1.319",
        "building": "public",
        "name": "Hôtel Terminus",
        "opening_hours": "24/7",
        "ref": "BP 4336 YDE",
        "source": "survey:PFE(IT3) ENSTP Yaounde 2010",
        "stars": "2",
        "tourism": "hotel",
        "@geometry": "center"
      },
      "geometry": {
        "type": "Point",
        "coordinates": [
          11.5489761,
          3.867476
        ]
      },
      "id": "way/192831290"
    },
    {
      "type": "Feature",
      "properties": {
        "@id": "way/192831466",
        "amenity": "pharmacy",
        "building": "yes",
        "healthcare": "pharmacy",
        "name": "Pharmacie Saint-Luc",
        "source": "GeoCameroun",
        "@geometry": "center"
      },
      "geometry": {
        "type": "Point",
        "coordinates": [
          11.5319933,
          3.8680767
        ]
      },
      "id": "way/192831466"
    },
    {
      "type": "Feature",
      "properties": {
        "@id": "way/192831506",
        "amenity": "doctors",
        "building": "yes",
        "healthcare": "doctor",
        "name": "Centre de Santé",
        "source": "sobzeros",
        "@geometry": "center"
      },
      "geometry": {
        "type": "Point",
        "coordinates": [
          11.5462313,
          3.8660311
        ]
      },
      "id": "way/192831506"
    },
    {
      "type": "Feature",
      "properties": {
        "@id": "way/192831590",
        "amenity": "doctors",
        "building": "yes",
        "healthcare": "doctor",
        "name": "Centre Médical",
        "source": "sobzeros",
        "@geometry": "center"
      },
      "geometry": {
        "type": "Point",
        "coordinates": [
          11.5410135,
          3.8649119
        ]
      },
      "id": "way/192831590"
    },
    {
      "type": "Feature",
      "properties": {
        "@id": "way/192832060",
        "amenity": "doctors",
        "building": "yes",
        "healthcare": "doctor",
        "name": "Centre de Santé",
        "source": "sobzeros",
        "@geometry": "center"
      },
      "geometry": {
        "type": "Point",
        "coordinates": [
          11.5415881,
          3.8709016
        ]
      },
      "id": "way/192832060"
    },
    {
      "type": "Feature",
      "properties": {
        "@id": "way/192832487",
        "amenity": "doctors",
        "building": "yes",
        "healthcare": "doctor",
        "name": "Association Camerounaise pour la Sauvegarde de la Santé du Démunie",
        "short_name": "ACASSAD",
        "source": "sobzeros",
        "@geometry": "center"
      },
      "geometry": {
        "type": "Point",
        "coordinates": [
          11.5630744,
          3.8680492
        ]
      },
      "id": "way/192832487"
    },
    {
      "type": "Feature",
      "properties": {
        "@id": "way/192832898",
        "amenity": "doctors",
        "building": "yes",
        "healthcare": "doctor",
        "name": "Centre de Santé",
        "source": "sobzeros",
        "@geometry": "center"
      },
      "geometry": {
        "type": "Point",
        "coordinates": [
          11.5532573,
          3.8708802
        ]
      },
      "id": "way/192832898"
    },
    {
      "type": "Feature",
      "properties": {
        "@id": "way/192833008",
        "amenity": "doctors",
        "building": "yes",
        "healthcare": "doctor",
        "name": "Centre de Santé",
        "source": "sobzeros",
        "@geometry": "center"
      },
      "geometry": {
        "type": "Point",
        "coordinates": [
          11.5531658,
          3.8687734
        ]
      },
      "id": "way/192833008"
    },
    {
      "type": "Feature",
      "properties": {
        "@id": "way/192837803",
        "amenity": "restaurant",
        "building": "yes",
        "capacity": "101",
        "name": "Restaurant Populaire",
        "source": "survey:PFE(IT3) ENSTP Yaounde 2010",
        "start_date": "2008",
        "@geometry": "center"
      },
      "geometry": {
        "type": "Point",
        "coordinates": [
          11.5160379,
          3.8627405
        ]
      },
      "id": "way/192837803"
    },
    {
      "type": "Feature",
      "properties": {
        "@id": "way/192837930",
        "building": "hotel",
        "capacity": "22",
        "name": "Central Hotel",
        "stars": "3",
        "tourism": "hotel",
        "@geometry": "center"
      },
      "geometry": {
        "type": "Point",
        "coordinates": [
          11.5185731,
          3.8595282
        ]
      },
      "id": "way/192837930"
    },
    {
      "type": "Feature",
      "properties": {
        "@id": "way/192837934",
        "alt_name": "Chantal Biya Research Center",
        "amenity": "hospital",
        "building": "yes",
        "healthcare": "hospital",
        "name": "Centre International De Référence “Chantal Biya”",
        "operator": "Centre International De Référence “Chantal Biya” Pour La Recherche Sur La Prévention Et La Prise En Charge Du VIH/SIDA",
        "short_name": "CIRCB",
        "source": "sobzeros",
        "@geometry": "center"
      },
      "geometry": {
        "type": "Point",
        "coordinates": [
          11.4977682,
          3.8635465
        ]
      },
      "id": "way/192837934"
    },
    {
      "type": "Feature",
      "properties": {
        "@id": "way/192837976",
        "amenity": "doctors",
        "building": "yes",
        "name": "Centre de Santé Communal",
        "note:nature": "privé",
        "source": "survey:PFE(IT3) ENSTP Yaounde 2010",
        "@geometry": "center"
      },
      "geometry": {
        "type": "Point",
        "coordinates": [
          11.4788564,
          3.861091
        ]
      },
      "id": "way/192837976"
    },
    {
      "type": "Feature",
      "properties": {
        "@id": "way/192838105",
        "amenity": "doctors",
        "building": "yes",
        "name": "Centre de Santé Développé",
        "note:nature": "privé",
        "source": "survey:PFE(IT3) ENSTP Yaounde 2010",
        "@geometry": "center"
      },
      "geometry": {
        "type": "Point",
        "coordinates": [
          11.478139,
          3.8607328
        ]
      },
      "id": "way/192838105"
    },
    {
      "type": "Feature",
      "properties": {
        "@id": "way/192838186",
        "amenity": "doctors",
        "building": "yes",
        "healthcare": "doctor",
        "name": "Centre de Santé",
        "source": "sobzeros",
        "@geometry": "center"
      },
      "geometry": {
        "type": "Point",
        "coordinates": [
          11.5385853,
          3.8644158
        ]
      },
      "id": "way/192838186"
    },
    {
      "type": "Feature",
      "properties": {
        "@id": "way/192838263",
        "amenity": "doctors",
        "building": "yes",
        "name": "Groupement d'Initiative Commune Santé",
        "short_name": "GIC",
        "source": "sobzeros",
        "@geometry": "center"
      },
      "geometry": {
        "type": "Point",
        "coordinates": [
          11.4846768,
          3.8584484
        ]
      },
      "id": "way/192838263"
    },
    {
      "type": "Feature",
      "properties": {
        "@id": "way/192838429",
        "amenity": "restaurant",
        "building": "yes",
        "capacity": "200",
        "name": "Restaurant Municipal le Mfoundi",
        "source": "survey:PFE(IT3) ENSTP Yaounde 2010",
        "start_date": "2008",
        "@geometry": "center"
      },
      "geometry": {
        "type": "Point",
        "coordinates": [
          11.5163093,
          3.8625743
        ]
      },
      "id": "way/192838429"
    },
    {
      "type": "Feature",
      "properties": {
        "@id": "way/192838460",
        "source": "survey:PFE(IT3) ENSTP Yaounde 2010",
        "stars": "3",
        "tourism": "hotel",
        "@geometry": "center"
      },
      "geometry": {
        "type": "Point",
        "coordinates": [
          11.5122195,
          3.86442
        ]
      },
      "id": "way/192838460"
    },
    {
      "type": "Feature",
      "properties": {
        "@id": "way/192838868",
        "building": "yes",
        "name": "Merina Hotel",
        "source": "sobzeros",
        "tourism": "hotel",
        "@geometry": "center"
      },
      "geometry": {
        "type": "Point",
        "coordinates": [
          11.5224901,
          3.8609071
        ]
      },
      "id": "way/192838868"
    },
    {
      "type": "Feature",
      "properties": {
        "@id": "way/192839222",
        "building": "yes",
        "name": "Maison Dominik",
        "tourism": "attraction",
        "@geometry": "center"
      },
      "geometry": {
        "type": "Point",
        "coordinates": [
          11.5148421,
          3.8626633
        ]
      },
      "id": "way/192839222"
    },
    {
      "type": "Feature",
      "properties": {
        "@id": "way/192839326",
        "addr:postcode": "185 Ydï¿½",
        "amenity": "hospital",
        "contact:email": "chdsmp@yahoo.fr",
        "contact:phone": "222129014",
        "name": "Centre Hospitalier Dominicain",
        "religion": "christian",
        "short_name": "CHDSMP",
        "source": "sobzeros",
        "@geometry": "center"
      },
      "geometry": {
        "type": "Point",
        "coordinates": [
          11.4769037,
          3.8602812
        ]
      },
      "id": "way/192839326"
    },
    {
      "type": "Feature",
      "properties": {
        "@id": "way/192839332",
        "building": "yes",
        "name": "Appart hôtel",
        "source": "sobzeros",
        "tourism": "hotel",
        "@geometry": "center"
      },
      "geometry": {
        "type": "Point",
        "coordinates": [
          11.500262,
          3.8633811
        ]
      },
      "id": "way/192839332"
    },
    {
      "type": "Feature",
      "properties": {
        "@id": "way/192839344",
        "amenity": "restaurant",
        "building": "restaurant",
        "name": "Central Hôtel",
        "old_name": "Bleu Blanc Rouge",
        "source": "GeoCameroun",
        "@geometry": "center"
      },
      "geometry": {
        "type": "Point",
        "coordinates": [
          11.5190519,
          3.859152
        ]
      },
      "id": "way/192839344"
    },
    {
      "type": "Feature",
      "properties": {
        "@id": "way/192840097",
        "building": "yes",
        "name": "Hotel Sinaha",
        "source": "PFE(IT3) ENSTP Yaoundé - 2010",
        "tourism": "hostel",
        "wheelchair": "no",
        "@geometry": "center"
      },
      "geometry": {
        "type": "Point",
        "coordinates": [
          11.5003845,
          3.8632062
        ]
      },
      "id": "way/192840097"
    },
    {
      "type": "Feature",
      "properties": {
        "@id": "way/192840355",
        "amenity": "doctors",
        "building": "yes",
        "healthcare": "doctor",
        "name": "Centre Médical",
        "source": "sobzeros",
        "@geometry": "center"
      },
      "geometry": {
        "type": "Point",
        "coordinates": [
          11.5477418,
          3.8591559
        ]
      },
      "id": "way/192840355"
    },
    {
      "type": "Feature",
      "properties": {
        "@id": "way/192840405",
        "building": "yes",
        "name": "Appart",
        "tourism": "motel",
        "@geometry": "center"
      },
      "geometry": {
        "type": "Point",
        "coordinates": [
          11.5003829,
          3.8635042
        ]
      },
      "id": "way/192840405"
    },
    {
      "type": "Feature",
      "properties": {
        "@id": "way/192841273",
        "amenity": "hospital",
        "building": "yes",
        "healthcare": "hospital",
        "name": "Groupement d'Initiative Commune Santé",
        "short_name": "GIC",
        "source": "sobzeros",
        "@geometry": "center"
      },
      "geometry": {
        "type": "Point",
        "coordinates": [
          11.5453566,
          3.8629545
        ]
      },
      "id": "way/192841273"
    },
    {
      "type": "Feature",
      "properties": {
        "@id": "way/192841434",
        "amenity": "doctors",
        "building": "yes",
        "healthcare": "doctor",
        "name": "Centre Medico-Social",
        "source": "sobzeros",
        "@geometry": "center"
      },
      "geometry": {
        "type": "Point",
        "coordinates": [
          11.5042976,
          3.8581095
        ]
      },
      "id": "way/192841434"
    },
    {
      "type": "Feature",
      "properties": {
        "@id": "way/192841591",
        "name": "ORLY Hôtel",
        "opening_hours": "24/7",
        "phone": "77612774",
        "source": "survey:PFE(IT3) ENSTP Yaounde 2010",
        "stars": "1",
        "tourism": "hotel",
        "@geometry": "center"
      },
      "geometry": {
        "type": "Point",
        "coordinates": [
          11.5429789,
          3.8578177
        ]
      },
      "id": "way/192841591"
    },
    {
      "type": "Feature",
      "properties": {
        "@id": "way/192841754",
        "amenity": "doctors",
        "building": "yes",
        "healthcare": "doctor",
        "name": "Centre de Santé",
        "source": "sobzeros",
        "@geometry": "center"
      },
      "geometry": {
        "type": "Point",
        "coordinates": [
          11.5486028,
          3.8584689
        ]
      },
      "id": "way/192841754"
    },
    {
      "type": "Feature",
      "properties": {
        "@id": "way/192842105",
        "building": "yes",
        "name": "Animaux empaillés",
        "name:en": "Stuffed Animals",
        "tourism": "museum",
        "@geometry": "center"
      },
      "geometry": {
        "type": "Point",
        "coordinates": [
          11.4878007,
          3.8648282
        ]
      },
      "id": "way/192842105"
    },
    {
      "type": "Feature",
      "properties": {
        "@id": "way/192842191",
        "amenity": "doctors",
        "building": "yes",
        "healthcare": "doctor",
        "name": "Centre de Santé de Base",
        "note:nature": "privé",
        "source": "survey:PFE(IT3) ENSTP Yaounde 2010",
        "@geometry": "center"
      },
      "geometry": {
        "type": "Point",
        "coordinates": [
          11.4890864,
          3.8642867
        ]
      },
      "id": "way/192842191"
    },
    {
      "type": "Feature",
      "properties": {
        "@id": "way/192842236",
        "building": "public",
        "name": "Hôtel Manga",
        "opening_hours": "24/7",
        "phone": "22177819",
        "source": "survey:PFE(IT3) ENSTP Yaounde 2010",
        "stars": "1",
        "tourism": "hotel",
        "@geometry": "center"
      },
      "geometry": {
        "type": "Point",
        "coordinates": [
          11.5492236,
          3.8582609
        ]
      },
      "id": "way/192842236"
    },
    {
      "type": "Feature",
      "properties": {
        "@id": "way/192842478",
        "amenity": "doctors",
        "building": "yes",
        "healthcare": "doctor",
        "name": "Centre de Santé",
        "source": "sobzeros",
        "@geometry": "center"
      },
      "geometry": {
        "type": "Point",
        "coordinates": [
          11.5542101,
          3.8608239
        ]
      },
      "id": "way/192842478"
    },
    {
      "type": "Feature",
      "properties": {
        "@id": "way/192842563",
        "building": "yes",
        "name": "Hôtel Venus",
        "opening_hours": "24/7",
        "source": "survey:PFE(IT3) ENSTP Yaounde 2010",
        "tourism": "hotel",
        "@geometry": "center"
      },
      "geometry": {
        "type": "Point",
        "coordinates": [
          11.5354523,
          3.8601671
        ]
      },
      "id": "way/192842563"
    },
    {
      "type": "Feature",
      "properties": {
        "@id": "way/192842567",
        "addr:postcode": "12421 Ydï¿½",
        "amenity": "clinic",
        "building": "yes",
        "contact:email": "cliniqueCSC@gmail.com",
        "contact:phone": "222220782",
        "contact:website": "www.saintececile.com",
        "healthcare": "clinic",
        "name": "Clinique sainte cecile",
        "@geometry": "center"
      },
      "geometry": {
        "type": "Point",
        "coordinates": [
          11.5412092,
          3.8643295
        ]
      },
      "id": "way/192842567"
    },
    {
      "type": "Feature",
      "properties": {
        "@id": "way/192842780",
        "amenity": "doctors",
        "building": "yes",
        "healthcare": "doctor",
        "name": "Centre de Santé",
        "source": "sobzeros",
        "@geometry": "center"
      },
      "geometry": {
        "type": "Point",
        "coordinates": [
          11.5443702,
          3.8599602
        ]
      },
      "id": "way/192842780"
    },
    {
      "type": "Feature",
      "properties": {
        "@id": "way/192843813",
        "amenity": "pharmacy",
        "building": "yes",
        "healthcare": "pharmacy",
        "name": "Pharmacie du 20 Mai",
        "source": "GeoCameroun",
        "@geometry": "center"
      },
      "geometry": {
        "type": "Point",
        "coordinates": [
          11.5194778,
          3.8627988
        ]
      },
      "id": "way/192843813"
    },
    {
      "type": "Feature",
      "properties": {
        "@id": "way/192843851",
        "building": "yes",
        "name": "Hôtel Palace",
        "opening_hours": "24/7",
        "phone": "22237681",
        "ref": "BP 7273 YDE",
        "source": "survey:PFE(IT3) ENSTP Yaounde 2010",
        "stars": "1",
        "tourism": "hotel",
        "@geometry": "center"
      },
      "geometry": {
        "type": "Point",
        "coordinates": [
          11.5484101,
          3.8643707
        ]
      },
      "id": "way/192843851"
    },
    {
      "type": "Feature",
      "properties": {
        "@id": "way/192843865",
        "addr:street": "Rue de l'Université",
        "amenity": "pharmacy",
        "building": "yes",
        "dispensing": "yes",
        "healthcare": "pharmacy",
        "name": "Pharmacie de l'Universite",
        "source": "sobzeros",
        "@geometry": "center"
      },
      "geometry": {
        "type": "Point",
        "coordinates": [
          11.5044198,
          3.8595544
        ]
      },
      "id": "way/192843865"
    },
    {
      "type": "Feature",
      "properties": {
        "@id": "way/192843875",
        "amenity": "doctors",
        "building": "yes",
        "healthcare": "doctor",
        "name": "Cabinet des soins des professionnels sans frontiéres",
        "note:nature": "privé",
        "source": "survey:PFE(IT3) ENSTP Yaounde 2010",
        "@geometry": "center"
      },
      "geometry": {
        "type": "Point",
        "coordinates": [
          11.4781448,
          3.85253
        ]
      },
      "id": "way/192843875"
    },
    {
      "type": "Feature",
      "properties": {
        "@id": "way/192843951",
        "building": "yes",
        "name": "Exotic Hill",
        "source": "PFE(IT3) ENSTP Yaoundé - 2010",
        "tourism": "hotel",
        "@geometry": "center"
      },
      "geometry": {
        "type": "Point",
        "coordinates": [
          11.4903892,
          3.8550743
        ]
      },
      "id": "way/192843951"
    },
    {
      "type": "Feature",
      "properties": {
        "@id": "way/192844359",
        "amenity": "hospital",
        "building": "yes",
        "healthcare": "hospital",
        "name": "Centre Medical d'Arrondissement",
        "short_name": "CMA",
        "source": "sobzeros",
        "@geometry": "center"
      },
      "geometry": {
        "type": "Point",
        "coordinates": [
          11.486846,
          3.863323
        ]
      },
      "id": "way/192844359"
    },
    {
      "type": "Feature",
      "properties": {
        "@id": "way/192844469",
        "amenity": "doctors",
        "building": "yes",
        "healthcare": "doctor",
        "name": "Cabinet de soins bon secours plus",
        "note:nature": "privé",
        "source": "survey:PFE(IT3) ENSTP Yaounde 2010",
        "@geometry": "center"
      },
      "geometry": {
        "type": "Point",
        "coordinates": [
          11.479164,
          3.8523495
        ]
      },
      "id": "way/192844469"
    },
    {
      "type": "Feature",
      "properties": {
        "@id": "way/192844490",
        "building": "yes",
        "capacity": "18",
        "check_date": "2024-12-08",
        "name": "Chat Blanc",
        "source": "survey:PFE(IT3) ENSTP Yaounde 2010",
        "start_date": "2006",
        "tourism": "hotel",
        "@geometry": "center"
      },
      "geometry": {
        "type": "Point",
        "coordinates": [
          11.487896,
          3.8513954
        ]
      },
      "id": "way/192844490"
    },
    {
      "type": "Feature",
      "properties": {
        "@id": "way/192844498",
        "amenity": "doctors",
        "building": "yes",
        "healthcare": "doctor",
        "name": "Centre de Santé",
        "source": "sobzeros",
        "@geometry": "center"
      },
      "geometry": {
        "type": "Point",
        "coordinates": [
          11.4825514,
          3.8583843
        ]
      },
      "id": "way/192844498"
    },
    {
      "type": "Feature",
      "properties": {
        "@id": "way/192844536",
        "amenity": "doctors",
        "building": "yes",
        "healthcare": "doctor",
        "name": "Centre de Santé",
        "source": "sobzeros",
        "@geometry": "center"
      },
      "geometry": {
        "type": "Point",
        "coordinates": [
          11.5384157,
          3.8611887
        ]
      },
      "id": "way/192844536"
    },
    {
      "type": "Feature",
      "properties": {
        "@id": "way/192844896",
        "building": "yes",
        "name": "Le Samaritain",
        "source": "PFE(IT3) ENSTP Yaoundé - 2010",
        "tourism": "hotel",
        "@geometry": "center"
      },
      "geometry": {
        "type": "Point",
        "coordinates": [
          11.4476312,
          3.8537436
        ]
      },
      "id": "way/192844896"
    },
    {
      "type": "Feature",
      "properties": {
        "@id": "way/192845097",
        "amenity": "doctors",
        "building": "yes",
        "healthcare": "doctor",
        "name": "Centre de Santé",
        "source": "sobzeros",
        "@geometry": "center"
      },
      "geometry": {
        "type": "Point",
        "coordinates": [
          11.5457326,
          3.8629015
        ]
      },
      "id": "way/192845097"
    },
    {
      "type": "Feature",
      "properties": {
        "@id": "way/192846405",
        "building": "public",
        "name": "Dolcena Palace Hôtel",
        "opening_hours": "24/7",
        "phone": "22229419",
        "source": "survey:PFE(IT3) ENSTP Yaounde 2010",
        "stars": "3",
        "tourism": "hotel",
        "@geometry": "center"
      },
      "geometry": {
        "type": "Point",
        "coordinates": [
          11.5537012,
          3.8626174
        ]
      },
      "id": "way/192846405"
    },
    {
      "type": "Feature",
      "properties": {
        "@id": "way/192847230",
        "building": "public",
        "name": "GIC Tourisme",
        "source": "PFE(IT3) ENSTP Yaoundé - 2010",
        "tourism": "hotel",
        "@geometry": "center"
      },
      "geometry": {
        "type": "Point",
        "coordinates": [
          11.5465446,
          3.8590226
        ]
      },
      "id": "way/192847230"
    },
    {
      "type": "Feature",
      "properties": {
        "@id": "way/192847660",
        "building": "yes",
        "name": "La fierte",
        "opening_hours": "24/7",
        "source": "survey:PFE(IT3) ENSTP Yaounde 2010",
        "tourism": "motel",
        "@geometry": "center"
      },
      "geometry": {
        "type": "Point",
        "coordinates": [
          11.5487078,
          3.8640682
        ]
      },
      "id": "way/192847660"
    },
    {
      "type": "Feature",
      "properties": {
        "@id": "way/192847968",
        "building": "yes",
        "contact:phone": "670835007/699760780",
        "name": "HOTEL WAMNDON",
        "source": "sobzeros",
        "tourism": "hotel",
        "@geometry": "center"
      },
      "geometry": {
        "type": "Point",
        "coordinates": [
          11.4930432,
          3.8540663
        ]
      },
      "id": "way/192847968"
    },
    {
      "type": "Feature",
      "properties": {
        "@id": "way/192848196",
        "amenity": "doctors",
        "building": "yes",
        "healthcare": "doctor",
        "name": "SAPATO",
        "short_name": "SAPATO",
        "source": "sobzeros",
        "@geometry": "center"
      },
      "geometry": {
        "type": "Point",
        "coordinates": [
          11.555856,
          3.8589008
        ]
      },
      "id": "way/192848196"
    },
    {
      "type": "Feature",
      "properties": {
        "@id": "way/192848713",
        "amenity": "doctors",
        "building": "yes",
        "healthcare": "doctor",
        "name": "Haward la Patience Ahead",
        "note:nature": "privé",
        "source": "survey:PFE(IT3) ENSTP Yaounde 2010",
        "@geometry": "center"
      },
      "geometry": {
        "type": "Point",
        "coordinates": [
          11.4791638,
          3.8539065
        ]
      },
      "id": "way/192848713"
    },
    {
      "type": "Feature",
      "properties": {
        "@id": "way/192848999",
        "building": "yes",
        "capacity": "15",
        "name": "Dany Motel",
        "source": "survey:PFE(IT3) ENSTP Yaounde 2010",
        "stars": "1",
        "start_date": "1993",
        "tourism": "motel",
        "@geometry": "center"
      },
      "geometry": {
        "type": "Point",
        "coordinates": [
          11.4904962,
          3.8561981
        ]
      },
      "id": "way/192848999"
    },
    {
      "type": "Feature",
      "properties": {
        "@id": "way/192849613",
        "building": "yes",
        "capacity": "22",
        "name": "Grand Canari",
        "source": "survey:PFE(IT3) ENSTP Yaounde 2010",
        "start_date": "2007",
        "tourism": "hotel",
        "@geometry": "center"
      },
      "geometry": {
        "type": "Point",
        "coordinates": [
          11.4886212,
          3.8552969
        ]
      },
      "id": "way/192849613"
    },
    {
      "type": "Feature",
      "properties": {
        "@id": "way/192850419",
        "amenity": "pharmacy",
        "building": "yes",
        "healthcare": "pharmacy",
        "source": "PFE(IT3) ENSTP Yaoundé - 2010",
        "@geometry": "center"
      },
      "geometry": {
        "type": "Point",
        "coordinates": [
          11.5224716,
          3.8572465
        ]
      },
      "id": "way/192850419"
    },
    {
      "type": "Feature",
      "properties": {
        "@id": "way/192850788",
        "building": "yes",
        "name": "R. st sebastien",
        "opening_hours": "24/7",
        "phone": "22193823",
        "source": "survey:PFE(IT3) ENSTP Yaounde 2010",
        "tourism": "motel",
        "@geometry": "center"
      },
      "geometry": {
        "type": "Point",
        "coordinates": [
          11.5354402,
          3.8570426
        ]
      },
      "id": "way/192850788"
    },
    {
      "type": "Feature",
      "properties": {
        "@id": "way/192851126",
        "building": "yes",
        "name": "Grand",
        "source": "sobzeros",
        "tourism": "hotel",
        "@geometry": "center"
      },
      "geometry": {
        "type": "Point",
        "coordinates": [
          11.5179163,
          3.8551923
        ]
      },
      "id": "way/192851126"
    },
    {
      "type": "Feature",
      "properties": {
        "@id": "way/192851175",
        "addr:postcode": "2697",
        "addr:street": "Avenue Charles Atangana",
        "building": "hotel",
        "building:levels": "3",
        "capacity": "30",
        "contact:email": "infosprestigehotel@yahoo.fr",
        "contact:fax": "22226040",
        "contact:phone": "222226055",
        "name": "PRESTIGE HOTEL Olï¿½zoa",
        "source": "survey:PFE(IT3) ENSTP Yaounde 2010",
        "tourism": "hotel",
        "@geometry": "center"
      },
      "geometry": {
        "type": "Point",
        "coordinates": [
          11.5203775,
          3.8553203
        ]
      },
      "id": "way/192851175"
    },
    {
      "type": "Feature",
      "properties": {
        "@id": "way/192851295",
        "building": "yes",
        "name": "Fraicheur Hôtel",
        "opening_hours": "24/7",
        "phone": "22228005",
        "ref": "BP 4707 YDE",
        "source": "survey:PFE(IT3) ENSTP Yaounde 2010",
        "tourism": "hotel",
        "@geometry": "center"
      },
      "geometry": {
        "type": "Point",
        "coordinates": [
          11.5233462,
          3.8540591
        ]
      },
      "id": "way/192851295"
    },
    {
      "type": "Feature",
      "properties": {
        "@id": "way/192851834",
        "amenity": "doctors",
        "building": "yes",
        "name": "Centre de Santé",
        "source": "sobzeros",
        "@geometry": "center"
      },
      "geometry": {
        "type": "Point",
        "coordinates": [
          11.5285983,
          3.85677
        ]
      },
      "id": "way/192851834"
    },
    {
      "type": "Feature",
      "properties": {
        "@id": "way/192852715",
        "amenity": "doctors",
        "building": "yes",
        "healthcare": "doctor",
        "name": "Centre de Santé",
        "source": "sobzeros",
        "@geometry": "center"
      },
      "geometry": {
        "type": "Point",
        "coordinates": [
          11.533872,
          3.8520062
        ]
      },
      "id": "way/192852715"
    },
    {
      "type": "Feature",
      "properties": {
        "@id": "way/192852783",
        "amenity": "doctors",
        "building": "yes",
        "name": "Centre médical de la brigade du Quartier Général",
        "source": "sobzeros",
        "@geometry": "center"
      },
      "geometry": {
        "type": "Point",
        "coordinates": [
          11.5050654,
          3.851104
        ]
      },
      "id": "way/192852783"
    },
    {
      "type": "Feature",
      "properties": {
        "@id": "way/192852855",
        "building": "yes",
        "name": "Hôtel Delta",
        "opening_hours": "24/7",
        "phone": "22304488",
        "ref": "BP 4336 YDE",
        "source": "survey:PFE(IT3) ENSTP Yaounde 2010",
        "stars": "1",
        "tourism": "hotel",
        "@geometry": "center"
      },
      "geometry": {
        "type": "Point",
        "coordinates": [
          11.5355158,
          3.853084
        ]
      },
      "id": "way/192852855"
    },
    {
      "type": "Feature",
      "properties": {
        "@id": "way/192852955",
        "amenity": "pharmacy",
        "building": "yes",
        "healthcare": "pharmacy",
        "name": "Pharmacie Theriaque",
        "operator": "Dr ADA",
        "phone": "22306325",
        "source": "survey:PFE(IT3) ENSTP Yaounde 2010",
        "@geometry": "center"
      },
      "geometry": {
        "type": "Point",
        "coordinates": [
          11.5358543,
          3.8522755
        ]
      },
      "id": "way/192852955"
    },
    {
      "type": "Feature",
      "properties": {
        "@id": "way/192853125",
        "amenity": "hospital",
        "building": "yes",
        "healthcare": "hospital",
        "name": "Hôpital Militaire",
        "source": "sobzeros",
        "wheelchair": "yes",
        "@geometry": "center"
      },
      "geometry": {
        "type": "Point",
        "coordinates": [
          11.5173674,
          3.8540871
        ]
      },
      "id": "way/192853125"
    },
    {
      "type": "Feature",
      "properties": {
        "@id": "way/192853910",
        "amenity": "hospital",
        "building": "yes",
        "healthcare": "hospital",
        "name": "Garnison militaire",
        "source": "GeoCameroun",
        "wheelchair": "yes",
        "@geometry": "center"
      },
      "geometry": {
        "type": "Point",
        "coordinates": [
          11.5170317,
          3.8542865
        ]
      },
      "id": "way/192853910"
    },
    {
      "type": "Feature",
      "properties": {
        "@id": "way/192854381",
        "building": "commercial",
        "name": "Hôtel les Ancêtres",
        "source": "sobzeros",
        "tourism": "hotel",
        "@geometry": "center"
      },
      "geometry": {
        "type": "Point",
        "coordinates": [
          11.5043369,
          3.8563149
        ]
      },
      "id": "way/192854381"
    },
    {
      "type": "Feature",
      "properties": {
        "@id": "way/192854426",
        "building": "public",
        "name": "Résidence Chef NKONDENGUI",
        "source": "PFE(IT3) ENSTP Yaoundé - 2010",
        "tourism": "hotel",
        "@geometry": "center"
      },
      "geometry": {
        "type": "Point",
        "coordinates": [
          11.5310955,
          3.852674
        ]
      },
      "id": "way/192854426"
    },
    {
      "type": "Feature",
      "properties": {
        "@id": "way/192854687",
        "building": "yes",
        "name": "Auberge de la Paix",
        "opening_hours": "24/7",
        "source": "survey:PFE(IT3) ENSTP Yaounde 2010",
        "tourism": "motel",
        "@geometry": "center"
      },
      "geometry": {
        "type": "Point",
        "coordinates": [
          11.5224538,
          3.8566421
        ]
      },
      "id": "way/192854687"
    },
    {
      "type": "Feature",
      "properties": {
        "@id": "way/192856501",
        "amenity": "hospital",
        "building": "yes",
        "healthcare": "hospital",
        "name": "Fondation médecine d'Afrique",
        "note:nature": "privé",
        "source": "survey:PFE(IT3) ENSTP Yaounde 2010",
        "@geometry": "center"
      },
      "geometry": {
        "type": "Point",
        "coordinates": [
          11.4859222,
          3.8368686
        ]
      },
      "id": "way/192856501"
    },
    {
      "type": "Feature",
      "properties": {
        "@id": "way/192857169",
        "amenity": "doctors",
        "building": "yes",
        "healthcare": "doctor",
        "name": "Centre de Santé \"Le Polyvalent\"",
        "source": "sobzeros",
        "@geometry": "center"
      },
      "geometry": {
        "type": "Point",
        "coordinates": [
          11.4730161,
          3.8367417
        ]
      },
      "id": "way/192857169"
    },
    {
      "type": "Feature",
      "properties": {
        "@id": "way/192857277",
        "amenity": "clinic",
        "building": "yes",
        "name": "ONG Nofowop CEMEST",
        "note:nature": "privé",
        "source": "survey:PFE(IT3) ENSTP Yaounde 2010",
        "@geometry": "center"
      },
      "geometry": {
        "type": "Point",
        "coordinates": [
          11.4603536,
          3.8385848
        ]
      },
      "id": "way/192857277"
    },
    {
      "type": "Feature",
      "properties": {
        "@id": "way/192857883",
        "amenity": "doctors",
        "building": "yes",
        "healthcare": "doctor",
        "name": "Centre de Santé",
        "note:nature": "privé",
        "source": "survey:PFE(IT3) ENSTP Yaounde 2010",
        "@geometry": "center"
      },
      "geometry": {
        "type": "Point",
        "coordinates": [
          11.4769464,
          3.8412181
        ]
      },
      "id": "way/192857883"
    },
    {
      "type": "Feature",
      "properties": {
        "@id": "way/192857898",
        "amenity": "doctors",
        "building": "yes",
        "healthcare": "hospital",
        "name": "Centre d'imagerie médicale",
        "note:nature": "privé",
        "source": "survey:PFE(IT3) ENSTP Yaounde 2010",
        "@geometry": "center"
      },
      "geometry": {
        "type": "Point",
        "coordinates": [
          11.4888717,
          3.8363911
        ]
      },
      "id": "way/192857898"
    },
    {
      "type": "Feature",
      "properties": {
        "@id": "way/192860585",
        "amenity": "hospital",
        "building": "yes",
        "name": "Centre d'accueil AGOJFIDA",
        "note:nature": "privé",
        "source": "survey:PFE(IT3) ENSTP Yaounde 2010",
        "@geometry": "center"
      },
      "geometry": {
        "type": "Point",
        "coordinates": [
          11.4624451,
          3.8433068
        ]
      },
      "id": "way/192860585"
    },
    {
      "type": "Feature",
      "properties": {
        "@id": "way/192860947",
        "amenity": "doctors",
        "building": "yes",
        "healthcare": "doctor",
        "name": "Centre de Santé Lumiére",
        "note:nature": "privé",
        "source": "survey:PFE(IT3) ENSTP Yaounde 2010",
        "@geometry": "center"
      },
      "geometry": {
        "type": "Point",
        "coordinates": [
          11.485746,
          3.8364687
        ]
      },
      "id": "way/192860947"
    },
    {
      "type": "Feature",
      "properties": {
        "@id": "way/192861066",
        "amenity": "doctors",
        "building": "yes",
        "name": "Cabinet de soins de l'humanité",
        "note:nature": "privé",
        "source": "survey:PFE(IT3) ENSTP Yaounde 2010",
        "@geometry": "center"
      },
      "geometry": {
        "type": "Point",
        "coordinates": [
          11.4628504,
          3.8385978
        ]
      },
      "id": "way/192861066"
    },
    {
      "type": "Feature",
      "properties": {
        "@id": "way/192861473",
        "building": "yes",
        "name": "Auberge",
        "source": "PFE(IT3) ENSTP Yaoundé - 2010",
        "tourism": "motel",
        "@geometry": "center"
      },
      "geometry": {
        "type": "Point",
        "coordinates": [
          11.4818673,
          3.8412977
        ]
      },
      "id": "way/192861473"
    },
    {
      "type": "Feature",
      "properties": {
        "@id": "way/192865173",
        "amenity": "hospital",
        "building": "yes",
        "healthcare": "hospital",
        "name": "Polyclinique Mbarga",
        "source": "sobzeros",
        "@geometry": "center"
      },
      "geometry": {
        "type": "Point",
        "coordinates": [
          11.5181955,
          3.8473312
        ]
      },
      "id": "way/192865173"
    },
    {
      "type": "Feature",
      "properties": {
        "@id": "way/192865248",
        "amenity": "doctors",
        "building": "yes",
        "healthcare": "doctor",
        "name": "Centre de Santé",
        "source": "sobzeros",
        "@geometry": "center"
      },
      "geometry": {
        "type": "Point",
        "coordinates": [
          11.5550423,
          3.8509836
        ]
      },
      "id": "way/192865248"
    },
    {
      "type": "Feature",
      "properties": {
        "@id": "way/192865269",
        "building": "public",
        "name": "Ciraton Hôtel",
        "opening_hours": "24/7",
        "phone": "22125848",
        "ref": "BP 16091 YDE",
        "source": "survey:PFE(IT3) ENSTP Yaounde 2010",
        "stars": "1",
        "tourism": "hotel",
        "@geometry": "center"
      },
      "geometry": {
        "type": "Point",
        "coordinates": [
          11.5545795,
          3.8477771
        ]
      },
      "id": "way/192865269"
    },
    {
      "type": "Feature",
      "properties": {
        "@id": "way/192865796",
        "amenity": "pharmacy",
        "building": "yes",
        "healthcare": "pharmacy",
        "name": "Pharmacie des Capucines",
        "source": "survey:PFE(IT3) ENSTP Yaounde 2010",
        "@geometry": "center"
      },
      "geometry": {
        "type": "Point",
        "coordinates": [
          11.5215103,
          3.8493537
        ]
      },
      "id": "way/192865796"
    },
    {
      "type": "Feature",
      "properties": {
        "@id": "way/192866365",
        "addr:city": "Yaounde",
        "addr:country": "CM",
        "addr:postcode": "B.P. 2697",
        "building": "public",
        "contact:phone": "222318960",
        "name": "Prestige Hotel Plus",
        "source": "sobzeros",
        "tourism": "hotel",
        "@geometry": "center"
      },
      "geometry": {
        "type": "Point",
        "coordinates": [
          11.4860122,
          3.8490288
        ]
      },
      "id": "way/192866365"
    },
    {
      "type": "Feature",
      "properties": {
        "@id": "way/192866709",
        "amenity": "doctors",
        "building": "yes",
        "healthcare": "doctor",
        "name": "Centre de Santé",
        "source": "sobzeros",
        "@geometry": "center"
      },
      "geometry": {
        "type": "Point",
        "coordinates": [
          11.5472232,
          3.8451284
        ]
      },
      "id": "way/192866709"
    },
    {
      "type": "Feature",
      "properties": {
        "@id": "way/192866789",
        "amenity": "doctors",
        "building": "yes",
        "healthcare": "doctor",
        "name": "Cabinet medical la vision",
        "note:nature": "privé",
        "source": "survey:PFE(IT3) ENSTP Yaounde 2010",
        "@geometry": "center"
      },
      "geometry": {
        "type": "Point",
        "coordinates": [
          11.4817272,
          3.8496255
        ]
      },
      "id": "way/192866789"
    },
    {
      "type": "Feature",
      "properties": {
        "@id": "way/192867411",
        "building": "yes",
        "name": "MOAN NNAM",
        "source": "PFE(IT3) ENSTP Yaoundé - 2010",
        "tourism": "hotel",
        "@geometry": "center"
      },
      "geometry": {
        "type": "Point",
        "coordinates": [
          11.518927,
          3.8488305
        ]
      },
      "id": "way/192867411"
    },
    {
      "type": "Feature",
      "properties": {
        "@id": "way/192867508",
        "building": "yes",
        "name": "La Baleine",
        "opening_hours": "24/7",
        "phone": "22102336",
        "ref": "BP 15149 YDE",
        "source": "survey:PFE(IT3) ENSTP Yaounde 2010",
        "tourism": "motel",
        "@geometry": "center"
      },
      "geometry": {
        "type": "Point",
        "coordinates": [
          11.5403784,
          3.843887
        ]
      },
      "id": "way/192867508"
    },
    {
      "type": "Feature",
      "properties": {
        "@id": "way/192868616",
        "building": "public",
        "name": "Hôtel Le Motan",
        "source": "PFE(IT3) ENSTP Yaoundé - 2010",
        "tourism": "hotel",
        "@geometry": "center"
      },
      "geometry": {
        "type": "Point",
        "coordinates": [
          11.5540413,
          3.8500285
        ]
      },
      "id": "way/192868616"
    },
    {
      "type": "Feature",
      "properties": {
        "@id": "way/192868646",
        "amenity": "doctors",
        "building": "yes",
        "healthcare": "doctor",
        "name": "Centre de Santé",
        "source": "sobzeros",
        "@geometry": "center"
      },
      "geometry": {
        "type": "Point",
        "coordinates": [
          11.5399473,
          3.8541905
        ]
      },
      "id": "way/192868646"
    },
    {
      "type": "Feature",
      "properties": {
        "@id": "way/192869267",
        "building": "yes",
        "name": "Motel El Dorado de Nkomo",
        "opening_hours": "24/7",
        "source": "survey:PFE(IT3) ENSTP Yaounde 2010",
        "tourism": "motel",
        "@geometry": "center"
      },
      "geometry": {
        "type": "Point",
        "coordinates": [
          11.5543522,
          3.84695
        ]
      },
      "id": "way/192869267"
    },
    {
      "type": "Feature",
      "properties": {
        "@id": "way/192869819",
        "amenity": "doctors",
        "building": "yes",
        "healthcare": "doctor",
        "name": "Laboratoire",
        "source": "sobzeros",
        "@geometry": "center"
      },
      "geometry": {
        "type": "Point",
        "coordinates": [
          11.5458865,
          3.8451055
        ]
      },
      "id": "way/192869819"
    },
    {
      "type": "Feature",
      "properties": {
        "@id": "way/192870461",
        "amenity": "doctors",
        "building": "yes",
        "healthcare": "doctor",
        "name": "Centre de Santé",
        "note:nature": "privé",
        "source": "survey:PFE(IT3) ENSTP Yaounde 2010",
        "@geometry": "center"
      },
      "geometry": {
        "type": "Point",
        "coordinates": [
          11.4828674,
          3.8452493
        ]
      },
      "id": "way/192870461"
    },
    {
      "type": "Feature",
      "properties": {
        "@id": "way/192870558",
        "amenity": "doctors",
        "building": "yes",
        "healthcare": "doctor",
        "name": "Centre de Santé",
        "note:nature": "privé",
        "source": "survey:PFE(IT3) ENSTP Yaounde 2010",
        "@geometry": "center"
      },
      "geometry": {
        "type": "Point",
        "coordinates": [
          11.4813921,
          3.8466177
        ]
      },
      "id": "way/192870558"
    },
    {
      "type": "Feature",
      "properties": {
        "@id": "way/192871971",
        "amenity": "doctors",
        "building": "yes",
        "healthcare": "doctor",
        "name": "Centre de Santé",
        "source": "sobzeros",
        "@geometry": "center"
      },
      "geometry": {
        "type": "Point",
        "coordinates": [
          11.5636387,
          3.849108
        ]
      },
      "id": "way/192871971"
    },
    {
      "type": "Feature",
      "properties": {
        "@id": "way/192873028",
        "building": "public",
        "name": "Hôtel Mandannou",
        "opening_hours": "24/7",
        "source": "survey:PFE(IT3) ENSTP Yaounde 2010",
        "stars": "1",
        "tourism": "hotel",
        "@geometry": "center"
      },
      "geometry": {
        "type": "Point",
        "coordinates": [
          11.5489936,
          3.8542894
        ]
      },
      "id": "way/192873028"
    },
    {
      "type": "Feature",
      "properties": {
        "@id": "way/192874285",
        "amenity": "pharmacy",
        "building": "yes",
        "healthcare": "pharmacy",
        "name": "Pharmacie Ekounou",
        "phone": "22306778",
        "source": "survey:PFE(IT3) ENSTP Yaounde 2010",
        "@geometry": "center"
      },
      "geometry": {
        "type": "Point",
        "coordinates": [
          11.5399051,
          3.8439552
        ]
      },
      "id": "way/192874285"
    },
    {
      "type": "Feature",
      "properties": {
        "@id": "way/192875003",
        "amenity": "doctors",
        "building": "yes",
        "healthcare": "doctor",
        "name": "Centre de Santé",
        "@geometry": "center"
      },
      "geometry": {
        "type": "Point",
        "coordinates": [
          11.5220045,
          3.8460158
        ]
      },
      "id": "way/192875003"
    },
    {
      "type": "Feature",
      "properties": {
        "@id": "way/192875057",
        "amenity": "doctors",
        "building": "yes",
        "healthcare": "doctor",
        "name": "Centre de Santé",
        "@geometry": "center"
      },
      "geometry": {
        "type": "Point",
        "coordinates": [
          11.5466471,
          3.8490732
        ]
      },
      "id": "way/192875057"
    },
    {
      "type": "Feature",
      "properties": {
        "@id": "way/192875146",
        "addr:street": "Rue André Amougou",
        "amenity": "pharmacy",
        "building": "yes",
        "healthcare": "pharmacy",
        "name": "Pharmacie Ekounou",
        "phone": "+237 222 30 67 78",
        "@geometry": "center"
      },
      "geometry": {
        "type": "Point",
        "coordinates": [
          11.5405234,
          3.8440469
        ]
      },
      "id": "way/192875146"
    },
    {
      "type": "Feature",
      "properties": {
        "@id": "way/192875449",
        "amenity": "doctors",
        "building": "yes",
        "healthcare": "doctor",
        "name": "Centre Médical",
        "source": "sobzeros",
        "@geometry": "center"
      },
      "geometry": {
        "type": "Point",
        "coordinates": [
          11.5462856,
          3.845584
        ]
      },
      "id": "way/192875449"
    },
    {
      "type": "Feature",
      "properties": {
        "@id": "way/192876114",
        "amenity": "doctors",
        "building": "yes",
        "healthcare": "doctor",
        "name": "Centre de Santé",
        "note:nature": "privé",
        "source": "survey:PFE(IT3) ENSTP Yaounde 2010",
        "@geometry": "center"
      },
      "geometry": {
        "type": "Point",
        "coordinates": [
          11.4820328,
          3.8475944
        ]
      },
      "id": "way/192876114"
    },
    {
      "type": "Feature",
      "properties": {
        "@id": "way/192876603",
        "amenity": "doctors",
        "building": "yes",
        "healthcare": "doctor",
        "name": "Centre de Santé Ambulatoire",
        "note:nature": "privé",
        "source": "survey:PFE(IT3) ENSTP Yaounde 2010",
        "@geometry": "center"
      },
      "geometry": {
        "type": "Point",
        "coordinates": [
          11.4863345,
          3.8464502
        ]
      },
      "id": "way/192876603"
    },
    {
      "type": "Feature",
      "properties": {
        "@id": "way/192876728",
        "amenity": "doctors",
        "building": "yes",
        "healthcare": "doctor",
        "name": "Centre Médico Social",
        "source": "sobzeros",
        "@geometry": "center"
      },
      "geometry": {
        "type": "Point",
        "coordinates": [
          11.5254679,
          3.8468832
        ]
      },
      "id": "way/192876728"
    },
    {
      "type": "Feature",
      "properties": {
        "@id": "way/192877443",
        "amenity": "doctors",
        "building": "yes",
        "healthcare": "doctor",
        "name": "Centre de Santé",
        "note:nature": "privé",
        "source": "survey:PFE(IT3) ENSTP Yaounde 2010",
        "@geometry": "center"
      },
      "geometry": {
        "type": "Point",
        "coordinates": [
          11.4779029,
          3.8448161
        ]
      },
      "id": "way/192877443"
    },
    {
      "type": "Feature",
      "properties": {
        "@id": "way/192877588",
        "amenity": "doctors",
        "building": "yes",
        "name": "Centre de Santé maman Diana",
        "note:nature": "privé",
        "source": "survey:PFE(IT3) ENSTP Yaounde 2010",
        "@geometry": "center"
      },
      "geometry": {
        "type": "Point",
        "coordinates": [
          11.4638985,
          3.8443318
        ]
      },
      "id": "way/192877588"
    },
    {
      "type": "Feature",
      "properties": {
        "@id": "way/192877847",
        "amenity": "clinic",
        "building": "yes",
        "healthcare": "clinic",
        "name": "Gic santé la sécurité 8 cemest",
        "note:nature": "privé",
        "source": "survey:PFE(IT3) ENSTP Yaounde 2010",
        "@geometry": "center"
      },
      "geometry": {
        "type": "Point",
        "coordinates": [
          11.4764881,
          3.8501658
        ]
      },
      "id": "way/192877847"
    },
    {
      "type": "Feature",
      "properties": {
        "@id": "way/192878102",
        "amenity": "pharmacy",
        "building": "yes",
        "healthcare": "pharmacy",
        "name": "Pharmacie Hakkore",
        "phone": "99680918",
        "source": "survey:PFE(IT3) ENSTP Yaounde 2010",
        "@geometry": "center"
      },
      "geometry": {
        "type": "Point",
        "coordinates": [
          11.536017,
          3.8435794
        ]
      },
      "id": "way/192878102"
    },
    {
      "type": "Feature",
      "properties": {
        "@id": "way/192878671",
        "building": "public",
        "name": "Yata Hôtel",
        "opening_hours": "24/7",
        "phone": "99356996",
        "source": "survey:PFE(IT3) ENSTP Yaounde 2010",
        "stars": "2",
        "tourism": "hotel",
        "@geometry": "center"
      },
      "geometry": {
        "type": "Point",
        "coordinates": [
          11.555918,
          3.8571098
        ]
      },
      "id": "way/192878671"
    },
    {
      "type": "Feature",
      "properties": {
        "@id": "way/192878801",
        "amenity": "clinic",
        "building": "yes",
        "healthcare": "clinic",
        "name": "Centre Hospitalier chirugical Maloine SARL",
        "source": "sobzeros",
        "@geometry": "center"
      },
      "geometry": {
        "type": "Point",
        "coordinates": [
          11.4866428,
          3.8475554
        ]
      },
      "id": "way/192878801"
    },
    {
      "type": "Feature",
      "properties": {
        "@id": "way/192878824",
        "amenity": "clinic",
        "building": "hospital",
        "healthcare": "clinic",
        "name": "Centre Médica l",
        "source": "sobzeros",
        "@geometry": "center"
      },
      "geometry": {
        "type": "Point",
        "coordinates": [
          11.4944764,
          3.8464442
        ]
      },
      "id": "way/192878824"
    },
    {
      "type": "Feature",
      "properties": {
        "@id": "way/192879408",
        "building": "yes",
        "ele": "773",
        "name": "Motel le pacifique",
        "source": "sobzeros",
        "tourism": "motel",
        "@geometry": "center"
      },
      "geometry": {
        "type": "Point",
        "coordinates": [
          11.5443051,
          3.8432856
        ]
      },
      "id": "way/192879408"
    },
    {
      "type": "Feature",
      "properties": {
        "@id": "way/192879436",
        "building": "public",
        "name": "Hôtel Le fibi",
        "opening_hours": "24/7",
        "phone": "22302538",
        "source": "survey:PFE(IT3) ENSTP Yaounde 2010",
        "stars": "2",
        "tourism": "hotel",
        "@geometry": "center"
      },
      "geometry": {
        "type": "Point",
        "coordinates": [
          11.5484145,
          3.8571109
        ]
      },
      "id": "way/192879436"
    },
    {
      "type": "Feature",
      "properties": {
        "@id": "way/192879598",
        "building": "yes",
        "name": "Lem's",
        "source": "PFE(IT3) ENSTP Yaoundé - 2010",
        "tourism": "hotel",
        "@geometry": "center"
      },
      "geometry": {
        "type": "Point",
        "coordinates": [
          11.4925035,
          3.8447117
        ]
      },
      "id": "way/192879598"
    },
    {
      "type": "Feature",
      "properties": {
        "@id": "way/192880240",
        "building": "yes",
        "name": "HOTEL GUIDO PALACE",
        "source": "sobzeros",
        "tourism": "hotel",
        "@geometry": "center"
      },
      "geometry": {
        "type": "Point",
        "coordinates": [
          11.495385,
          3.8493586
        ]
      },
      "id": "way/192880240"
    },
    {
      "type": "Feature",
      "properties": {
        "@id": "way/192880353",
        "building": "yes",
        "contact:email": "bieloge@yahoo.fr",
        "contact:phone": "674516470/242893636",
        "name": "MICAH HOTEL",
        "source": "sobzeros",
        "tourism": "hotel",
        "@geometry": "center"
      },
      "geometry": {
        "type": "Point",
        "coordinates": [
          11.4956722,
          3.849079
        ]
      },
      "id": "way/192880353"
    },
    {
      "type": "Feature",
      "properties": {
        "@id": "way/192881054",
        "amenity": "doctors",
        "building": "yes",
        "healthcare": "doctor",
        "name": "Centre de Santé",
        "note:nature": "privé",
        "source": "survey:PFE(IT3) ENSTP Yaounde 2010",
        "@geometry": "center"
      },
      "geometry": {
        "type": "Point",
        "coordinates": [
          11.4794626,
          3.8454014
        ]
      },
      "id": "way/192881054"
    },
    {
      "type": "Feature",
      "properties": {
        "@id": "way/192881376",
        "amenity": "clinic",
        "building": "yes",
        "healthcare": "clinic",
        "name": "Clinique",
        "source": "sobzeros",
        "@geometry": "center"
      },
      "geometry": {
        "type": "Point",
        "coordinates": [
          11.5218197,
          3.846178
        ]
      },
      "id": "way/192881376"
    },
    {
      "type": "Feature",
      "properties": {
        "@id": "way/192881471",
        "building": "public",
        "name": "Roi David",
        "source": "PFE(IT3) ENSTP Yaoundé - 2010",
        "tourism": "hotel",
        "@geometry": "center"
      },
      "geometry": {
        "type": "Point",
        "coordinates": [
          11.4930851,
          3.8456064
        ]
      },
      "id": "way/192881471"
    },
    {
      "type": "Feature",
      "properties": {
        "@id": "way/193504167",
        "amenity": "doctors",
        "building": "yes",
        "name": "Dispensaire",
        "source": "GPS Openstreetmap Cameroun 2013",
        "@geometry": "center"
      },
      "geometry": {
        "type": "Point",
        "coordinates": [
          11.5093749,
          3.8419419
        ]
      },
      "id": "way/193504167"
    },
    {
      "type": "Feature",
      "properties": {
        "@id": "way/193504517",
        "building": "public",
        "capacity": "14",
        "name": "Motel Le Relais",
        "source": "survey:PFE(IT3) ENSTP Yaounde 2010",
        "tourism": "motel",
        "@geometry": "center"
      },
      "geometry": {
        "type": "Point",
        "coordinates": [
          11.4982765,
          3.8396521
        ]
      },
      "id": "way/193504517"
    },
    {
      "type": "Feature",
      "properties": {
        "@id": "way/193504971",
        "building": "yes",
        "name": "HOPITAL MARIE WYSS",
        "source": "sobzeros",
        "tourism": "hostel",
        "@geometry": "center"
      },
      "geometry": {
        "type": "Point",
        "coordinates": [
          11.4973382,
          3.8389547
        ]
      },
      "id": "way/193504971"
    },
    {
      "type": "Feature",
      "properties": {
        "@id": "way/193506251",
        "amenity": "clinic",
        "building": "yes",
        "name": "Le Jourdain Hôpital",
        "phone": "656340165",
        "source": "GPS Openstreetmap Cameroun 2013",
        "@geometry": "center"
      },
      "geometry": {
        "type": "Point",
        "coordinates": [
          11.4952413,
          3.8360983
        ]
      },
      "id": "way/193506251"
    },
    {
      "type": "Feature",
      "properties": {
        "@id": "way/193506850",
        "amenity": "doctors",
        "building": "yes",
        "name": "Centre de Santé",
        "source": "sobzeros",
        "@geometry": "center"
      },
      "geometry": {
        "type": "Point",
        "coordinates": [
          11.5324878,
          3.8404278
        ]
      },
      "id": "way/193506850"
    },
    {
      "type": "Feature",
      "properties": {
        "@id": "way/193507157",
        "building": "yes",
        "capacity": "8",
        "name": "Motel de Dakar",
        "source": "survey:PFE(IT3) ENSTP Yaounde 2010",
        "stars": "1",
        "start_date": "1995",
        "tourism": "motel",
        "@geometry": "center"
      },
      "geometry": {
        "type": "Point",
        "coordinates": [
          11.5117344,
          3.8380193
        ]
      },
      "id": "way/193507157"
    },
    {
      "type": "Feature",
      "properties": {
        "@id": "way/193507807",
        "amenity": "doctors",
        "building": "yes",
        "healthcare": "doctor",
        "name": "Centre de Santé",
        "source": "sobzeros",
        "@geometry": "center"
      },
      "geometry": {
        "type": "Point",
        "coordinates": [
          11.5419922,
          3.840396
        ]
      },
      "id": "way/193507807"
    },
    {
      "type": "Feature",
      "properties": {
        "@id": "way/193508192",
        "building": "public",
        "name": "Hôtel Séjour des Princes",
        "opening_hours": "24/7",
        "phone": "22023629",
        "source": "survey:PFE(IT3) ENSTP Yaounde 2010",
        "stars": "1",
        "tourism": "hotel",
        "@geometry": "center"
      },
      "geometry": {
        "type": "Point",
        "coordinates": [
          11.5503124,
          3.8421356
        ]
      },
      "id": "way/193508192"
    },
    {
      "type": "Feature",
      "properties": {
        "@id": "way/193508948",
        "amenity": "dentist",
        "building": "yes",
        "healthcare": "dentist",
        "name": "Cabinet Dentaire",
        "source": "sobzeros",
        "@geometry": "center"
      },
      "geometry": {
        "type": "Point",
        "coordinates": [
          11.5419492,
          3.8373005
        ]
      },
      "id": "way/193508948"
    },
    {
      "type": "Feature",
      "properties": {
        "@id": "way/193509318",
        "amenity": "restaurant",
        "building": "yes",
        "name": "Case à Palabre",
        "source": "GeoCameroun",
        "@geometry": "center"
      },
      "geometry": {
        "type": "Point",
        "coordinates": [
          11.5506664,
          3.8414694
        ]
      },
      "id": "way/193509318"
    },
    {
      "type": "Feature",
      "properties": {
        "@id": "way/193509783",
        "amenity": "doctors",
        "building": "yes",
        "healthcare": "doctor",
        "name": "Centre de Santé",
        "source": "Plan polyvalent Yaounde",
        "@geometry": "center"
      },
      "geometry": {
        "type": "Point",
        "coordinates": [
          11.5597218,
          3.8374326
        ]
      },
      "id": "way/193509783"
    },
    {
      "type": "Feature",
      "properties": {
        "@id": "way/193510044",
        "amenity": "doctors",
        "building": "yes",
        "healthcare": "doctor",
        "name": "Cabinet des Soins",
        "@geometry": "center"
      },
      "geometry": {
        "type": "Point",
        "coordinates": [
          11.550313,
          3.8409058
        ]
      },
      "id": "way/193510044"
    },
    {
      "type": "Feature",
      "properties": {
        "@id": "way/193510070",
        "amenity": "hospital",
        "building": "yes",
        "healthcare": "hospital",
        "name": "Polyclinique Médicale Chinoise",
        "@geometry": "center"
      },
      "geometry": {
        "type": "Point",
        "coordinates": [
          11.5417424,
          3.8429999
        ]
      },
      "id": "way/193510070"
    },
    {
      "type": "Feature",
      "properties": {
        "@id": "way/193510991",
        "amenity": "doctors",
        "building": "yes",
        "name": "Centre Neurologique et Médical",
        "source": "sobzeros",
        "@geometry": "center"
      },
      "geometry": {
        "type": "Point",
        "coordinates": [
          11.4988685,
          3.8292375
        ]
      },
      "id": "way/193510991"
    },
    {
      "type": "Feature",
      "properties": {
        "@id": "way/193511344",
        "building": "public",
        "name": "Résidence des Palmiers de NKOMO",
        "source": "PFE(IT3) ENSTP Yaoundé - 2010",
        "tourism": "hotel",
        "@geometry": "center"
      },
      "geometry": {
        "type": "Point",
        "coordinates": [
          11.5507401,
          3.8365408
        ]
      },
      "id": "way/193511344"
    },
    {
      "type": "Feature",
      "properties": {
        "@id": "way/193517415",
        "amenity": "doctors",
        "building": "yes",
        "healthcare": "doctor",
        "name": "Ngog Lituba",
        "source": "sobzeros",
        "@geometry": "center"
      },
      "geometry": {
        "type": "Point",
        "coordinates": [
          11.4669391,
          3.8347016
        ]
      },
      "id": "way/193517415"
    },
    {
      "type": "Feature",
      "properties": {
        "@id": "way/193517452",
        "amenity": "doctors",
        "building": "yes",
        "healthcare": "doctor",
        "name": "GIC de santé Espoir",
        "note:nature": "privé",
        "source": "survey:PFE(IT3) ENSTP Yaounde 2010",
        "@geometry": "center"
      },
      "geometry": {
        "type": "Point",
        "coordinates": [
          11.4665735,
          3.83342
        ]
      },
      "id": "way/193517452"
    },
    {
      "type": "Feature",
      "properties": {
        "@id": "way/193517737",
        "amenity": "doctors",
        "building": "yes",
        "healthcare": "doctor",
        "name": "Maman Diana",
        "note:nature": "privé",
        "source": "survey:PFE(IT3) ENSTP Yaounde 2010",
        "@geometry": "center"
      },
      "geometry": {
        "type": "Point",
        "coordinates": [
          11.4710662,
          3.828824
        ]
      },
      "id": "way/193517737"
    },
    {
      "type": "Feature",
      "properties": {
        "@id": "way/193518106",
        "amenity": "doctors",
        "building": "hospital",
        "healthcare": "doctor",
        "name": "Centre de Santé communal",
        "source": "survey:PFE(IT3) ENSTP Yaounde 2010",
        "@geometry": "center"
      },
      "geometry": {
        "type": "Point",
        "coordinates": [
          11.4714385,
          3.8264996
        ]
      },
      "id": "way/193518106"
    },
    {
      "type": "Feature",
      "properties": {
        "@id": "way/193522176",
        "building": "yes",
        "name": "Auberge Green Vallée Resort",
        "source": "survey:PFE(IT3) ENSTP Yaounde 2010",
        "tourism": "motel",
        "@geometry": "center"
      },
      "geometry": {
        "type": "Point",
        "coordinates": [
          11.4891257,
          3.8257566
        ]
      },
      "id": "way/193522176"
    },
    {
      "type": "Feature",
      "properties": {
        "@id": "way/193522363",
        "building": "yes",
        "name": "Sam Efoulan",
        "source": "PFE(IT3) ENSTP Yaoundé - 2010",
        "tourism": "hotel",
        "@geometry": "center"
      },
      "geometry": {
        "type": "Point",
        "coordinates": [
          11.5076567,
          3.8256397
        ]
      },
      "id": "way/193522363"
    },
    {
      "type": "Feature",
      "properties": {
        "@id": "way/193522681",
        "amenity": "pharmacy",
        "building": "yes",
        "healthcare": "pharmacy",
        "name": "Pharmacie Sim Ba'a",
        "source": "sobzeros",
        "@geometry": "center"
      },
      "geometry": {
        "type": "Point",
        "coordinates": [
          11.4793414,
          3.828305
        ]
      },
      "id": "way/193522681"
    },
    {
      "type": "Feature",
      "properties": {
        "@id": "way/193523781",
        "amenity": "hospital",
        "building": "yes",
        "healthcare": "hospital",
        "source": "sobzeros",
        "@geometry": "center"
      },
      "geometry": {
        "type": "Point",
        "coordinates": [
          11.5038083,
          3.8242257
        ]
      },
      "id": "way/193523781"
    },
    {
      "type": "Feature",
      "properties": {
        "@id": "way/193524039",
        "building": "yes",
        "capacity": "8",
        "name": "Auberge Prestige",
        "source": "survey:PFE(IT3) ENSTP Yaounde 2010",
        "start_date": "2010",
        "tourism": "motel",
        "@geometry": "center"
      },
      "geometry": {
        "type": "Point",
        "coordinates": [
          11.5013388,
          3.8255219
        ]
      },
      "id": "way/193524039"
    },
    {
      "type": "Feature",
      "properties": {
        "@id": "way/193525536",
        "amenity": "doctors",
        "building": "yes",
        "healthcare": "doctor",
        "name": "Centre de Santé",
        "source": "sobzeros",
        "@geometry": "center"
      },
      "geometry": {
        "type": "Point",
        "coordinates": [
          11.5433275,
          3.8320442
        ]
      },
      "id": "way/193525536"
    },
    {
      "type": "Feature",
      "properties": {
        "@id": "way/193525607",
        "building": "yes",
        "name": "Espace Touristique TOYOU Motel",
        "opening_hours": "24/7",
        "phone": "22304070",
        "source": "survey:PFE(IT3) ENSTP Yaounde 2010",
        "tourism": "motel",
        "@geometry": "center"
      },
      "geometry": {
        "type": "Point",
        "coordinates": [
          11.5430381,
          3.8319209
        ]
      },
      "id": "way/193525607"
    },
    {
      "type": "Feature",
      "properties": {
        "@id": "way/193525734",
        "building": "yes",
        "capacity": "8",
        "name": "Auberge La Banquise",
        "source": "survey:PFE(IT3) ENSTP Yaounde 2010",
        "start_date": "2003",
        "tourism": "motel",
        "@geometry": "center"
      },
      "geometry": {
        "type": "Point",
        "coordinates": [
          11.508197,
          3.8352709
        ]
      },
      "id": "way/193525734"
    },
    {
      "type": "Feature",
      "properties": {
        "@id": "way/193525877",
        "building": "public",
        "name": "Safari Hotel Nsam",
        "source": "survey:PFE(IT3) ENSTP Yaounde 2010",
        "stars": "1",
        "start_date": "2007",
        "tourism": "hotel",
        "@geometry": "center"
      },
      "geometry": {
        "type": "Point",
        "coordinates": [
          11.5102801,
          3.830925
        ]
      },
      "id": "way/193525877"
    },
    {
      "type": "Feature",
      "properties": {
        "@id": "way/193526000",
        "amenity": "doctors",
        "building": "yes",
        "healthcare": "doctor",
        "name": "Centre de Santé",
        "source": "sobzeros",
        "@geometry": "center"
      },
      "geometry": {
        "type": "Point",
        "coordinates": [
          11.5402435,
          3.831283
        ]
      },
      "id": "way/193526000"
    },
    {
      "type": "Feature",
      "properties": {
        "@id": "way/193526335",
        "amenity": "restaurant",
        "building": "yes",
        "capacity": "30",
        "name": "L'Esinganaise Restaurant",
        "source": "survey:PFE(IT3) ENSTP Yaounde 2010",
        "start_date": "2010",
        "@geometry": "center"
      },
      "geometry": {
        "type": "Point",
        "coordinates": [
          11.5098648,
          3.8305085
        ]
      },
      "id": "way/193526335"
    },
    {
      "type": "Feature",
      "properties": {
        "@id": "way/193526414",
        "building": "yes",
        "capacity": "15",
        "name": "Alice Hotel",
        "source": "survey:PFE(IT3) ENSTP Yaounde 2010",
        "start_date": "2007",
        "tourism": "hotel",
        "@geometry": "center"
      },
      "geometry": {
        "type": "Point",
        "coordinates": [
          11.5040565,
          3.835592
        ]
      },
      "id": "way/193526414"
    },
    {
      "type": "Feature",
      "properties": {
        "@id": "way/193526554",
        "building": "yes",
        "name": "Auberge d'EKIÉ",
        "opening_hours": "24/7",
        "source": "survey:PFE(IT3) ENSTP Yaounde 2010",
        "tourism": "motel",
        "@geometry": "center"
      },
      "geometry": {
        "type": "Point",
        "coordinates": [
          11.5418582,
          3.8332349
        ]
      },
      "id": "way/193526554"
    },
    {
      "type": "Feature",
      "properties": {
        "@id": "way/193526990",
        "building": "yes",
        "check_date": "2025-01-12",
        "name": "Motel Saint hubert",
        "opening_hours": "24/7",
        "source": "survey:PFE(IT3) ENSTP Yaounde 2010",
        "tourism": "motel",
        "@geometry": "center"
      },
      "geometry": {
        "type": "Point",
        "coordinates": [
          11.5400285,
          3.8324048
        ]
      },
      "id": "way/193526990"
    },
    {
      "type": "Feature",
      "properties": {
        "@id": "way/193527428",
        "amenity": "doctors",
        "building": "yes",
        "healthcare": "doctor",
        "name": "Centre Médical Assisté",
        "short_name": "CMAM",
        "source": "sobzeros",
        "@geometry": "center"
      },
      "geometry": {
        "type": "Point",
        "coordinates": [
          11.4779374,
          3.826982
        ]
      },
      "id": "way/193527428"
    },
    {
      "type": "Feature",
      "properties": {
        "@id": "way/193527474",
        "amenity": "doctors",
        "building": "yes",
        "healthcare": "doctor",
        "name": "Centre de Santé",
        "source": "sobzeros",
        "@geometry": "center"
      },
      "geometry": {
        "type": "Point",
        "coordinates": [
          11.5339264,
          3.8327099
        ]
      },
      "id": "way/193527474"
    },
    {
      "type": "Feature",
      "properties": {
        "@id": "way/193528246",
        "building": "yes",
        "name": "Donalson",
        "source": "PFE(IT3) ENSTP Yaoundé - 2010",
        "tourism": "hotel",
        "@geometry": "center"
      },
      "geometry": {
        "type": "Point",
        "coordinates": [
          11.4781339,
          3.8265184
        ]
      },
      "id": "way/193528246"
    },
    {
      "type": "Feature",
      "properties": {
        "@id": "way/193528984",
        "amenity": "pharmacy",
        "building": "yes",
        "healthcare": "pharmacy",
        "name": "Ananaraie",
        "source": "PFE(IT3) ENSTP Yaoundé - 2010",
        "@geometry": "center"
      },
      "geometry": {
        "type": "Point",
        "coordinates": [
          11.5364517,
          3.8338107
        ]
      },
      "id": "way/193528984"
    },
    {
      "type": "Feature",
      "properties": {
        "@id": "way/193529035",
        "amenity": "doctors",
        "building": "yes",
        "healthcare": "doctor",
        "name": "Centre de Santé",
        "source": "sobzeros",
        "@geometry": "center"
      },
      "geometry": {
        "type": "Point",
        "coordinates": [
          11.5328337,
          3.834176
        ]
      },
      "id": "way/193529035"
    },
    {
      "type": "Feature",
      "properties": {
        "@id": "way/193530510",
        "amenity": "doctors",
        "building": "yes",
        "healthcare": "doctor",
        "name": "Dispensaire",
        "source": "sobzeros",
        "@geometry": "center"
      },
      "geometry": {
        "type": "Point",
        "coordinates": [
          11.5370517,
          3.8349204
        ]
      },
      "id": "way/193530510"
    },
    {
      "type": "Feature",
      "properties": {
        "@id": "way/193530586",
        "amenity": "restaurant",
        "building": "yes",
        "name": "Chez Raymonde",
        "source": "survey:PFE(IT3) ENSTP Yaounde 2010",
        "@geometry": "center"
      },
      "geometry": {
        "type": "Point",
        "coordinates": [
          11.5085599,
          3.8340469
        ]
      },
      "id": "way/193530586"
    },
    {
      "type": "Feature",
      "properties": {
        "@id": "way/193530818",
        "amenity": "doctors",
        "building": "hospital",
        "healthcare": "doctor",
        "name": "Centre de Santé Catholique",
        "source": "Geocameroun",
        "@geometry": "center"
      },
      "geometry": {
        "type": "Point",
        "coordinates": [
          11.546333,
          3.8297701
        ]
      },
      "id": "way/193530818"
    },
    {
      "type": "Feature",
      "properties": {
        "@id": "way/193530963",
        "amenity": "doctors",
        "building": "yes",
        "healthcare": "doctor",
        "name": "Centre de Santé Communautaire",
        "source": "sobzeros",
        "@geometry": "center"
      },
      "geometry": {
        "type": "Point",
        "coordinates": [
          11.5412648,
          3.8323164
        ]
      },
      "id": "way/193530963"
    },
    {
      "type": "Feature",
      "properties": {
        "@id": "way/193533569",
        "building": "yes",
        "name": "HOHEL RAM",
        "source": "sobzeros",
        "tourism": "hostel",
        "@geometry": "center"
      },
      "geometry": {
        "type": "Point",
        "coordinates": [
          11.5370581,
          3.8278683
        ]
      },
      "id": "way/193533569"
    },
    {
      "type": "Feature",
      "properties": {
        "@id": "way/193533996",
        "building": "yes",
        "name": "Motel Les Papillons",
        "opening_hours": "24/7",
        "phone": "22302648",
        "source": "survey:PFE(IT3) ENSTP Yaounde 2010",
        "tourism": "motel",
        "@geometry": "center"
      },
      "geometry": {
        "type": "Point",
        "coordinates": [
          11.531595,
          3.822943
        ]
      },
      "id": "way/193533996"
    },
    {
      "type": "Feature",
      "properties": {
        "@id": "way/193535121",
        "amenity": "doctors",
        "building": "yes",
        "healthcare": "doctor",
        "name": "Centre de Santé",
        "source": "sobzeros",
        "@geometry": "center"
      },
      "geometry": {
        "type": "Point",
        "coordinates": [
          11.5372294,
          3.8268043
        ]
      },
      "id": "way/193535121"
    },
    {
      "type": "Feature",
      "properties": {
        "@id": "way/193535179",
        "amenity": "hospital",
        "building": "yes",
        "healthcare": "hospital",
        "name": "Groupement d'Initiative Commune Santé",
        "short_name": "GIC",
        "source": "sobzeros",
        "@geometry": "center"
      },
      "geometry": {
        "type": "Point",
        "coordinates": [
          11.5526624,
          3.8243756
        ]
      },
      "id": "way/193535179"
    },
    {
      "type": "Feature",
      "properties": {
        "@id": "way/193535753",
        "amenity": "doctors",
        "building": "yes",
        "healthcare": "doctor",
        "name": "Centre de Santé",
        "source": "sobzeros",
        "@geometry": "center"
      },
      "geometry": {
        "type": "Point",
        "coordinates": [
          11.5500739,
          3.8260953
        ]
      },
      "id": "way/193535753"
    },
    {
      "type": "Feature",
      "properties": {
        "@id": "way/193535843",
        "amenity": "doctors",
        "building": "yes",
        "name": "Centre de Santé",
        "source": "sobzeros",
        "@geometry": "center"
      },
      "geometry": {
        "type": "Point",
        "coordinates": [
          11.5225894,
          3.8266902
        ]
      },
      "id": "way/193535843"
    },
    {
      "type": "Feature",
      "properties": {
        "@id": "way/193542829",
        "building": "public",
        "capacity": "15",
        "name": "Hôtel Ngon Etenga",
        "source": "survey:PFE(IT3) ENSTP Yaounde 2010",
        "start_date": "2008",
        "tourism": "hotel",
        "@geometry": "center"
      },
      "geometry": {
        "type": "Point",
        "coordinates": [
          11.4901076,
          3.8204508
        ]
      },
      "id": "way/193542829"
    },
    {
      "type": "Feature",
      "properties": {
        "@id": "way/193543088",
        "building": "yes",
        "capacity": "8",
        "name": "Motel Jardin des Cygnes",
        "source": "survey:PFE(IT3) ENSTP Yaounde 2010",
        "start_date": "2000",
        "tourism": "motel",
        "@geometry": "center"
      },
      "geometry": {
        "type": "Point",
        "coordinates": [
          11.4991092,
          3.8211256
        ]
      },
      "id": "way/193543088"
    },
    {
      "type": "Feature",
      "properties": {
        "@id": "way/193543133",
        "building": "yes",
        "capacity": "32",
        "name": "Le Jardin de Céline",
        "source": "survey:PFE(IT3) ENSTP Yaounde 2010",
        "stars": "2",
        "start_date": "2001",
        "tourism": "hotel",
        "@geometry": "center"
      },
      "geometry": {
        "type": "Point",
        "coordinates": [
          11.4919243,
          3.8142714
        ]
      },
      "id": "way/193543133"
    },
    {
      "type": "Feature",
      "properties": {
        "@id": "way/193552708",
        "building": "yes",
        "contact:phone": "677562165",
        "name": "MOTEL",
        "source": "sobzeros",
        "tourism": "hostel",
        "@geometry": "center"
      },
      "geometry": {
        "type": "Point",
        "coordinates": [
          11.523681,
          3.8069295
        ]
      },
      "id": "way/193552708"
    },
    {
      "type": "Feature",
      "properties": {
        "@id": "way/193552927",
        "building": "yes",
        "name": "Hôtel Happy",
        "opening_hours": "06:00-00:00",
        "phone": "77700641",
        "ref": "BP 1220 YDE",
        "source": "survey:PFE(IT3) ENSTP Yaounde 2010",
        "stars": "2",
        "tourism": "hotel",
        "@geometry": "center"
      },
      "geometry": {
        "type": "Point",
        "coordinates": [
          11.5294909,
          3.8118593
        ]
      },
      "id": "way/193552927"
    },
    {
      "type": "Feature",
      "properties": {
        "@id": "way/193555859",
        "amenity": "doctors",
        "building": "yes",
        "name": "Centre de Santé",
        "source": "sobzeros",
        "@geometry": "center"
      },
      "geometry": {
        "type": "Point",
        "coordinates": [
          11.5312402,
          3.812057
        ]
      },
      "id": "way/193555859"
    },
    {
      "type": "Feature",
      "properties": {
        "@id": "way/193557686",
        "building": "yes",
        "name": "Auberge Les Roses",
        "source": "PFE(IT3) ENSTP Yaoundé - 2010",
        "tourism": "hotel",
        "@geometry": "center"
      },
      "geometry": {
        "type": "Point",
        "coordinates": [
          11.5333789,
          3.8201515
        ]
      },
      "id": "way/193557686"
    },
    {
      "type": "Feature",
      "properties": {
        "@id": "way/193558062",
        "building": "yes",
        "name": "Auberge Relais",
        "source": "PFE(IT3) ENSTP Yaoundé - 2010",
        "tourism": "motel",
        "@geometry": "center"
      },
      "geometry": {
        "type": "Point",
        "coordinates": [
          11.5261455,
          3.8172612
        ]
      },
      "id": "way/193558062"
    },
    {
      "type": "Feature",
      "properties": {
        "@id": "way/193558948",
        "amenity": "doctors",
        "building": "yes",
        "healthcare": "doctor",
        "name": "Centre de Santé Rita",
        "source": "sobzeros",
        "@geometry": "center"
      },
      "geometry": {
        "type": "Point",
        "coordinates": [
          11.5331114,
          3.8200686
        ]
      },
      "id": "way/193558948"
    },
    {
      "type": "Feature",
      "properties": {
        "@id": "way/193559880",
        "building": "yes",
        "capacity": "16",
        "name": "Satellite Hotel",
        "source": "survey:PFE(IT3) ENSTP Yaounde 2010",
        "start_date": "1998",
        "tourism": "hotel",
        "@geometry": "center"
      },
      "geometry": {
        "type": "Point",
        "coordinates": [
          11.5069066,
          3.8190035
        ]
      },
      "id": "way/193559880"
    },
    {
      "type": "Feature",
      "properties": {
        "@id": "way/193559909",
        "amenity": "doctors",
        "building": "yes",
        "healthcare": "doctor",
        "name": "Centre de Santé",
        "source": "sobzeros",
        "@geometry": "center"
      },
      "geometry": {
        "type": "Point",
        "coordinates": [
          11.5423571,
          3.8168581
        ]
      },
      "id": "way/193559909"
    },
    {
      "type": "Feature",
      "properties": {
        "@id": "way/193559912",
        "building": "yes",
        "capacity": "22",
        "contact:phone": "242645853",
        "name": "Hôtel Beau Lieu",
        "source": "survey:PFE(IT3) ENSTP Yaounde 2010",
        "start_date": "2010",
        "tourism": "hostel",
        "@geometry": "center"
      },
      "geometry": {
        "type": "Point",
        "coordinates": [
          11.5075798,
          3.8211948
        ]
      },
      "id": "way/193559912"
    },
    {
      "type": "Feature",
      "properties": {
        "@id": "way/193560229",
        "amenity": "hospital",
        "building": "yes",
        "healthcare": "hospital",
        "source": "sobzeros",
        "@geometry": "center"
      },
      "geometry": {
        "type": "Point",
        "coordinates": [
          11.5150232,
          3.8208063
        ]
      },
      "id": "way/193560229"
    },
    {
      "type": "Feature",
      "properties": {
        "@id": "way/193560558",
        "amenity": "doctors",
        "building": "yes",
        "healthcare": "doctor",
        "name": "Cabinet de Médecine Chinoise",
        "source": "sobzeros",
        "@geometry": "center"
      },
      "geometry": {
        "type": "Point",
        "coordinates": [
          11.5305799,
          3.8171737
        ]
      },
      "id": "way/193560558"
    },
    {
      "type": "Feature",
      "properties": {
        "@id": "way/193566000",
        "building": "yes",
        "name": "ASTA",
        "source": "PFE(IT3) ENSTP Yaoundé - 2010",
        "tourism": "hotel",
        "@geometry": "center"
      },
      "geometry": {
        "type": "Point",
        "coordinates": [
          11.4930252,
          3.7959289
        ]
      },
      "id": "way/193566000"
    },
    {
      "type": "Feature",
      "properties": {
        "@id": "way/193566505",
        "amenity": "doctors",
        "building": "yes",
        "healthcare": "doctor",
        "name": "Centre de Santé",
        "source": "sobzeros",
        "@geometry": "center"
      },
      "geometry": {
        "type": "Point",
        "coordinates": [
          11.5356505,
          3.8010941
        ]
      },
      "id": "way/193566505"
    },
    {
      "type": "Feature",
      "properties": {
        "@id": "way/193567080",
        "addr:postcode": "0207 Yde",
        "amenity": "doctors",
        "building": "yes",
        "healthcare": "doctor",
        "name": "Centre de Santé",
        "source": "sobzeros",
        "@geometry": "center"
      },
      "geometry": {
        "type": "Point",
        "coordinates": [
          11.5311174,
          3.8047278
        ]
      },
      "id": "way/193567080"
    },
    {
      "type": "Feature",
      "properties": {
        "@id": "way/193572333",
        "building": "yes",
        "contact:phone": "677570088 / 222066017",
        "name": "Hôtel Ascot",
        "opening_hours": "24/7",
        "source": "survey:PFE(IT3) ENSTP Yaounde 2010",
        "tourism": "hostel",
        "@geometry": "center"
      },
      "geometry": {
        "type": "Point",
        "coordinates": [
          11.5216297,
          3.8002373
        ]
      },
      "id": "way/193572333"
    },
    {
      "type": "Feature",
      "properties": {
        "@id": "way/193572475",
        "building": "yes",
        "name": "Résidence Italia",
        "source": "PFE(IT3) ENSTP Yaoundé - 2010",
        "tourism": "hotel",
        "@geometry": "center"
      },
      "geometry": {
        "type": "Point",
        "coordinates": [
          11.5241551,
          3.8027892
        ]
      },
      "id": "way/193572475"
    },
    {
      "type": "Feature",
      "properties": {
        "@id": "way/193572965",
        "addr:street": "Rue Ntolo Josephine",
        "amenity": "doctors",
        "building": "hospital",
        "email": "weccarefoundation@yahoo.com",
        "healthcare": "doctor",
        "name": "Hadassah Medical Center( HMC)",
        "name:en": "Hadassah Medical Center( HMC)",
        "source": "sobzeros",
        "website": "https://www.weccarefoundation.com/",
        "@geometry": "center"
      },
      "geometry": {
        "type": "Point",
        "coordinates": [
          11.4800587,
          3.8002482
        ]
      },
      "id": "way/193572965"
    },
    {
      "type": "Feature",
      "properties": {
        "@id": "way/193574953",
        "amenity": "doctors",
        "building": "yes",
        "healthcare": "doctor",
        "name": "Centre Médical d'Arrondissement",
        "short_name": "CMA",
        "source": "sobzeros",
        "@geometry": "center"
      },
      "geometry": {
        "type": "Point",
        "coordinates": [
          11.5044678,
          3.8006838
        ]
      },
      "id": "way/193574953"
    },
    {
      "type": "Feature",
      "properties": {
        "@id": "way/193577452",
        "amenity": "hospital",
        "building": "yes",
        "source": "sobzeros",
        "@geometry": "center"
      },
      "geometry": {
        "type": "Point",
        "coordinates": [
          11.5203739,
          3.7948539
        ]
      },
      "id": "way/193577452"
    },
    {
      "type": "Feature",
      "properties": {
        "@id": "way/193577522",
        "building": "yes",
        "name": "Nature",
        "opening_hours": "24/7",
        "phone": "96441179",
        "source": "survey:PFE(IT3) ENSTP Yaounde 2010",
        "tourism": "motel",
        "@geometry": "center"
      },
      "geometry": {
        "type": "Point",
        "coordinates": [
          11.5173119,
          3.7967713
        ]
      },
      "id": "way/193577522"
    },
    {
      "type": "Feature",
      "properties": {
        "@id": "way/193577825",
        "amenity": "doctors",
        "building": "yes",
        "healthcare": "doctor",
        "name": "Centre de Santé",
        "source": "sobzeros",
        "@geometry": "center"
      },
      "geometry": {
        "type": "Point",
        "coordinates": [
          11.5231294,
          3.7951314
        ]
      },
      "id": "way/193577825"
    },
    {
      "type": "Feature",
      "properties": {
        "@id": "way/193579153",
        "building": "public",
        "name": "Auberge Bleue ODZA",
        "opening_hours": "24/7",
        "phone": "22302246",
        "ref": "BP 4249 YDE",
        "source": "survey:PFE(IT3) ENSTP Yaounde 2010",
        "tourism": "motel",
        "@geometry": "center"
      },
      "geometry": {
        "type": "Point",
        "coordinates": [
          11.5275127,
          3.7994966
        ]
      },
      "id": "way/193579153"
    },
    {
      "type": "Feature",
      "properties": {
        "@id": "way/193588058",
        "amenity": "doctors",
        "building": "yes",
        "healthcare": "doctor",
        "name": "Centre de Santé Intégré",
        "source": "sobzeros",
        "@geometry": "center"
      },
      "geometry": {
        "type": "Point",
        "coordinates": [
          11.5255739,
          3.782645
        ]
      },
      "id": "way/193588058"
    },
    {
      "type": "Feature",
      "properties": {
        "@id": "way/193588807",
        "amenity": "doctors",
        "building": "yes",
        "healthcare": "doctor",
        "name": "Cabinet de Soins",
        "source": "sobzeros",
        "@geometry": "center"
      },
      "geometry": {
        "type": "Point",
        "coordinates": [
          11.4838353,
          3.7758676
        ]
      },
      "id": "way/193588807"
    },
    {
      "type": "Feature",
      "properties": {
        "@id": "way/193591660",
        "amenity": "doctors",
        "building": "yes",
        "name": "Centre de Santé",
        "source": "sobzeros",
        "@geometry": "center"
      },
      "geometry": {
        "type": "Point",
        "coordinates": [
          11.4743138,
          3.7622546
        ]
      },
      "id": "way/193591660"
    },
    {
      "type": "Feature",
      "properties": {
        "@id": "way/193598250",
        "amenity": "doctors",
        "building": "yes",
        "name": "Clinique Traditionnelle",
        "@geometry": "center"
      },
      "geometry": {
        "type": "Point",
        "coordinates": [
          11.471668,
          3.7431399
        ]
      },
      "id": "way/193598250"
    },
    {
      "type": "Feature",
      "properties": {
        "@id": "way/193599902",
        "amenity": "doctors",
        "building": "yes",
        "name": "Centre de Santé Intègre de Ntouessong I",
        "source": "sobzeros",
        "@geometry": "center"
      },
      "geometry": {
        "type": "Point",
        "coordinates": [
          11.450655,
          3.7223917
        ]
      },
      "id": "way/193599902"
    },
    {
      "type": "Feature",
      "properties": {
        "@id": "way/193961084",
        "addr:place": "Memi hotel",
        "addr:postcode": "25195 Yaounde Messa",
        "amenity": "doctors",
        "building": "yes",
        "contact:email": "acesfca@yahoo.fr",
        "contact:phone": "699 99 41 19/679 02 93 63",
        "contact:website": "www.acesfca.org",
        "healthcare": "doctor",
        "name": "Association des Conseils et Economie Social et Familliale au Cameroun",
        "office": "ngo",
        "short_name": "ACESF-CA",
        "source": "sobzeros",
        "@geometry": "center"
      },
      "geometry": {
        "type": "Point",
        "coordinates": [
          11.5192466,
          3.8892006
        ]
      },
      "id": "way/193961084"
    },
    {
      "type": "Feature",
      "properties": {
        "@id": "way/193961096",
        "amenity": "restaurant",
        "building": "yes",
        "cuisine": "french",
        "name": "Buena Vista",
        "phone": "696333984",
        "@geometry": "center"
      },
      "geometry": {
        "type": "Point",
        "coordinates": [
          11.5086939,
          3.8928773
        ]
      },
      "id": "way/193961096"
    },
    {
      "type": "Feature",
      "properties": {
        "@id": "way/193961277",
        "amenity": "restaurant",
        "building": "yes",
        "cuisine": "korean",
        "name": "Restaurant Kimchi",
        "opening_hours": "closed Sunday",
        "phone": "+237 6 97 14 84 36",
        "source": "sobzeros",
        "@geometry": "center"
      },
      "geometry": {
        "type": "Point",
        "coordinates": [
          11.5070509,
          3.8912197
        ]
      },
      "id": "way/193961277"
    },
    {
      "type": "Feature",
      "properties": {
        "@id": "way/193961325",
        "amenity": "restaurant",
        "building": "yes",
        "cuisine": "french",
        "name": "Le Biniou",
        "@geometry": "center"
      },
      "geometry": {
        "type": "Point",
        "coordinates": [
          11.5156301,
          3.8896423
        ]
      },
      "id": "way/193961325"
    },
    {
      "type": "Feature",
      "properties": {
        "@id": "way/193961507",
        "amenity": "restaurant",
        "building": "yes",
        "name": "Café Dabang",
        "source": "sobzeros",
        "@geometry": "center"
      },
      "geometry": {
        "type": "Point",
        "coordinates": [
          11.5102168,
          3.8930366
        ]
      },
      "id": "way/193961507"
    },
    {
      "type": "Feature",
      "properties": {
        "@id": "way/193961531",
        "building": "yes",
        "internet_access": "yes",
        "name": "Hôtel JC",
        "source": "msfsurvey",
        "tourism": "hotel",
        "website": "http://www.hoteljcprestige.cm/",
        "@geometry": "center"
      },
      "geometry": {
        "type": "Point",
        "coordinates": [
          11.5125468,
          3.8919222
        ]
      },
      "id": "way/193961531"
    },
    {
      "type": "Feature",
      "properties": {
        "@id": "way/193961608",
        "amenity": "clinic",
        "building": "yes",
        "healthcare": "clinic",
        "name": "Wellstar 1",
        "source": "sobzeros",
        "@geometry": "center"
      },
      "geometry": {
        "type": "Point",
        "coordinates": [
          11.5207303,
          3.8930701
        ]
      },
      "id": "way/193961608"
    },
    {
      "type": "Feature",
      "properties": {
        "@id": "way/193961865",
        "addr:housenumber": "908",
        "addr:street": "Rue Joseph Mballa Eloumdem",
        "amenity": "restaurant",
        "building": "yes",
        "cuisine": "chinese",
        "name": "Chez Wou",
        "source": "sobzeros",
        "@geometry": "center"
      },
      "geometry": {
        "type": "Point",
        "coordinates": [
          11.5142915,
          3.8910701
        ]
      },
      "id": "way/193961865"
    },
    {
      "type": "Feature",
      "properties": {
        "@id": "way/193962575",
        "addr:postcode": "11231 yde",
        "building": "yes",
        "contact:fax": "22205376",
        "contact:phone": "222205375",
        "name": "Indra Hôtel",
        "source": "sobzeros",
        "tourism": "hostel",
        "@geometry": "center"
      },
      "geometry": {
        "type": "Point",
        "coordinates": [
          11.5114729,
          3.8917572
        ]
      },
      "id": "way/193962575"
    },
    {
      "type": "Feature",
      "properties": {
        "@id": "way/193965130",
        "amenity": "fast_food",
        "building": "yes",
        "cuisine": "burger",
        "name": "Kazoo",
        "@geometry": "center"
      },
      "geometry": {
        "type": "Point",
        "coordinates": [
          11.5159917,
          3.8876632
        ]
      },
      "id": "way/193965130"
    },
    {
      "type": "Feature",
      "properties": {
        "@id": "way/193965320",
        "amenity": "restaurant",
        "building": "yes",
        "cuisine": "french",
        "name": "Cosy Pool",
        "opening_hours": "Mo-Su 11:30-23:30",
        "phone": "+237 698 90 99 48",
        "source": "sobzeros",
        "website": "https://www.instagram.com/cosy_pool/?hl=fr",
        "@geometry": "center"
      },
      "geometry": {
        "type": "Point",
        "coordinates": [
          11.5117895,
          3.886665
        ]
      },
      "id": "way/193965320"
    },
    {
      "type": "Feature",
      "properties": {
        "@id": "way/193965513",
        "building": "public",
        "name": "Musée",
        "source": "GeoCameroun",
        "tourism": "museum",
        "@geometry": "center"
      },
      "geometry": {
        "type": "Point",
        "coordinates": [
          11.5238549,
          3.8898475
        ]
      },
      "id": "way/193965513"
    },
    {
      "type": "Feature",
      "properties": {
        "@id": "way/193965746",
        "amenity": "doctors",
        "building": "yes",
        "healthcare": "doctor",
        "name": "Clinique de Bastos",
        "source": "sobzeros",
        "@geometry": "center"
      },
      "geometry": {
        "type": "Point",
        "coordinates": [
          11.5179103,
          3.8902253
        ]
      },
      "id": "way/193965746"
    },
    {
      "type": "Feature",
      "properties": {
        "@id": "way/204120199",
        "amenity": "doctors",
        "building": "yes",
        "healthcare": "doctor",
        "name": "Centre de Santé",
        "source": "sobzeros",
        "@geometry": "center"
      },
      "geometry": {
        "type": "Point",
        "coordinates": [
          11.560442,
          3.8595873
        ]
      },
      "id": "way/204120199"
    },
    {
      "type": "Feature",
      "properties": {
        "@id": "way/204121305",
        "building": "public",
        "name": "Central Casa",
        "source": "PFE(IT3) ENSTP Yaoundé - 2010",
        "tourism": "hotel",
        "@geometry": "center"
      },
      "geometry": {
        "type": "Point",
        "coordinates": [
          11.5691335,
          3.8617798
        ]
      },
      "id": "way/204121305"
    },
    {
      "type": "Feature",
      "properties": {
        "@id": "way/204121310",
        "amenity": "doctors",
        "building": "yes",
        "healthcare": "doctor",
        "name": "Dispensaire Maternité",
        "source": "sobzeros",
        "@geometry": "center"
      },
      "geometry": {
        "type": "Point",
        "coordinates": [
          11.564976,
          3.8591415
        ]
      },
      "id": "way/204121310"
    },
    {
      "type": "Feature",
      "properties": {
        "@id": "way/205659731",
        "amenity": "doctors",
        "healthcare": "doctor",
        "name": "Fondation Médicale Ad Lucem",
        "source": "Plan polyvalent Yaounde",
        "@geometry": "center"
      },
      "geometry": {
        "type": "Point",
        "coordinates": [
          11.5613896,
          3.8428854
        ]
      },
      "id": "way/205659731"
    },
    {
      "type": "Feature",
      "properties": {
        "@id": "way/207493773",
        "leisure": "garden",
        "name": "Jardin Zoo-Botanique de Mvog-Betsi",
        "source": "PFE (ITE3) ENSTP Yaoundé - 2010",
        "tourism": "zoo",
        "@geometry": "center"
      },
      "geometry": {
        "type": "Point",
        "coordinates": [
          11.4871888,
          3.8648949
        ]
      },
      "id": "way/207493773"
    },
    {
      "type": "Feature",
      "properties": {
        "@id": "way/210970203",
        "addr:contact": "670665791",
        "building": "hotel",
        "name": "CALOMBA",
        "source": "Bing",
        "tourism": "motel",
        "@geometry": "center"
      },
      "geometry": {
        "type": "Point",
        "coordinates": [
          11.4021348,
          3.7852695
        ]
      },
      "id": "way/210970203"
    },
    {
      "type": "Feature",
      "properties": {
        "@id": "way/210981176",
        "amenity": "restaurant",
        "building": "yes",
        "name": "Eveline Bar Restaurant",
        "source": "Bing",
        "@geometry": "center"
      },
      "geometry": {
        "type": "Point",
        "coordinates": [
          11.4041727,
          3.7877679
        ]
      },
      "id": "way/210981176"
    },
    {
      "type": "Feature",
      "properties": {
        "@id": "way/210981241",
        "addr:state": "677775239",
        "amenity": "restaurant",
        "building": "yes",
        "name": "snack bar restaurant la martinaise",
        "source": "Bing",
        "@geometry": "center"
      },
      "geometry": {
        "type": "Point",
        "coordinates": [
          11.3970018,
          3.7842158
        ]
      },
      "id": "way/210981241"
    },
    {
      "type": "Feature",
      "properties": {
        "@id": "way/211356109",
        "amenity": "restaurant",
        "building": "yes",
        "name": "Homte bar restaurant",
        "source": "Bing",
        "source:date": "2011-02-21",
        "@geometry": "center"
      },
      "geometry": {
        "type": "Point",
        "coordinates": [
          11.4036256,
          3.7913608
        ]
      },
      "id": "way/211356109"
    },
    {
      "type": "Feature",
      "properties": {
        "@id": "way/211356153",
        "amenity": "pharmacy",
        "building": "yes",
        "name": "Pharmacie caméric",
        "source": "Bing",
        "source:date": "2011-02-21",
        "@geometry": "center"
      },
      "geometry": {
        "type": "Point",
        "coordinates": [
          11.4012493,
          3.7890339
        ]
      },
      "id": "way/211356153"
    },
    {
      "type": "Feature",
      "properties": {
        "@id": "way/211356164",
        "amenity": "doctors",
        "building": "hospital",
        "name": "Centre de santé de district de mbankomo",
        "source": "Bing",
        "source:date": "2011-02-21",
        "@geometry": "center"
      },
      "geometry": {
        "type": "Point",
        "coordinates": [
          11.4014935,
          3.7889143
        ]
      },
      "id": "way/211356164"
    },
    {
      "type": "Feature",
      "properties": {
        "@id": "way/211356165",
        "amenity": "clinic",
        "building": "yes",
        "contact:email": "ajejfcameroon@yahoo.fr",
        "contact:phone": "675440552 / 679440864",
        "name": "Centre de soin medicaux aux enfants vulnérables et déshérités de mbankomo",
        "source": "Bing",
        "source:date": "2011-02-21",
        "@geometry": "center"
      },
      "geometry": {
        "type": "Point",
        "coordinates": [
          11.4041855,
          3.7905903
        ]
      },
      "id": "way/211356165"
    },
    {
      "type": "Feature",
      "properties": {
        "@id": "way/215363594",
        "amenity": "hospital",
        "healthcare": "hospital",
        "name": "Hopital Central de Yaoundé",
        "@geometry": "center"
      },
      "geometry": {
        "type": "Point",
        "coordinates": [
          11.5102495,
          3.8712896
        ]
      },
      "id": "way/215363594"
    },
    {
      "type": "Feature",
      "properties": {
        "@id": "way/217002804",
        "building": "yes",
        "name": "Kingdom",
        "source": "PFE(IT3) ENSTP Yaoundé - 2010",
        "tourism": "hotel",
        "@geometry": "center"
      },
      "geometry": {
        "type": "Point",
        "coordinates": [
          11.4889007,
          3.8320695
        ]
      },
      "id": "way/217002804"
    },
    {
      "type": "Feature",
      "properties": {
        "@id": "way/217002844",
        "amenity": "pharmacy",
        "building": "yes",
        "healthcare": "pharmacy",
        "name": "Pharmacie la Grâce",
        "source": "PFE(IT3) ENSTP Yaoundé - 2010",
        "@geometry": "center"
      },
      "geometry": {
        "type": "Point",
        "coordinates": [
          11.4709087,
          3.8316173
        ]
      },
      "id": "way/217002844"
    },
    {
      "type": "Feature",
      "properties": {
        "@id": "way/217002872",
        "amenity": "doctors",
        "building": "yes",
        "healthcare": "doctor",
        "name": "Centre de Santé Saint Etienne",
        "note:nature": "privé",
        "source": "survey:PFE(IT3) ENSTP Yaounde 2010",
        "@geometry": "center"
      },
      "geometry": {
        "type": "Point",
        "coordinates": [
          11.4841602,
          3.8337443
        ]
      },
      "id": "way/217002872"
    },
    {
      "type": "Feature",
      "properties": {
        "@id": "way/217003168",
        "amenity": "pharmacy",
        "building": "yes",
        "healthcare": "pharmacy",
        "name": "Pharmacie Royale",
        "note:nature": "privé",
        "source": "survey:PFE(IT3) ENSTP Yaounde 2010",
        "@geometry": "center"
      },
      "geometry": {
        "type": "Point",
        "coordinates": [
          11.4707698,
          3.8317579
        ]
      },
      "id": "way/217003168"
    },
    {
      "type": "Feature",
      "properties": {
        "@id": "way/217003437",
        "building": "yes",
        "name": "Cristal",
        "source": "PFE(IT3) ENSTP Yaoundé - 2010",
        "tourism": "hotel",
        "@geometry": "center"
      },
      "geometry": {
        "type": "Point",
        "coordinates": [
          11.4800032,
          3.8318716
        ]
      },
      "id": "way/217003437"
    },
    {
      "type": "Feature",
      "properties": {
        "@id": "way/217003764",
        "building": "yes",
        "source": "survey:PFE(IT3) ENSTP Yaounde 2010",
        "tourism": "hotel",
        "@geometry": "center"
      },
      "geometry": {
        "type": "Point",
        "coordinates": [
          11.4813091,
          3.8293488
        ]
      },
      "id": "way/217003764"
    },
    {
      "type": "Feature",
      "properties": {
        "@id": "way/217003820",
        "amenity": "clinic",
        "building": "yes",
        "healthcare": "hospital",
        "healthcare:speciality": "general;stomatology",
        "name": "Hopital des soeurs",
        "source": "plan polyvalent de Yaounde",
        "@geometry": "center"
      },
      "geometry": {
        "type": "Point",
        "coordinates": [
          11.4785094,
          3.8345997
        ]
      },
      "id": "way/217003820"
    },
    {
      "type": "Feature",
      "properties": {
        "@id": "way/217004251",
        "amenity": "pharmacy",
        "building": "yes",
        "healthcare": "pharmacy",
        "name": "Jouvence",
        "source": "PFE(IT3) ENSTP Yaoundé - 2010",
        "@geometry": "center"
      },
      "geometry": {
        "type": "Point",
        "coordinates": [
          11.4820326,
          3.8300171
        ]
      },
      "id": "way/217004251"
    },
    {
      "type": "Feature",
      "properties": {
        "@id": "way/217004444",
        "amenity": "pharmacy",
        "building": "yes",
        "healthcare": "pharmacy",
        "name": "Pharmacie Jouvance",
        "source": "survey:PFE(IT3) ENSTP Yaounde 2010",
        "@geometry": "center"
      },
      "geometry": {
        "type": "Point",
        "coordinates": [
          11.4849434,
          3.8352357
        ]
      },
      "id": "way/217004444"
    },
    {
      "type": "Feature",
      "properties": {
        "@id": "way/217004473",
        "amenity": "doctors",
        "building": "yes",
        "healthcare": "doctor",
        "name": "Cabinet médical Dr TIMMA",
        "note:nature": "privé",
        "source": "survey:PFE(IT3) ENSTP Yaounde 2010",
        "@geometry": "center"
      },
      "geometry": {
        "type": "Point",
        "coordinates": [
          11.4842007,
          3.8336123
        ]
      },
      "id": "way/217004473"
    },
    {
      "type": "Feature",
      "properties": {
        "@id": "way/217005372",
        "building": "yes",
        "source": "survey:PFE(IT3) ENSTP Yaounde 2010",
        "tourism": "hotel",
        "@geometry": "center"
      },
      "geometry": {
        "type": "Point",
        "coordinates": [
          11.4805958,
          3.8299484
        ]
      },
      "id": "way/217005372"
    },
    {
      "type": "Feature",
      "properties": {
        "@id": "way/217006245",
        "amenity": "doctors",
        "building": "yes",
        "healthcare": "doctor",
        "name": "Centre de Santé le Polyvalent",
        "note:nature": "privé",
        "source": "survey:PFE(IT3) ENSTP Yaounde 2010",
        "@geometry": "center"
      },
      "geometry": {
        "type": "Point",
        "coordinates": [
          11.4718449,
          3.8310693
        ]
      },
      "id": "way/217006245"
    },
    {
      "type": "Feature",
      "properties": {
        "@id": "way/217006562",
        "building": "yes",
        "capacity": "10",
        "name": "Auberge Zenithe",
        "source": "survey:PFE(IT3) ENSTP Yaounde 2010",
        "start_date": "2010",
        "tourism": "motel",
        "@geometry": "center"
      },
      "geometry": {
        "type": "Point",
        "coordinates": [
          11.4928952,
          3.8317746
        ]
      },
      "id": "way/217006562"
    },
    {
      "type": "Feature",
      "properties": {
        "@id": "way/217006738",
        "building": "yes",
        "name": "Universal",
        "source": "PFE(IT3) ENSTP Yaoundé - 2010",
        "tourism": "hotel",
        "@geometry": "center"
      },
      "geometry": {
        "type": "Point",
        "coordinates": [
          11.4890391,
          3.8312534
        ]
      },
      "id": "way/217006738"
    },
    {
      "type": "Feature",
      "properties": {
        "@id": "way/217234021",
        "amenity": "restaurant",
        "building": "yes",
        "name": "Black Diamond",
        "@geometry": "center"
      },
      "geometry": {
        "type": "Point",
        "coordinates": [
          11.5189364,
          3.8987005
        ]
      },
      "id": "way/217234021"
    },
    {
      "type": "Feature",
      "properties": {
        "@id": "way/217735026",
        "amenity": "doctors",
        "building": "yes",
        "name": "Centre de Santé Shlam humanitarian center for global services",
        "note:nature": "privé",
        "source": "survey:PFE(IT3) ENSTP Yaounde 2010",
        "@geometry": "center"
      },
      "geometry": {
        "type": "Point",
        "coordinates": [
          11.457255,
          3.8356626
        ]
      },
      "id": "way/217735026"
    },
    {
      "type": "Feature",
      "properties": {
        "@id": "way/218540579",
        "name": "Hôtel Zoé Motel",
        "source": "PFE(IT3) ENSTP Yaoundé - 2010",
        "tourism": "hotel",
        "@geometry": "center"
      },
      "geometry": {
        "type": "Point",
        "coordinates": [
          11.5226213,
          3.8569817
        ]
      },
      "id": "way/218540579"
    },
    {
      "type": "Feature",
      "properties": {
        "@id": "way/218661663",
        "amenity": "pharmacy",
        "building": "yes",
        "name": "Pharmacie de Nkoldongo",
        "phone": "99358422",
        "source": "survey:PFE(IT3) ENSTP Yaounde 2010",
        "@geometry": "center"
      },
      "geometry": {
        "type": "Point",
        "coordinates": [
          11.5272655,
          3.8560185
        ]
      },
      "id": "way/218661663"
    },
    {
      "type": "Feature",
      "properties": {
        "@id": "way/218661664",
        "amenity": "pharmacy",
        "building": "yes",
        "healthcare": "pharmacy",
        "name": "Pharmacie Star",
        "phone": "22302569",
        "source": "survey:PFE(IT3) ENSTP Yaounde 2010",
        "@geometry": "center"
      },
      "geometry": {
        "type": "Point",
        "coordinates": [
          11.5240268,
          3.8538515
        ]
      },
      "id": "way/218661664"
    },
    {
      "type": "Feature",
      "properties": {
        "@id": "way/218661665",
        "amenity": "pharmacy",
        "building": "yes",
        "healthcare": "pharmacy",
        "name": "Pharmacie Odza",
        "phone": "77741769",
        "source": "survey:PFE(IT3) ENSTP Yaounde 2010",
        "@geometry": "center"
      },
      "geometry": {
        "type": "Point",
        "coordinates": [
          11.5303141,
          3.8075445
        ]
      },
      "id": "way/218661665"
    },
    {
      "type": "Feature",
      "properties": {
        "@id": "way/218661666",
        "amenity": "pharmacy",
        "building": "yes",
        "dispensing": "no",
        "healthcare": "pharmacy",
        "name": "Pharmacie de Nkomo",
        "phone": "22303124",
        "source": "survey:PFE(IT3) ENSTP Yaounde 2010",
        "@geometry": "center"
      },
      "geometry": {
        "type": "Point",
        "coordinates": [
          11.5451299,
          3.8449966
        ]
      },
      "id": "way/218661666"
    },
    {
      "type": "Feature",
      "properties": {
        "@id": "way/218797783",
        "amenity": "pharmacy",
        "building": "yes",
        "healthcare": "pharmacy",
        "name": "Parapharmacie",
        "source": "GeoCameroun",
        "@geometry": "center"
      },
      "geometry": {
        "type": "Point",
        "coordinates": [
          11.5329287,
          3.8783805
        ]
      },
      "id": "way/218797783"
    },
    {
      "type": "Feature",
      "properties": {
        "@id": "way/218797784",
        "amenity": "pharmacy",
        "building": "yes",
        "healthcare": "pharmacy",
        "name": "Pharmacie 2000",
        "source": "GeoCameroun",
        "@geometry": "center"
      },
      "geometry": {
        "type": "Point",
        "coordinates": [
          11.5146666,
          3.8895156
        ]
      },
      "id": "way/218797784"
    },
    {
      "type": "Feature",
      "properties": {
        "@id": "way/218797785",
        "amenity": "pharmacy",
        "building": "yes",
        "healthcare": "pharmacy",
        "name": "Pharmacie Balance",
        "phone": "22237074",
        "source": "survey:PFE(IT3) ENSTP Yaounde 2010",
        "@geometry": "center"
      },
      "geometry": {
        "type": "Point",
        "coordinates": [
          11.5370343,
          3.8617127
        ]
      },
      "id": "way/218797785"
    },
    {
      "type": "Feature",
      "properties": {
        "@id": "way/218797787",
        "amenity": "pharmacy",
        "name": "Pharmacie Buvole Abondo",
        "source": "GeoCameroun",
        "@geometry": "center"
      },
      "geometry": {
        "type": "Point",
        "coordinates": [
          11.4927156,
          3.8892827
        ]
      },
      "id": "way/218797787"
    },
    {
      "type": "Feature",
      "properties": {
        "@id": "way/218797788",
        "amenity": "pharmacy",
        "building": "yes",
        "healthcare": "pharmacy",
        "name": "Pharmacie Emmanuel",
        "source": "GeoCameroun",
        "@geometry": "center"
      },
      "geometry": {
        "type": "Point",
        "coordinates": [
          11.508359,
          3.8797062
        ]
      },
      "id": "way/218797788"
    },
    {
      "type": "Feature",
      "properties": {
        "@id": "way/218797792",
        "amenity": "pharmacy",
        "building": "yes",
        "name": "Pharmacie Moliva",
        "source": "GeoCameroun",
        "@geometry": "center"
      },
      "geometry": {
        "type": "Point",
        "coordinates": [
          11.4947821,
          3.8779385
        ]
      },
      "id": "way/218797792"
    },
    {
      "type": "Feature",
      "properties": {
        "@id": "way/218797793",
        "amenity": "pharmacy",
        "building": "yes",
        "name": "Pharmacie Mongale",
        "source": "GeoCameroun",
        "@geometry": "center"
      },
      "geometry": {
        "type": "Point",
        "coordinates": [
          11.4923311,
          3.8862089
        ]
      },
      "id": "way/218797793"
    },
    {
      "type": "Feature",
      "properties": {
        "@id": "way/218797794",
        "amenity": "pharmacy",
        "building": "yes",
        "healthcare": "pharmacy",
        "name": "Pharmacie Notre-Dame",
        "source": "GeoCameroun",
        "@geometry": "center"
      },
      "geometry": {
        "type": "Point",
        "coordinates": [
          11.5026391,
          3.8855856
        ]
      },
      "id": "way/218797794"
    },
    {
      "type": "Feature",
      "properties": {
        "@id": "way/218797796",
        "amenity": "pharmacy",
        "building": "yes",
        "name": "Pharmacie d'Étondi",
        "source": "GeoCameroun",
        "@geometry": "center"
      },
      "geometry": {
        "type": "Point",
        "coordinates": [
          11.5234718,
          3.9164405
        ]
      },
      "id": "way/218797796"
    },
    {
      "type": "Feature",
      "properties": {
        "@id": "way/218797797",
        "amenity": "pharmacy",
        "building": "yes",
        "healthcare": "pharmacy",
        "name": "Pharmacie de Tongolo",
        "source": "GeoCameroun",
        "@geometry": "center"
      },
      "geometry": {
        "type": "Point",
        "coordinates": [
          11.52501,
          3.9068149
        ]
      },
      "id": "way/218797797"
    },
    {
      "type": "Feature",
      "properties": {
        "@id": "way/218797799",
        "amenity": "pharmacy",
        "building": "yes",
        "healthcare": "pharmacy",
        "name": "Pharmacie des Hortensia",
        "source": "GeoCameroun",
        "@geometry": "center"
      },
      "geometry": {
        "type": "Point",
        "coordinates": [
          11.5065239,
          3.8814503
        ]
      },
      "id": "way/218797799"
    },
    {
      "type": "Feature",
      "properties": {
        "@id": "way/218797801",
        "amenity": "pharmacy",
        "building": "yes",
        "healthcare": "pharmacy",
        "name": "Pharmacie du Château",
        "source": "GeoCameroun",
        "@geometry": "center"
      },
      "geometry": {
        "type": "Point",
        "coordinates": [
          11.5446105,
          3.8636263
        ]
      },
      "id": "way/218797801"
    },
    {
      "type": "Feature",
      "properties": {
        "@id": "way/218797802",
        "amenity": "pharmacy",
        "building": "yes",
        "healthcare": "pharmacy",
        "name": "Pharmacie du Jourdain",
        "source": "GeoCameroun",
        "@geometry": "center"
      },
      "geometry": {
        "type": "Point",
        "coordinates": [
          11.4977339,
          3.8847155
        ]
      },
      "id": "way/218797802"
    },
    {
      "type": "Feature",
      "properties": {
        "@id": "way/218797804",
        "amenity": "pharmacy",
        "building": "yes",
        "name": "Pharmacie du Palais",
        "source": "GeoCameroun",
        "@geometry": "center"
      },
      "geometry": {
        "type": "Point",
        "coordinates": [
          11.525617,
          3.9145154
        ]
      },
      "id": "way/218797804"
    },
    {
      "type": "Feature",
      "properties": {
        "@id": "way/218797805",
        "amenity": "pharmacy",
        "building": "yes",
        "check_date": "2023-12-29",
        "healthcare": "pharmacy",
        "name": "Pharmacie du Soleil",
        "payment:visa": "yes",
        "source": "GeoCameroun",
        "@geometry": "center"
      },
      "geometry": {
        "type": "Point",
        "coordinates": [
          11.5171518,
          3.8671196
        ]
      },
      "id": "way/218797805"
    },
    {
      "type": "Feature",
      "properties": {
        "@id": "way/218797809",
        "amenity": "pharmacy",
        "building": "yes",
        "healthcare": "pharmacy",
        "name": "Pharmacie la Concorde",
        "source": "GeoCameroun",
        "@geometry": "center"
      },
      "geometry": {
        "type": "Point",
        "coordinates": [
          11.5226326,
          3.8918053
        ]
      },
      "id": "way/218797809"
    },
    {
      "type": "Feature",
      "properties": {
        "@id": "way/218797810",
        "amenity": "pharmacy",
        "building": "yes",
        "healthcare": "pharmacy",
        "name": "Pharmacie la Flêche",
        "phone": "22230548",
        "source": "survey:PFE(IT3) ENSTP Yaounde 2010",
        "@geometry": "center"
      },
      "geometry": {
        "type": "Point",
        "coordinates": [
          11.5491529,
          3.8675074
        ]
      },
      "id": "way/218797810"
    },
    {
      "type": "Feature",
      "properties": {
        "@id": "way/218797812",
        "amenity": "pharmacy",
        "building": "yes",
        "healthcare": "pharmacy",
        "name": "Pharmacie le Cristallis",
        "source": "GeoCameroun",
        "@geometry": "center"
      },
      "geometry": {
        "type": "Point",
        "coordinates": [
          11.5234988,
          3.8819156
        ]
      },
      "id": "way/218797812"
    },
    {
      "type": "Feature",
      "properties": {
        "@id": "way/218797813",
        "amenity": "pharmacy",
        "building": "yes",
        "healthcare": "pharmacy",
        "name": "Pharmacie École de Police",
        "source": "GeoCameroun",
        "@geometry": "center"
      },
      "geometry": {
        "type": "Point",
        "coordinates": [
          11.5105848,
          3.8784154
        ]
      },
      "id": "way/218797813"
    },
    {
      "type": "Feature",
      "properties": {
        "@id": "way/218797814",
        "amenity": "pharmacy",
        "building": "yes",
        "healthcare": "pharmacy",
        "name": "Pharmacie Élobi",
        "source": "GeoCameroun",
        "@geometry": "center"
      },
      "geometry": {
        "type": "Point",
        "coordinates": [
          11.5010669,
          3.8778123
        ]
      },
      "id": "way/218797814"
    },
    {
      "type": "Feature",
      "properties": {
        "@id": "way/218797817",
        "addr:city": "Yaoundé",
        "addr:street": "Rue Antoine Essomba Many",
        "amenity": "pharmacy",
        "building": "yes",
        "healthcare": "pharmacy",
        "name": "Pharmacie Mvog-Ada",
        "source": "Herves2005",
        "@geometry": "center"
      },
      "geometry": {
        "type": "Point",
        "coordinates": [
          11.5278059,
          3.8643582
        ]
      },
      "id": "way/218797817"
    },
    {
      "type": "Feature",
      "properties": {
        "@id": "way/218797818",
        "amenity": "pharmacy",
        "building": "yes",
        "healthcare": "pharmacy",
        "name": "Pharmacie Aumachae",
        "source": "survey:PFE(IT3) ENSTP Yaounde 2010",
        "@geometry": "center"
      },
      "geometry": {
        "type": "Point",
        "coordinates": [
          11.5528177,
          3.8688083
        ]
      },
      "id": "way/218797818"
    },
    {
      "type": "Feature",
      "properties": {
        "@id": "way/218797819",
        "amenity": "pharmacy",
        "building": "yes",
        "healthcare": "pharmacy",
        "source": "GeoCameroun",
        "@geometry": "center"
      },
      "geometry": {
        "type": "Point",
        "coordinates": [
          11.5273189,
          3.8678805
        ]
      },
      "id": "way/218797819"
    },
    {
      "type": "Feature",
      "properties": {
        "@id": "way/218797822",
        "amenity": "pharmacy",
        "healthcare": "pharmacy",
        "source": "GeoCameroun",
        "@geometry": "center"
      },
      "geometry": {
        "type": "Point",
        "coordinates": [
          11.5520333,
          3.8684399
        ]
      },
      "id": "way/218797822"
    },
    {
      "type": "Feature",
      "properties": {
        "@id": "way/219052042",
        "amenity": "pharmacy",
        "building": "yes",
        "name": "Arab Contractor Residence",
        "source": "PFE(IT3) ENSTP Yaoundé - 2010",
        "@geometry": "center"
      },
      "geometry": {
        "type": "Point",
        "coordinates": [
          11.5225598,
          3.9321663
        ]
      },
      "id": "way/219052042"
    },
    {
      "type": "Feature",
      "properties": {
        "@id": "way/219052045",
        "amenity": "pharmacy",
        "building": "yes",
        "healthcare": "pharmacy",
        "name": "Béatitudes",
        "source": "PFE(IT3) ENSTP Yaoundé - 2010",
        "@geometry": "center"
      },
      "geometry": {
        "type": "Point",
        "coordinates": [
          11.4927971,
          3.8458393
        ]
      },
      "id": "way/219052045"
    },
    {
      "type": "Feature",
      "properties": {
        "@id": "way/219052046",
        "amenity": "pharmacy",
        "building": "yes",
        "healthcare": "pharmacy",
        "name": "CAI",
        "source": "PFE(IT3) ENSTP Yaoundé - 2010",
        "@geometry": "center"
      },
      "geometry": {
        "type": "Point",
        "coordinates": [
          11.5255722,
          3.9099995
        ]
      },
      "id": "way/219052046"
    },
    {
      "type": "Feature",
      "properties": {
        "@id": "way/219052048",
        "amenity": "pharmacy",
        "building": "yes",
        "healthcare": "pharmacy",
        "name": "CYFO",
        "source": "PFE(IT3) ENSTP Yaoundé - 2010",
        "@geometry": "center"
      },
      "geometry": {
        "type": "Point",
        "coordinates": [
          11.5400263,
          3.8105093
        ]
      },
      "id": "way/219052048"
    },
    {
      "type": "Feature",
      "properties": {
        "@id": "way/219052051",
        "amenity": "pharmacy",
        "building": "yes",
        "check_date": "2023-12-26",
        "internet_access": "no",
        "name": "Pharmacie Du Cypres",
        "source": "PFE(IT3) ENSTP Yaoundé - 2010",
        "@geometry": "center"
      },
      "geometry": {
        "type": "Point",
        "coordinates": [
          11.4549636,
          3.872903
        ]
      },
      "id": "way/219052051"
    },
    {
      "type": "Feature",
      "properties": {
        "@id": "way/219052057",
        "amenity": "pharmacy",
        "building": "yes",
        "healthcare": "pharmacy",
        "name": "François Tchoupou",
        "source": "PFE(IT3) ENSTP Yaoundé - 2010",
        "@geometry": "center"
      },
      "geometry": {
        "type": "Point",
        "coordinates": [
          11.5534379,
          3.8593653
        ]
      },
      "id": "way/219052057"
    },
    {
      "type": "Feature",
      "properties": {
        "@id": "way/219052059",
        "amenity": "pharmacy",
        "building": "yes",
        "healthcare": "pharmacy",
        "name": "Lido",
        "source": "PFE(IT3) ENSTP Yaoundé - 2010",
        "@geometry": "center"
      },
      "geometry": {
        "type": "Point",
        "coordinates": [
          11.5309413,
          3.8701728
        ]
      },
      "id": "way/219052059"
    },
    {
      "type": "Feature",
      "properties": {
        "@id": "way/219052060",
        "amenity": "pharmacy",
        "building": "yes",
        "healthcare": "pharmacy",
        "name": "Lienou",
        "source": "PFE(IT3) ENSTP Yaoundé - 2010",
        "@geometry": "center"
      },
      "geometry": {
        "type": "Point",
        "coordinates": [
          11.5556369,
          3.8594935
        ]
      },
      "id": "way/219052060"
    },
    {
      "type": "Feature",
      "properties": {
        "@id": "way/219052065",
        "amenity": "pharmacy",
        "building": "yes",
        "healthcare": "pharmacy",
        "name": "Obili",
        "source": "PFE(IT3) ENSTP Yaoundé - 2010",
        "@geometry": "center"
      },
      "geometry": {
        "type": "Point",
        "coordinates": [
          11.4934746,
          3.8512057
        ]
      },
      "id": "way/219052065"
    },
    {
      "type": "Feature",
      "properties": {
        "@id": "way/219052067",
        "amenity": "pharmacy",
        "building": "yes",
        "contact:phone": "242-31-42-61",
        "dispensing": "no",
        "healthcare": "pharmacy",
        "name": "Pharmacie Nsimeyong",
        "@geometry": "center"
      },
      "geometry": {
        "type": "Point",
        "coordinates": [
          11.4944118,
          3.8352367
        ]
      },
      "id": "way/219052067"
    },
    {
      "type": "Feature",
      "properties": {
        "@id": "way/219052068",
        "amenity": "pharmacy",
        "building": "yes",
        "healthcare": "pharmacy",
        "name": "Pharmacie Melen",
        "note:nature": "privé",
        "source": "survey:PFE(IT3) ENSTP Yaounde 2010",
        "@geometry": "center"
      },
      "geometry": {
        "type": "Point",
        "coordinates": [
          11.486577,
          3.8504058
        ]
      },
      "id": "way/219052068"
    },
    {
      "type": "Feature",
      "properties": {
        "@id": "way/219052075",
        "amenity": "restaurant",
        "building": "yes",
        "name": "Le Normalien",
        "note": "Le Normalien c'est bon, copieux et abordable... Mais 300 places ?",
        "seats": "300",
        "source": "survey:PFE(IT3) ENSTP Yaounde 2010",
        "start_date": "2009",
        "@geometry": "center"
      },
      "geometry": {
        "type": "Point",
        "coordinates": [
          11.5100097,
          3.8615385
        ]
      },
      "id": "way/219052075"
    },
    {
      "type": "Feature",
      "properties": {
        "@id": "way/219052089",
        "amenity": "pharmacy",
        "building": "yes",
        "healthcare": "pharmacy",
        "name": "le Flamboyant",
        "source": "PFE(IT3) ENSTP Yaoundé - 2010",
        "@geometry": "center"
      },
      "geometry": {
        "type": "Point",
        "coordinates": [
          11.4872997,
          3.8435064
        ]
      },
      "id": "way/219052089"
    },
    {
      "type": "Feature",
      "properties": {
        "@id": "way/219157313",
        "amenity": "hospital",
        "name": "Benoit Menni",
        "source": "GPS Openstreetmap Cameroun 2013",
        "@geometry": "center"
      },
      "geometry": {
        "type": "Point",
        "coordinates": [
          11.5042469,
          3.8388724
        ]
      },
      "id": "way/219157313"
    },
    {
      "type": "Feature",
      "properties": {
        "@id": "way/219157314",
        "amenity": "doctors",
        "name": "Centre Médical d'Arrondissement Étoa",
        "@geometry": "center"
      },
      "geometry": {
        "type": "Point",
        "coordinates": [
          11.4781055,
          3.7837303
        ]
      },
      "id": "way/219157314"
    },
    {
      "type": "Feature",
      "properties": {
        "@id": "way/219157317",
        "addr:postcode": "1686 Ydé",
        "amenity": "hospital",
        "contact:email": "cnrhyaounde@yahoo.fr",
        "contact:phone": "222310579",
        "contact:website": "www.cnrh.info",
        "emergency": "no",
        "healthcare": "hospital",
        "name": "Centre national de réhabilitation des personnes handicapées",
        "short_name": "CNRPH",
        "@geometry": "center"
      },
      "geometry": {
        "type": "Point",
        "coordinates": [
          11.4780986,
          3.8506339
        ]
      },
      "id": "way/219157317"
    },
    {
      "type": "Feature",
      "properties": {
        "@id": "way/219157320",
        "alt_name": "GIC",
        "amenity": "hospital",
        "building": "yes",
        "healthcare": "hospital",
        "name": "GIC Santé",
        "source": "sobzeros",
        "@geometry": "center"
      },
      "geometry": {
        "type": "Point",
        "coordinates": [
          11.5356075,
          3.8318128
        ]
      },
      "id": "way/219157320"
    },
    {
      "type": "Feature",
      "properties": {
        "@id": "way/219203270",
        "amenity": "doctors",
        "loc_name": "Dispensaire Messassi",
        "name": "Centre Médical d'Arrondissement Yaoundé I Olembe",
        "short_name": "CMA Yaoundé I Olembe",
        "@geometry": "center"
      },
      "geometry": {
        "type": "Point",
        "coordinates": [
          11.5221115,
          3.9463755
        ]
      },
      "id": "way/219203270"
    },
    {
      "type": "Feature",
      "properties": {
        "@id": "way/219203271",
        "amenity": "doctors",
        "healthcare": "doctor",
        "name": "Cabinet de Soins Santa Teresa",
        "source": "sobzeros",
        "@geometry": "center"
      },
      "geometry": {
        "type": "Point",
        "coordinates": [
          11.5638281,
          3.8895555
        ]
      },
      "id": "way/219203271"
    },
    {
      "type": "Feature",
      "properties": {
        "@id": "way/219203272",
        "amenity": "hospital",
        "healthcare": "hospital",
        "name": "Centre de la Mère et de l'Enfant",
        "@geometry": "center"
      },
      "geometry": {
        "type": "Point",
        "coordinates": [
          11.5170196,
          3.8827795
        ]
      },
      "id": "way/219203272"
    },
    {
      "type": "Feature",
      "properties": {
        "@id": "way/219203273",
        "amenity": "clinic",
        "healthcare": "clinic",
        "name": "Clinique Médico-Chirurgicale Sainte-Marie",
        "@geometry": "center"
      },
      "geometry": {
        "type": "Point",
        "coordinates": [
          11.5481361,
          3.8973905
        ]
      },
      "id": "way/219203273"
    },
    {
      "type": "Feature",
      "properties": {
        "@id": "way/219203274",
        "addr:postcode": "8192 Ydï¿½",
        "alt_name:en": "Cathedral Medical Center",
        "amenity": "clinic",
        "contact:email": "accueil@centremedicalelacathedrale.com",
        "contact:phone": "222203678",
        "healthcare": "clinic",
        "name": "Centre Médical la Cathédrale",
        "@geometry": "center"
      },
      "geometry": {
        "type": "Point",
        "coordinates": [
          11.5346606,
          3.8837825
        ]
      },
      "id": "way/219203274"
    },
    {
      "type": "Feature",
      "properties": {
        "@id": "way/219203275",
        "amenity": "doctors",
        "healthcare": "doctor",
        "name": "Dispensaire de Mimboman",
        "@geometry": "center"
      },
      "geometry": {
        "type": "Point",
        "coordinates": [
          11.5602646,
          3.869789
        ]
      },
      "id": "way/219203275"
    },
    {
      "type": "Feature",
      "properties": {
        "@id": "way/219203276",
        "amenity": "doctors",
        "healthcare": "doctor",
        "name": "Fondation Médicale de La Paix",
        "@geometry": "center"
      },
      "geometry": {
        "type": "Point",
        "coordinates": [
          11.567234,
          3.8921546
        ]
      },
      "id": "way/219203276"
    },
    {
      "type": "Feature",
      "properties": {
        "@id": "way/219203277",
        "amenity": "hospital",
        "name": "Groupement d'Investissement Communautaire Santé le Sonline",
        "short_name": "GIC",
        "@geometry": "center"
      },
      "geometry": {
        "type": "Point",
        "coordinates": [
          11.5298241,
          3.9521428
        ]
      },
      "id": "way/219203277"
    },
    {
      "type": "Feature",
      "properties": {
        "@id": "way/219203280",
        "amenity": "hospital",
        "name": "Hôpital Catholique Deo Gratias Afrique Future",
        "@geometry": "center"
      },
      "geometry": {
        "type": "Point",
        "coordinates": [
          11.5049263,
          3.923888
        ]
      },
      "id": "way/219203280"
    },
    {
      "type": "Feature",
      "properties": {
        "@id": "way/219466460",
        "amenity": "dentist",
        "building": "yes",
        "denomination": "presbyterian",
        "healthcare": "dentist",
        "name": "Cabinet Dentaire EPC",
        "religion": "christian",
        "short_name": "EPC",
        "@geometry": "center"
      },
      "geometry": {
        "type": "Point",
        "coordinates": [
          11.5228116,
          3.882067
        ]
      },
      "id": "way/219466460"
    },
    {
      "type": "Feature",
      "properties": {
        "@id": "way/219988752",
        "amenity": "doctors",
        "healthcare": "doctor",
        "name": "Centre Nutritionnel",
        "source": "GeoCameroun",
        "@geometry": "center"
      },
      "geometry": {
        "type": "Point",
        "coordinates": [
          11.5679345,
          3.8684631
        ]
      },
      "id": "way/219988752"
    },
    {
      "type": "Feature",
      "properties": {
        "@id": "way/220117510",
        "historic": "memorial",
        "name": "Charles Atangana",
        "wikidata": "Q43075002",
        "@geometry": "center"
      },
      "geometry": {
        "type": "Point",
        "coordinates": [
          11.5201854,
          3.8588309
        ]
      },
      "id": "way/220117510"
    },
    {
      "type": "Feature",
      "properties": {
        "@id": "way/220774744",
        "amenity": "cafe",
        "building": "yes",
        "@geometry": "center"
      },
      "geometry": {
        "type": "Point",
        "coordinates": [
          11.5143866,
          3.8709148
        ]
      },
      "id": "way/220774744"
    },
    {
      "type": "Feature",
      "properties": {
        "@id": "way/221005926",
        "amenity": "clinic",
        "building": "yes",
        "healthcare": "clinic",
        "name": "Etoug-Ebe Baptist Hospital",
        "note": "semi dur",
        "source": "survey",
        "@geometry": "center"
      },
      "geometry": {
        "type": "Point",
        "coordinates": [
          11.4853218,
          3.8475145
        ]
      },
      "id": "way/221005926"
    },
    {
      "type": "Feature",
      "properties": {
        "@id": "way/221016069",
        "amenity": "restaurant",
        "building": "yes",
        "cuisine": "regional",
        "name": "Paletuvier",
        "note": "semi dur",
        "source": "survey",
        "@geometry": "center"
      },
      "geometry": {
        "type": "Point",
        "coordinates": [
          11.5210064,
          3.8709956
        ]
      },
      "id": "way/221016069"
    },
    {
      "type": "Feature",
      "properties": {
        "@id": "way/221017747",
        "amenity": "hospital",
        "building": "yes",
        "healthcare": "hospital",
        "name": "Diagnosticis Cameroon",
        "note": "semi dur",
        "source": "survey",
        "@geometry": "center"
      },
      "geometry": {
        "type": "Point",
        "coordinates": [
          11.5348115,
          3.8796532
        ]
      },
      "id": "way/221017747"
    },
    {
      "type": "Feature",
      "properties": {
        "@id": "way/221026549",
        "amenity": "hospital",
        "building": "yes",
        "healthcare": "hospital",
        "name": "La Passerelle Clinique",
        "note": "semi dur",
        "source": "survey",
        "@geometry": "center"
      },
      "geometry": {
        "type": "Point",
        "coordinates": [
          11.4684997,
          3.8748021
        ]
      },
      "id": "way/221026549"
    },
    {
      "type": "Feature",
      "properties": {
        "@id": "way/221349468",
        "building": "yes",
        "name": "Printemps",
        "opening_hours": "24/7",
        "phone": "22667268",
        "ref": "BP 600 YDE",
        "source": "survey:PFE(IT3) ENSTP Yaounde 2010",
        "stars": "1",
        "tourism": "hotel",
        "@geometry": "center"
      },
      "geometry": {
        "type": "Point",
        "coordinates": [
          11.5390812,
          3.8427225
        ]
      },
      "id": "way/221349468"
    },
    {
      "type": "Feature",
      "properties": {
        "@id": "way/221409784",
        "amenity": "doctors",
        "building": "yes",
        "healthcare": "doctor",
        "name": "Cabinet de soins ORL (Oto-Rhino-Laryngologie)",
        "note:nature": "privé",
        "source": "survey:PFE(IT3) ENSTP Yaounde 2010",
        "@geometry": "center"
      },
      "geometry": {
        "type": "Point",
        "coordinates": [
          11.4847585,
          3.8328558
        ]
      },
      "id": "way/221409784"
    },
    {
      "type": "Feature",
      "properties": {
        "@id": "way/221819365",
        "amenity": "clinic",
        "healthcare": "clinic",
        "source": "survey",
        "@geometry": "center"
      },
      "geometry": {
        "type": "Point",
        "coordinates": [
          11.5172152,
          3.8925991
        ]
      },
      "id": "way/221819365"
    },
    {
      "type": "Feature",
      "properties": {
        "@id": "way/222060240",
        "amenity": "hospital",
        "healthcare": "hospital",
        "name": "Centre Hospitalier d'Essos",
        "@geometry": "center"
      },
      "geometry": {
        "type": "Point",
        "coordinates": [
          11.5324173,
          3.8714219
        ]
      },
      "id": "way/222060240"
    },
    {
      "type": "Feature",
      "properties": {
        "@id": "way/222098966",
        "addr:city": "Yaoundé",
        "addr:street": "Rue Albert Ateba Ebe",
        "amenity": "doctors",
        "building": "hospital",
        "description": "Le Centre Médical le Jourdain/Jordan Medical Services est un centre de diagnostic offrant une gamme variée de services médicaux spécialisés pour toutes les spécialités.",
        "name": "Centre Médical Le Jourdain",
        "name:en": "Jordan Medical Center",
        "phone": "+237 6 78 27 66 54",
        "@geometry": "center"
      },
      "geometry": {
        "type": "Point",
        "coordinates": [
          11.5161039,
          3.8821777
        ]
      },
      "id": "way/222098966"
    },
    {
      "type": "Feature",
      "properties": {
        "@id": "way/222102550",
        "amenity": "clinic",
        "building": "yes",
        "healthcare": "clinic",
        "name": "centre medical Ste veronique",
        "source": "survey",
        "@geometry": "center"
      },
      "geometry": {
        "type": "Point",
        "coordinates": [
          11.4876985,
          3.8509227
        ]
      },
      "id": "way/222102550"
    },
    {
      "type": "Feature",
      "properties": {
        "@id": "way/222102581",
        "amenity": "restaurant",
        "building": "yes",
        "@geometry": "center"
      },
      "geometry": {
        "type": "Point",
        "coordinates": [
          11.5103826,
          3.8612562
        ]
      },
      "id": "way/222102581"
    },
    {
      "type": "Feature",
      "properties": {
        "@id": "way/222106302",
        "amenity": "hospital",
        "building": "yes",
        "healthcare": "hospital",
        "name": "Clinique St Christine",
        "name:fr": "Clinique St Christine",
        "source": "survey",
        "@geometry": "center"
      },
      "geometry": {
        "type": "Point",
        "coordinates": [
          11.4787218,
          3.8341012
        ]
      },
      "id": "way/222106302"
    },
    {
      "type": "Feature",
      "properties": {
        "@id": "way/222859466",
        "amenity": "doctors",
        "building": "yes",
        "name": "Dispensaire",
        "source": "sobzeros",
        "@geometry": "center"
      },
      "geometry": {
        "type": "Point",
        "coordinates": [
          11.499662,
          3.8414209
        ]
      },
      "id": "way/222859466"
    },
    {
      "type": "Feature",
      "properties": {
        "@id": "way/230560444",
        "amenity": "hospital",
        "contact:phone": "222312565",
        "healthcare": "hospital",
        "name": "Centre Hospitalier Universitaire",
        "short_name": "CHU",
        "@geometry": "center"
      },
      "geometry": {
        "type": "Point",
        "coordinates": [
          11.4961416,
          3.8627065
        ]
      },
      "id": "way/230560444"
    },
    {
      "type": "Feature",
      "properties": {
        "@id": "way/236047936",
        "addr:city": "Yaounde",
        "amenity": "restaurant",
        "indoor_seating": "yes",
        "name": "Dolce Vita",
        "outdoor_seating": "no",
        "phone": "22232884",
        "post_box": "BP 1156",
        "@geometry": "center"
      },
      "geometry": {
        "type": "Point",
        "coordinates": [
          11.5167224,
          3.8675503
        ]
      },
      "id": "way/236047936"
    },
    {
      "type": "Feature",
      "properties": {
        "@id": "way/236844355",
        "amenity": "hospital",
        "name": "Hôpital de la Cité Verte",
        "@geometry": "center"
      },
      "geometry": {
        "type": "Point",
        "coordinates": [
          11.4899307,
          3.8760929
        ]
      },
      "id": "way/236844355"
    },
    {
      "type": "Feature",
      "properties": {
        "@id": "way/264163834",
        "amenity": "doctors",
        "building": "hospital",
        "name": "Centre de santé intégré de Tikong",
        "name:fr": "Centre de santé intégré de Tikong",
        "@geometry": "center"
      },
      "geometry": {
        "type": "Point",
        "coordinates": [
          11.3046996,
          3.7915676
        ]
      },
      "id": "way/264163834"
    },
    {
      "type": "Feature",
      "properties": {
        "@id": "way/292324151",
        "amenity": "restaurant",
        "building": "commercial",
        "name": "Crifasy Restau",
        "source": "Survey TSF Cameroun 2014",
        "@geometry": "center"
      },
      "geometry": {
        "type": "Point",
        "coordinates": [
          11.5931363,
          3.9686449
        ]
      },
      "id": "way/292324151"
    },
    {
      "type": "Feature",
      "properties": {
        "@id": "way/292326831",
        "amenity": "restaurant",
        "building": "commercial",
        "cuisine": "cameroonian",
        "source": "survey TSF Cameroun 2014",
        "@geometry": "center"
      },
      "geometry": {
        "type": "Point",
        "coordinates": [
          11.5910515,
          3.9848668
        ]
      },
      "id": "way/292326831"
    },
    {
      "type": "Feature",
      "properties": {
        "@id": "way/292327491",
        "name": "Saint Philomenia Student Hostel",
        "source": "Survey TSF Cameroun 2014",
        "tourism": "hotel",
        "@geometry": "center"
      },
      "geometry": {
        "type": "Point",
        "coordinates": [
          11.5963823,
          3.9669608
        ]
      },
      "id": "way/292327491"
    },
    {
      "type": "Feature",
      "properties": {
        "@id": "way/292697965",
        "amenity": "restaurant",
        "building": "commercial",
        "name": "Le Refuge chez Mama Odile",
        "source": "Survey TSF Cameroun 2014",
        "@geometry": "center"
      },
      "geometry": {
        "type": "Point",
        "coordinates": [
          11.5931359,
          3.9672664
        ]
      },
      "id": "way/292697965"
    },
    {
      "type": "Feature",
      "properties": {
        "@id": "way/292698059",
        "amenity": "restaurant",
        "building": "commercial",
        "name": "Salome Restau",
        "@geometry": "center"
      },
      "geometry": {
        "type": "Point",
        "coordinates": [
          11.5928438,
          3.9675516
        ]
      },
      "id": "way/292698059"
    },
    {
      "type": "Feature",
      "properties": {
        "@id": "way/292701078",
        "amenity": "restaurant",
        "building": "school",
        "name": "Mao le Sénégalais",
        "note": "Université Yaoundé 2 Soa",
        "source": "Survey TSF Cameroun 2014",
        "@geometry": "center"
      },
      "geometry": {
        "type": "Point",
        "coordinates": [
          11.5903757,
          3.9640714
        ]
      },
      "id": "way/292701078"
    },
    {
      "type": "Feature",
      "properties": {
        "@id": "way/292705327",
        "amenity": "restaurant",
        "@geometry": "center"
      },
      "geometry": {
        "type": "Point",
        "coordinates": [
          11.5938861,
          3.9613736
        ]
      },
      "id": "way/292705327"
    },
    {
      "type": "Feature",
      "properties": {
        "@id": "way/292842064",
        "amenity": "clinic",
        "building": "public",
        "healthcare": "clinic",
        "name": "Clinique ZOS du Dr. Obiang",
        "phone": "77 52 23 99",
        "source": "Survey TSF Cameroun 2014",
        "@geometry": "center"
      },
      "geometry": {
        "type": "Point",
        "coordinates": [
          11.5928622,
          3.9817845
        ]
      },
      "id": "way/292842064"
    },
    {
      "type": "Feature",
      "properties": {
        "@id": "way/292842099",
        "amenity": "restaurant",
        "building": "commercial",
        "source": "Survey TSF Cameroun 2014",
        "@geometry": "center"
      },
      "geometry": {
        "type": "Point",
        "coordinates": [
          11.5943327,
          3.9819691
        ]
      },
      "id": "way/292842099"
    },
    {
      "type": "Feature",
      "properties": {
        "@id": "way/292851389",
        "amenity": "restaurant",
        "building": "commercial",
        "microbrewery": "yes",
        "name": "Le Réveil",
        "opening_hours": "24/7",
        "source": "Survey TSF Cameroun 2014",
        "@geometry": "center"
      },
      "geometry": {
        "type": "Point",
        "coordinates": [
          11.593907,
          3.9749429
        ]
      },
      "id": "way/292851389"
    },
    {
      "type": "Feature",
      "properties": {
        "@id": "way/292852187",
        "amenity": "restaurant",
        "building": "yes",
        "cuisine": "cameroonian",
        "@geometry": "center"
      },
      "geometry": {
        "type": "Point",
        "coordinates": [
          11.6023716,
          3.9840508
        ]
      },
      "id": "way/292852187"
    },
    {
      "type": "Feature",
      "properties": {
        "@id": "way/292852256",
        "amenity": "restaurant",
        "building": "commercial",
        "microbrewery": "yes",
        "@geometry": "center"
      },
      "geometry": {
        "type": "Point",
        "coordinates": [
          11.6025387,
          3.9842397
        ]
      },
      "id": "way/292852256"
    },
    {
      "type": "Feature",
      "properties": {
        "@id": "way/292852726",
        "amenity": "restaurant",
        "building": "commercial",
        "microbrewery": "yes",
        "name": "Tchop et Yamö",
        "source": "survey TSF Cameroun 2014",
        "@geometry": "center"
      },
      "geometry": {
        "type": "Point",
        "coordinates": [
          11.6032542,
          3.9863675
        ]
      },
      "id": "way/292852726"
    },
    {
      "type": "Feature",
      "properties": {
        "@id": "way/292856322",
        "amenity": "restaurant",
        "building": "commercial",
        "microbrewery": "yes",
        "name": "Chez John Dugibier",
        "source": "Survey TSF Cameroun 2014",
        "@geometry": "center"
      },
      "geometry": {
        "type": "Point",
        "coordinates": [
          11.5938159,
          3.982272
        ]
      },
      "id": "way/292856322"
    },
    {
      "type": "Feature",
      "properties": {
        "@id": "way/292896731",
        "building": "hotel",
        "name": "Pat-Lane Hostel",
        "phone": "99 07 09 29",
        "source": "Survey TSF Cameroun 2014",
        "tourism": "hotel",
        "@geometry": "center"
      },
      "geometry": {
        "type": "Point",
        "coordinates": [
          11.6001384,
          3.9810753
        ]
      },
      "id": "way/292896731"
    },
    {
      "type": "Feature",
      "properties": {
        "@id": "way/293058756",
        "amenity": "restaurant",
        "building": "commercial",
        "microbrewery": "yes",
        "name": "TKC Plus",
        "source": "Survey TSF Cameroun 2014",
        "@geometry": "center"
      },
      "geometry": {
        "type": "Point",
        "coordinates": [
          11.5939594,
          3.9739915
        ]
      },
      "id": "way/293058756"
    },
    {
      "type": "Feature",
      "properties": {
        "@id": "way/293073197",
        "amenity": "hospital",
        "building": "public",
        "healthcare": "hospital",
        "name": "Cabinet Medical La Rose",
        "source": "Survey TSF Cameroun 2014",
        "@geometry": "center"
      },
      "geometry": {
        "type": "Point",
        "coordinates": [
          11.6005936,
          3.9795395
        ]
      },
      "id": "way/293073197"
    },
    {
      "type": "Feature",
      "properties": {
        "@id": "way/293073418",
        "amenity": "restaurant",
        "building": "commercial",
        "cuisine": "La vieille Marmitte",
        "source": "Survey TSF Cameroun 2014",
        "@geometry": "center"
      },
      "geometry": {
        "type": "Point",
        "coordinates": [
          11.5972341,
          3.9762762
        ]
      },
      "id": "way/293073418"
    },
    {
      "type": "Feature",
      "properties": {
        "@id": "way/293073420",
        "amenity": "restaurant",
        "name": "Class Tendance",
        "phone": "+237672653089;694783930;658499282;653413845",
        "@geometry": "center"
      },
      "geometry": {
        "type": "Point",
        "coordinates": [
          11.596492,
          3.9750918
        ]
      },
      "id": "way/293073420"
    },
    {
      "type": "Feature",
      "properties": {
        "@id": "way/293073425",
        "amenity": "restaurant",
        "building": "commercial",
        "fixme": "Duplicate ?",
        "name": "Class Tendance",
        "phone": "72653089/94783930",
        "source": "Survey TSF Cameroun 2014",
        "@geometry": "center"
      },
      "geometry": {
        "type": "Point",
        "coordinates": [
          11.5966038,
          3.9748884
        ]
      },
      "id": "way/293073425"
    },
    {
      "type": "Feature",
      "properties": {
        "@id": "way/293073430",
        "amenity": "doctors",
        "building": "hospital",
        "name": "Centre de Santé LAP",
        "phone": "77969407/99265249",
        "short_name": "Clinique",
        "source": "survey TSF Cameroun 2014",
        "@geometry": "center"
      },
      "geometry": {
        "type": "Point",
        "coordinates": [
          11.6001617,
          3.9789853
        ]
      },
      "id": "way/293073430"
    },
    {
      "type": "Feature",
      "properties": {
        "@id": "way/293073443",
        "amenity": "restaurant",
        "building": "commercial",
        "source": "Survey TSF Cameroun 2014",
        "@geometry": "center"
      },
      "geometry": {
        "type": "Point",
        "coordinates": [
          11.5978349,
          3.9765846
        ]
      },
      "id": "way/293073443"
    },
    {
      "type": "Feature",
      "properties": {
        "@id": "way/293193590",
        "building": "yes",
        "name": "Village Madiba",
        "phone": "+237699912623",
        "tourism": "attraction",
        "@geometry": "center"
      },
      "geometry": {
        "type": "Point",
        "coordinates": [
          11.5677218,
          3.9460631
        ]
      },
      "id": "way/293193590"
    },
    {
      "type": "Feature",
      "properties": {
        "@id": "way/295988497",
        "amenity": "place_of_worship",
        "building": "yes",
        "historic": "memorial",
        "memorial": "Marie",
        "religion": "christian",
        "source": "Survey TSF Cameroun 2014",
        "@geometry": "center"
      },
      "geometry": {
        "type": "Point",
        "coordinates": [
          11.595342,
          3.9688034
        ]
      },
      "id": "way/295988497"
    },
    {
      "type": "Feature",
      "properties": {
        "@id": "way/295998701",
        "amenity": "restaurant",
        "building": "commercial",
        "name": "Le Césame",
        "source": "Survey TSF Cameroun 2014",
        "@geometry": "center"
      },
      "geometry": {
        "type": "Point",
        "coordinates": [
          11.5932539,
          3.9749952
        ]
      },
      "id": "way/295998701"
    },
    {
      "type": "Feature",
      "properties": {
        "@id": "way/296050265",
        "amenity": "restaurant",
        "building": "commercial",
        "source": "Survey TSF Cameroun 2014",
        "@geometry": "center"
      },
      "geometry": {
        "type": "Point",
        "coordinates": [
          11.5934199,
          3.9687735
        ]
      },
      "id": "way/296050265"
    },
    {
      "type": "Feature",
      "properties": {
        "@id": "way/296169798",
        "amenity": "restaurant",
        "name": "Snack Bar Restau Mister M",
        "old_name": "Billar, Grillarde",
        "source": "survey TSF Cameroun 2014",
        "@geometry": "center"
      },
      "geometry": {
        "type": "Point",
        "coordinates": [
          11.5936833,
          3.9631874
        ]
      },
      "id": "way/296169798"
    },
    {
      "type": "Feature",
      "properties": {
        "@id": "way/316078160",
        "amenity": "restaurant",
        "building": "yes",
        "name": "Restaurant Municipal La Cascade",
        "@geometry": "center"
      },
      "geometry": {
        "type": "Point",
        "coordinates": [
          11.5141953,
          3.8677681
        ]
      },
      "id": "way/316078160"
    },
    {
      "type": "Feature",
      "properties": {
        "@id": "way/351882730",
        "amenity": "cafe",
        "building": "yes",
        "name": "Café bonjour",
        "name:fr": "Café bonjour",
        "@geometry": "center"
      },
      "geometry": {
        "type": "Point",
        "coordinates": [
          11.4233887,
          3.7887798
        ]
      },
      "id": "way/351882730"
    },
    {
      "type": "Feature",
      "properties": {
        "@id": "way/354338125",
        "amenity": "doctors",
        "building": "yes",
        "healthcare": "doctor",
        "name": "Centre santé de Nomayos 1",
        "@geometry": "center"
      },
      "geometry": {
        "type": "Point",
        "coordinates": [
          11.4496192,
          3.7879034
        ]
      },
      "id": "way/354338125"
    },
    {
      "type": "Feature",
      "properties": {
        "@id": "way/354338207",
        "amenity": "doctors",
        "building": "yes",
        "healthcare": "doctor",
        "name": "maternité de Nomayos 1",
        "@geometry": "center"
      },
      "geometry": {
        "type": "Point",
        "coordinates": [
          11.4497971,
          3.7879504
        ]
      },
      "id": "way/354338207"
    },
    {
      "type": "Feature",
      "properties": {
        "@id": "way/356732891",
        "historic": "archaeological_site",
        "@geometry": "center"
      },
      "geometry": {
        "type": "Point",
        "coordinates": [
          11.5547393,
          3.803233
        ]
      },
      "id": "way/356732891"
    },
    {
      "type": "Feature",
      "properties": {
        "@id": "way/356765619",
        "historic": "archaeological_site",
        "@geometry": "center"
      },
      "geometry": {
        "type": "Point",
        "coordinates": [
          11.5547393,
          3.803233
        ]
      },
      "id": "way/356765619"
    },
    {
      "type": "Feature",
      "properties": {
        "@id": "way/385137757",
        "amenity": "pharmacy",
        "building": "yes",
        "dispensing": "no",
        "healthcare": "pharmacy",
        "name": "Pharmacie des Acacias",
        "source": "sobzeros",
        "@geometry": "center"
      },
      "geometry": {
        "type": "Point",
        "coordinates": [
          11.4879527,
          3.8412473
        ]
      },
      "id": "way/385137757"
    },
    {
      "type": "Feature",
      "properties": {
        "@id": "way/410014233",
        "contact:email": "reservationhotel.liza@yahoo.com",
        "contact:phone": "670000014",
        "name": "Liza Hotel",
        "tourism": "hostel",
        "@geometry": "center"
      },
      "geometry": {
        "type": "Point",
        "coordinates": [
          11.5238727,
          3.8010508
        ]
      },
      "id": "way/410014233"
    },
    {
      "type": "Feature",
      "properties": {
        "@id": "way/410014238",
        "contact:phone": "677766450",
        "name": "MOTEL COMPLEXE DECOR",
        "tourism": "hostel",
        "@geometry": "center"
      },
      "geometry": {
        "type": "Point",
        "coordinates": [
          11.5291938,
          3.801912
        ]
      },
      "id": "way/410014238"
    },
    {
      "type": "Feature",
      "properties": {
        "@id": "way/410014241",
        "amenity": "clinic",
        "building": "yes",
        "name": "POLYCLINIQUE INNOV'A",
        "@geometry": "center"
      },
      "geometry": {
        "type": "Point",
        "coordinates": [
          11.5260066,
          3.8007453
        ]
      },
      "id": "way/410014241"
    },
    {
      "type": "Feature",
      "properties": {
        "@id": "way/410018407",
        "addr:postcode": "14106 Ydï¿½",
        "amenity": "pharmacy",
        "contact:email": "infodla@ubipharmcameroun.com",
        "contact:fax": "222312932",
        "contact:phone": "222312983",
        "contact:website": "www.ubipharm.com",
        "name": "UBI PHARM",
        "@geometry": "center"
      },
      "geometry": {
        "type": "Point",
        "coordinates": [
          11.5099728,
          3.8171268
        ]
      },
      "id": "way/410018407"
    },
    {
      "type": "Feature",
      "properties": {
        "@id": "way/410036314",
        "contact:email": "contact@xavierahotel.com",
        "contact:phone": "694668487",
        "contact:website": "www.xavierahotel.com",
        "name": "Xaviera Hotel",
        "opening_hours": "24/7",
        "stars": "3",
        "tourism": "hotel",
        "@geometry": "center"
      },
      "geometry": {
        "type": "Point",
        "coordinates": [
          11.5277267,
          3.8168353
        ]
      },
      "id": "way/410036314"
    },
    {
      "type": "Feature",
      "properties": {
        "@id": "way/410036592",
        "name": "Hôtel Copacabana",
        "tourism": "hostel",
        "@geometry": "center"
      },
      "geometry": {
        "type": "Point",
        "coordinates": [
          11.5326633,
          3.8204623
        ]
      },
      "id": "way/410036592"
    },
    {
      "type": "Feature",
      "properties": {
        "@id": "way/410036783",
        "contact:email": "info@luxtral-hotel.com",
        "contact:fax": "222304624",
        "contact:phone": "651809021",
        "internet_access": "wlan",
        "name": "Luxtral Hôtel",
        "opening_hours": "24/7",
        "phone": "242304624",
        "source": "survey:PFE(IT3) ENSTP Yaounde 2010",
        "stars": "3",
        "tourism": "hotel",
        "website": "http://www.luxtral-hotel.com",
        "@geometry": "center"
      },
      "geometry": {
        "type": "Point",
        "coordinates": [
          11.5357967,
          3.8241826
        ]
      },
      "id": "way/410036783"
    },
    {
      "type": "Feature",
      "properties": {
        "@id": "way/410050533",
        "building": "yes",
        "contact:email": "feliciahotel@yahoo.fr",
        "contact:phone": "222304375",
        "name": "Felicia Hotel",
        "tourism": "hostel",
        "@geometry": "center"
      },
      "geometry": {
        "type": "Point",
        "coordinates": [
          11.5180596,
          3.8446676
        ]
      },
      "id": "way/410050533"
    },
    {
      "type": "Feature",
      "properties": {
        "@id": "way/410056143",
        "addr:postcode": "8389 Ydï¿½",
        "building": "yes",
        "contact:email": "kamthehotel@yahoo.fr",
        "contact:fax": "222 31 55 69",
        "contact:phone": "222315569",
        "contact:website": "www.kamthehotel.com",
        "name": "Kamthe Hôtel",
        "source": "PFE(IT3) ENSTP Yaoundé - 2010",
        "tourism": "hotel",
        "@geometry": "center"
      },
      "geometry": {
        "type": "Point",
        "coordinates": [
          11.4703378,
          3.8310904
        ]
      },
      "id": "way/410056143"
    },
    {
      "type": "Feature",
      "properties": {
        "@id": "way/410064971",
        "contact:email": "somatelbiyemassi@yahoo.fr",
        "contact:phone": "222319103",
        "name": "SOMATEL HOTEL Biyem-assi",
        "tourism": "hostel",
        "@geometry": "center"
      },
      "geometry": {
        "type": "Point",
        "coordinates": [
          11.485406,
          3.8434619
        ]
      },
      "id": "way/410064971"
    },
    {
      "type": "Feature",
      "properties": {
        "@id": "way/410232320",
        "amenity": "clinic",
        "building": "yes",
        "healthcare": "clinic",
        "name": "Laboratoire d'analyse médicale du centre",
        "phone": "+237 222 23 04 74",
        "source": "sobzeros",
        "@geometry": "center"
      },
      "geometry": {
        "type": "Point",
        "coordinates": [
          11.5202386,
          3.8548733
        ]
      },
      "id": "way/410232320"
    },
    {
      "type": "Feature",
      "properties": {
        "@id": "way/410232321",
        "addr:street": "Avenue Charles Atangana",
        "amenity": "pharmacy",
        "building": "yes",
        "healthcare": "pharmacy",
        "name": "Pharmacie XAVYO",
        "@geometry": "center"
      },
      "geometry": {
        "type": "Point",
        "coordinates": [
          11.5200944,
          3.8546978
        ]
      },
      "id": "way/410232321"
    },
    {
      "type": "Feature",
      "properties": {
        "@id": "way/410236396",
        "amenity": "hospital",
        "contact:phone": "222220403",
        "healthcare": "hospital",
        "name": "Hôpital de la CASS",
        "@geometry": "center"
      },
      "geometry": {
        "type": "Point",
        "coordinates": [
          11.536096,
          3.8582118
        ]
      },
      "id": "way/410236396"
    },
    {
      "type": "Feature",
      "properties": {
        "@id": "way/410241002",
        "addr:street": "Avenue Monseigneur Vogt",
        "amenity": "pharmacy",
        "building": "yes",
        "check_date": "2023-12-10",
        "contact:phone": "+237 2 42 00 11 33",
        "healthcare": "pharmacy",
        "name": "Pharmacie Camerounaise",
        "source": "sobzeros",
        "@geometry": "center"
      },
      "geometry": {
        "type": "Point",
        "coordinates": [
          11.5214425,
          3.862906
        ]
      },
      "id": "way/410241002"
    },
    {
      "type": "Feature",
      "properties": {
        "@id": "way/410244113",
        "building": "yes",
        "building:levels": "14",
        "name": "Djeuga Appart",
        "tourism": "hotel",
        "@geometry": "center"
      },
      "geometry": {
        "type": "Point",
        "coordinates": [
          11.5190023,
          3.8637478
        ]
      },
      "id": "way/410244113"
    },
    {
      "type": "Feature",
      "properties": {
        "@id": "way/410248615",
        "addr:postcode": "24 Ydï¿½",
        "contact:email": "hotel.deputes@yahoo.fr",
        "contact:fax": "222232435",
        "contact:phone": "222231555",
        "contact:website": "www.hoteldesdeputes.com",
        "tourism": "attraction",
        "@geometry": "center"
      },
      "geometry": {
        "type": "Point",
        "coordinates": [
          11.5122381,
          3.8653562
        ]
      },
      "id": "way/410248615"
    },
    {
      "type": "Feature",
      "properties": {
        "@id": "way/410262480",
        "addr:postcode": "15139 yde",
        "building": "yes",
        "contact:phone": "222227574",
        "name": "LA CAVE SIMSON HOTEL",
        "tourism": "hostel",
        "@geometry": "center"
      },
      "geometry": {
        "type": "Point",
        "coordinates": [
          11.4827555,
          3.8705227
        ]
      },
      "id": "way/410262480"
    },
    {
      "type": "Feature",
      "properties": {
        "@id": "way/410284987",
        "building": "yes",
        "contact:phone": "242626209",
        "name": "Parfait Hotel",
        "tourism": "hotel",
        "@geometry": "center"
      },
      "geometry": {
        "type": "Point",
        "coordinates": [
          11.4966705,
          3.8769606
        ]
      },
      "id": "way/410284987"
    },
    {
      "type": "Feature",
      "properties": {
        "@id": "way/410295522",
        "name": "DOLCENA PALACE",
        "tourism": "hostel",
        "@geometry": "center"
      },
      "geometry": {
        "type": "Point",
        "coordinates": [
          11.5540553,
          3.862463
        ]
      },
      "id": "way/410295522"
    },
    {
      "type": "Feature",
      "properties": {
        "@id": "way/410301789",
        "building": "yes",
        "name": "Best Hotel",
        "tourism": "hostel",
        "@geometry": "center"
      },
      "geometry": {
        "type": "Point",
        "coordinates": [
          11.5307923,
          3.8673974
        ]
      },
      "id": "way/410301789"
    },
    {
      "type": "Feature",
      "properties": {
        "@id": "way/410320502",
        "addr:postcode": "4684 Ydï¿½",
        "building": "yes",
        "contact:phone": "680191066",
        "name": "KITIOS HOTEL LODGE",
        "tourism": "hostel",
        "@geometry": "center"
      },
      "geometry": {
        "type": "Point",
        "coordinates": [
          11.556909,
          3.8842485
        ]
      },
      "id": "way/410320502"
    },
    {
      "type": "Feature",
      "properties": {
        "@id": "way/410453039",
        "building": "yes",
        "contact:phone": "699643994",
        "name": "HOTEL LE PACHA",
        "tourism": "hostel",
        "@geometry": "center"
      },
      "geometry": {
        "type": "Point",
        "coordinates": [
          11.4922899,
          3.881934
        ]
      },
      "id": "way/410453039"
    },
    {
      "type": "Feature",
      "properties": {
        "@id": "way/410477045",
        "amenity": "cafe",
        "building": "yes",
        "name": "Le Fournil",
        "shop": "bakery",
        "@geometry": "center"
      },
      "geometry": {
        "type": "Point",
        "coordinates": [
          11.5065929,
          3.8964429
        ]
      },
      "id": "way/410477045"
    },
    {
      "type": "Feature",
      "properties": {
        "@id": "way/410477046",
        "name": "Congress Hôtel",
        "phone": "222219084;242180050;657239041;6838952",
        "tourism": "hostel",
        "@geometry": "center"
      },
      "geometry": {
        "type": "Point",
        "coordinates": [
          11.497121,
          3.8956157
        ]
      },
      "id": "way/410477046"
    },
    {
      "type": "Feature",
      "properties": {
        "@id": "way/410506579",
        "addr:postcode": "2406 Ydï¿½",
        "building": "yes",
        "contact:email": "tropicalhotel2002",
        "contact:fax": "222210062",
        "contact:phone": "677249526",
        "name": "TROPICAL HOTEL",
        "tourism": "hostel",
        "@geometry": "center"
      },
      "geometry": {
        "type": "Point",
        "coordinates": [
          11.5101233,
          3.877791
        ]
      },
      "id": "way/410506579"
    },
    {
      "type": "Feature",
      "properties": {
        "@id": "way/410517366",
        "addr:postcode": "336",
        "contact:email": "contact@hotelfranco.com",
        "contact:fax": "222201307/222201308",
        "contact:phone": "222201311",
        "contact:website": "www.hotelfranco.com",
        "name": "Hôtel Franco",
        "tourism": "hostel",
        "@geometry": "center"
      },
      "geometry": {
        "type": "Point",
        "coordinates": [
          11.5192404,
          3.8820843
        ]
      },
      "id": "way/410517366"
    },
    {
      "type": "Feature",
      "properties": {
        "@id": "way/410579801",
        "building": "yes",
        "name": "Hôtel Les Platanes",
        "tourism": "hotel",
        "@geometry": "center"
      },
      "geometry": {
        "type": "Point",
        "coordinates": [
          11.5206067,
          3.9187196
        ]
      },
      "id": "way/410579801"
    },
    {
      "type": "Feature",
      "properties": {
        "@id": "way/416110230",
        "amenity": "restaurant",
        "building": "yes",
        "cuisine": "vietnamese",
        "name": "La Paillotte",
        "name:fr": "La Paillote",
        "@geometry": "center"
      },
      "geometry": {
        "type": "Point",
        "coordinates": [
          11.5250251,
          3.8769137
        ]
      },
      "id": "way/416110230"
    },
    {
      "type": "Feature",
      "properties": {
        "@id": "node/419588091",
        "amenity": "hospital",
        "emergency": "yes",
        "healthcare": "hospital",
        "name": "Centre Médico Social français",
        "phone": "699934169",
        "short_name": "CMS"
      },
      "geometry": {
        "type": "Point",
        "coordinates": [
          11.5175834,
          3.8570057
        ]
      },
      "id": "node/419588091"
    },
    {
      "type": "Feature",
      "properties": {
        "@id": "way/421798314",
        "amenity": "restaurant",
        "building": "yes",
        "cuisine": "fish",
        "name": "Etôk Kôss",
        "@geometry": "center"
      },
      "geometry": {
        "type": "Point",
        "coordinates": [
          11.4693459,
          3.8086562
        ]
      },
      "id": "way/421798314"
    },
    {
      "type": "Feature",
      "properties": {
        "@id": "node/427158967",
        "historic": "monument",
        "source": "GeoCameroun"
      },
      "geometry": {
        "type": "Point",
        "coordinates": [
          11.501877,
          3.9106377
        ]
      },
      "id": "node/427158967"
    },
    {
      "type": "Feature",
      "properties": {
        "@id": "way/435395800",
        "amenity": "clinic",
        "building": "yes",
        "name": "clinique la passerelle",
        "source": "sobzeros",
        "@geometry": "center"
      },
      "geometry": {
        "type": "Point",
        "coordinates": [
          11.4683502,
          3.8746859
        ]
      },
      "id": "way/435395800"
    },
    {
      "type": "Feature",
      "properties": {
        "@id": "way/437144086",
        "building": "yes",
        "name": "Polyva",
        "source": "PFE(IT3) ENSTP Yaoundé - 2010",
        "tourism": "hotel",
        "@geometry": "center"
      },
      "geometry": {
        "type": "Point",
        "coordinates": [
          11.4928857,
          3.8454415
        ]
      },
      "id": "way/437144086"
    },
    {
      "type": "Feature",
      "properties": {
        "@id": "way/438380294",
        "building": "yes",
        "historic": "ruins",
        "name": "Maison \"Fin de la Route\"",
        "@geometry": "center"
      },
      "geometry": {
        "type": "Point",
        "coordinates": [
          11.3937039,
          3.9651182
        ]
      },
      "id": "way/438380294"
    },
    {
      "type": "Feature",
      "properties": {
        "@id": "way/450119914",
        "email": "hosthotel@yahoo.fr",
        "name": "HOST Hôtel",
        "phone": "+237 695029203",
        "tourism": "hotel",
        "@geometry": "center"
      },
      "geometry": {
        "type": "Point",
        "coordinates": [
          11.5996617,
          3.8580379
        ]
      },
      "id": "way/450119914"
    },
    {
      "type": "Feature",
      "properties": {
        "@id": "way/480987166",
        "building": "yes",
        "name": "Le refuge",
        "tourism": "motel",
        "@geometry": "center"
      },
      "geometry": {
        "type": "Point",
        "coordinates": [
          11.5366139,
          3.853641
        ]
      },
      "id": "way/480987166"
    },
    {
      "type": "Feature",
      "properties": {
        "@id": "way/507524710",
        "amenity": "restaurant",
        "building": "yes",
        "name": "Restaurant le CURY",
        "@geometry": "center"
      },
      "geometry": {
        "type": "Point",
        "coordinates": [
          11.5106938,
          3.8702707
        ]
      },
      "id": "way/507524710"
    },
    {
      "type": "Feature",
      "properties": {
        "@id": "way/511089968",
        "amenity": "hospital",
        "building": "yes",
        "healthcare": "hospital",
        "name": "Centre Medico Social La Gloire",
        "@geometry": "center"
      },
      "geometry": {
        "type": "Point",
        "coordinates": [
          11.4203822,
          3.8785424
        ]
      },
      "id": "way/511089968"
    },
    {
      "type": "Feature",
      "properties": {
        "@id": "way/512316086",
        "amenity": "doctors",
        "building": "yes",
        "name": "Cabinet De Soins La Main Saine",
        "@geometry": "center"
      },
      "geometry": {
        "type": "Point",
        "coordinates": [
          11.4517505,
          3.8450793
        ]
      },
      "id": "way/512316086"
    },
    {
      "type": "Feature",
      "properties": {
        "@id": "way/516136198",
        "amenity": "hospital",
        "name": "Hopital de District de Mbankomo",
        "@geometry": "center"
      },
      "geometry": {
        "type": "Point",
        "coordinates": [
          11.3985186,
          3.7866555
        ]
      },
      "id": "way/516136198"
    },
    {
      "type": "Feature",
      "properties": {
        "@id": "way/516136199",
        "amenity": "clinic",
        "building": "yes",
        "healthcare": "clinic",
        "name": "Centre Médicall st Alexandre",
        "@geometry": "center"
      },
      "geometry": {
        "type": "Point",
        "coordinates": [
          11.3971178,
          3.7853995
        ]
      },
      "id": "way/516136199"
    },
    {
      "type": "Feature",
      "properties": {
        "@id": "way/516176434",
        "amenity": "restaurant",
        "building": "yes",
        "contact:website": "prestige837@gmail.com",
        "name": "Restaurant Prestige",
        "@geometry": "center"
      },
      "geometry": {
        "type": "Point",
        "coordinates": [
          11.3991459,
          3.7899361
        ]
      },
      "id": "way/516176434"
    },
    {
      "type": "Feature",
      "properties": {
        "@id": "way/516176436",
        "addr:contact": "699025959",
        "addr:postcode": "arenaclub@yahoo.fr",
        "amenity": "fast_food",
        "building": "yes",
        "name": "ARENA CLUB",
        "@geometry": "center"
      },
      "geometry": {
        "type": "Point",
        "coordinates": [
          11.3990921,
          3.7900032
        ]
      },
      "id": "way/516176436"
    },
    {
      "type": "Feature",
      "properties": {
        "@id": "way/516388571",
        "addr:postcode": "92 Mbankomo",
        "contact:email": "reservation@dajoll-mbankomo.com",
        "contact:phone": "698545454 / 682323232",
        "contact:website": "www.dajoll-mbankomo.com",
        "name": "Dajoll hôtel",
        "tourism": "hotel",
        "@geometry": "center"
      },
      "geometry": {
        "type": "Point",
        "coordinates": [
          11.4017742,
          3.794876
        ]
      },
      "id": "way/516388571"
    },
    {
      "type": "Feature",
      "properties": {
        "@id": "way/533763947",
        "amenity": "clinic",
        "healthcare": "clinic",
        "name": "Fondation Chantal Biya Centre et Mère Enfant",
        "@geometry": "center"
      },
      "geometry": {
        "type": "Point",
        "coordinates": [
          11.5120397,
          3.8702345
        ]
      },
      "id": "way/533763947"
    },
    {
      "type": "Feature",
      "properties": {
        "@id": "way/533767387",
        "amenity": "hospital",
        "building": "hospital",
        "healthcare": "hospital",
        "name": "Centre des Urgences Hopital Central",
        "@geometry": "center"
      },
      "geometry": {
        "type": "Point",
        "coordinates": [
          11.5099154,
          3.8705799
        ]
      },
      "id": "way/533767387"
    },
    {
      "type": "Feature",
      "properties": {
        "@id": "way/533783280",
        "addr:city": "Yaoundé",
        "amenity": "hospital",
        "check_date": "2026-01-13",
        "emergency": "yes",
        "healthcare": "hospital",
        "name": "Hôpital Général De Yaoundé",
        "name:en": "Central Hospital of Yaoundé",
        "operator": "Ministère de la Santé Publique, Cameroun",
        "phone": "+237 2 22 20 28 02",
        "wikipedia": "en:Central Hospital of Yaoundé",
        "@geometry": "center"
      },
      "geometry": {
        "type": "Point",
        "coordinates": [
          11.5411525,
          3.9069342
        ]
      },
      "id": "way/533783280"
    },
    {
      "type": "Feature",
      "properties": {
        "@id": "way/539239124",
        "alt_name": "Cameroon Eye Institute",
        "amenity": "clinic",
        "healthcare:speciality": "ophthalmology",
        "name": "Magrabi ICO Cameroon Eye Institute",
        "name:fr": "Hôpital des Yeux de Magrabi ICO",
        "website": "https://micei.org/",
        "@geometry": "center"
      },
      "geometry": {
        "type": "Point",
        "coordinates": [
          11.4481948,
          3.9834326
        ]
      },
      "id": "way/539239124"
    },
    {
      "type": "Feature",
      "properties": {
        "@id": "way/585637443",
        "building": "yes",
        "name": "Hôtel du Lac",
        "source": "PFE(IT3) ENSTP Yaoundé - 2010",
        "tourism": "hotel",
        "@geometry": "center"
      },
      "geometry": {
        "type": "Point",
        "coordinates": [
          11.492551,
          3.8398301
        ]
      },
      "id": "way/585637443"
    },
    {
      "type": "Feature",
      "properties": {
        "@id": "way/602635130",
        "addr:postcode": "BP 16415",
        "amenity": "hospital",
        "building": "yes",
        "contact:email": "Somerville.sarl@yahoo.fr",
        "contact:fax": "222229222",
        "contact:phone": "699442734",
        "fixme": "please verify \"hospital\"",
        "healthcare": "hospital",
        "name": "SIDJE LOIC",
        "operator": "societe medicale du Cameroun",
        "@geometry": "center"
      },
      "geometry": {
        "type": "Point",
        "coordinates": [
          11.5056203,
          3.871618
        ]
      },
      "id": "way/602635130"
    },
    {
      "type": "Feature",
      "properties": {
        "@id": "way/603456504",
        "amenity": "doctors",
        "building": "yes",
        "healthcare": "doctor",
        "name": "Dr billy",
        "@geometry": "center"
      },
      "geometry": {
        "type": "Point",
        "coordinates": [
          11.5010503,
          3.8703536
        ]
      },
      "id": "way/603456504"
    },
    {
      "type": "Feature",
      "properties": {
        "@id": "way/609716780",
        "amenity": "doctors",
        "building": "hospital",
        "healthcare": "doctor",
        "name": "Centre de Santé les merveilles",
        "note:nature": "privé",
        "source": "survey:PFE(IT3) ENSTP Yaounde 2010",
        "@geometry": "center"
      },
      "geometry": {
        "type": "Point",
        "coordinates": [
          11.4691042,
          3.8251558
        ]
      },
      "id": "way/609716780"
    },
    {
      "type": "Feature",
      "properties": {
        "@id": "way/610475181",
        "amenity": "restaurant",
        "building": "yes",
        "cuisine": "belgian",
        "email": "QuareNon@hotmail.com",
        "name": "Quare Non",
        "phone": "+237 690 842 980",
        "@geometry": "center"
      },
      "geometry": {
        "type": "Point",
        "coordinates": [
          11.4977654,
          3.9001472
        ]
      },
      "id": "way/610475181"
    },
    {
      "type": "Feature",
      "properties": {
        "@id": "way/651312212",
        "name": "Le Monarque",
        "tourism": "hotel",
        "website": "http://hotellemonarque.cm/",
        "@geometry": "center"
      },
      "geometry": {
        "type": "Point",
        "coordinates": [
          11.5224889,
          3.8106909
        ]
      },
      "id": "way/651312212"
    },
    {
      "type": "Feature",
      "properties": {
        "@id": "way/679260488",
        "addr:city": "Yaoundé I",
        "addr:postcode": "BP25543 YAOUNDE",
        "amenity": "clinic",
        "building": "apartments",
        "building:levels": "3",
        "emergency": "yes",
        "healthcare:speciality": "general",
        "name": "Fondation Mère Martine",
        "short_name": "FMM",
        "@geometry": "center"
      },
      "geometry": {
        "type": "Point",
        "coordinates": [
          11.5524068,
          3.931629
        ]
      },
      "id": "way/679260488"
    },
    {
      "type": "Feature",
      "properties": {
        "@id": "way/679731406",
        "amenity": "restaurant",
        "building": "yes",
        "name": "D'Akor",
        "@geometry": "center"
      },
      "geometry": {
        "type": "Point",
        "coordinates": [
          11.5149533,
          3.9032696
        ]
      },
      "id": "way/679731406"
    },
    {
      "type": "Feature",
      "properties": {
        "@id": "way/729246320",
        "amenity": "restaurant",
        "building": "yes",
        "name": "The famous",
        "@geometry": "center"
      },
      "geometry": {
        "type": "Point",
        "coordinates": [
          11.5181771,
          3.892699
        ]
      },
      "id": "way/729246320"
    },
    {
      "type": "Feature",
      "properties": {
        "@id": "way/756253076",
        "amenity": "clinic",
        "building": "yes",
        "healthcare": "hospital",
        "name": "Etoug-Ebe Baptist Hospital",
        "@geometry": "center"
      },
      "geometry": {
        "type": "Point",
        "coordinates": [
          11.4831572,
          3.84996
        ]
      },
      "id": "way/756253076"
    },
    {
      "type": "Feature",
      "properties": {
        "@id": "way/756558279",
        "addr:city": "Yaoundé VI",
        "addr:street": "avenue ETOUG EBE",
        "amenity": "doctors",
        "building": "yes",
        "ele": "761",
        "healthcare": "doctor",
        "healthcare:speciality": "general",
        "name": "cabinet de soins \"la Rose\"",
        "@geometry": "center"
      },
      "geometry": {
        "type": "Point",
        "coordinates": [
          11.4759927,
          3.8518958
        ]
      },
      "id": "way/756558279"
    },
    {
      "type": "Feature",
      "properties": {
        "@id": "way/757668295",
        "amenity": "clinic",
        "building": "yes",
        "healthcare": "hospital",
        "name": "Centre Médical D'arrondissement D'oyom-abam",
        "@geometry": "center"
      },
      "geometry": {
        "type": "Point",
        "coordinates": [
          11.4728261,
          3.88907
        ]
      },
      "id": "way/757668295"
    },
    {
      "type": "Feature",
      "properties": {
        "@id": "way/761466341",
        "amenity": "hospital",
        "building": "yes",
        "contact:phone": "(+237) 677622501",
        "healthcare": "hospital",
        "name": "Moyo Polyclinique Yde Cameroun",
        "@geometry": "center"
      },
      "geometry": {
        "type": "Point",
        "coordinates": [
          11.4726294,
          3.8722418
        ]
      },
      "id": "way/761466341"
    },
    {
      "type": "Feature",
      "properties": {
        "@id": "way/761532083",
        "amenity": "hospital",
        "building": "yes",
        "healthcare": "hospital",
        "name": "Cabinet Medical Luceole",
        "@geometry": "center"
      },
      "geometry": {
        "type": "Point",
        "coordinates": [
          11.471511,
          3.8854902
        ]
      },
      "id": "way/761532083"
    },
    {
      "type": "Feature",
      "properties": {
        "@id": "way/762803033",
        "addr:city": "Yaoundé",
        "addr:housenumber": "Mini prix bastos",
        "addr:street": "Boulevard de l'U.R.S.S.",
        "amenity": "restaurant",
        "building": "yes",
        "building:levels": "1",
        "cuisine": "regional;pizza;chicken;burger;coffee_shop",
        "diet:vegetarian": "yes",
        "name": "Glacier Myka",
        "opening_hours": "Mo-Su 08:00-22:00",
        "phone": "+237699118874",
        "@geometry": "center"
      },
      "geometry": {
        "type": "Point",
        "coordinates": [
          11.5178238,
          3.8925699
        ]
      },
      "id": "way/762803033"
    },
    {
      "type": "Feature",
      "properties": {
        "@id": "way/762803058",
        "amenity": "restaurant",
        "building": "yes",
        "name": "Mr Burger",
        "@geometry": "center"
      },
      "geometry": {
        "type": "Point",
        "coordinates": [
          11.5165809,
          3.8924658
        ]
      },
      "id": "way/762803058"
    },
    {
      "type": "Feature",
      "properties": {
        "@id": "way/762859831",
        "amenity": "clinic",
        "building": "yes",
        "healthcare": "clinic",
        "@geometry": "center"
      },
      "geometry": {
        "type": "Point",
        "coordinates": [
          11.5490961,
          3.8928152
        ]
      },
      "id": "way/762859831"
    },
    {
      "type": "Feature",
      "properties": {
        "@id": "way/763921194",
        "amenity": "hospital",
        "building": "yes",
        "healthcare": "hospital",
        "name": "Fondation Medical Andre Fouda",
        "@geometry": "center"
      },
      "geometry": {
        "type": "Point",
        "coordinates": [
          11.5306021,
          3.8750904
        ]
      },
      "id": "way/763921194"
    },
    {
      "type": "Feature",
      "properties": {
        "@id": "way/769366899",
        "amenity": "hospital",
        "building": "yes",
        "healthcare": "hospital",
        "name": "Centre Médico-social Vermeille",
        "@geometry": "center"
      },
      "geometry": {
        "type": "Point",
        "coordinates": [
          11.5565668,
          3.8841706
        ]
      },
      "id": "way/769366899"
    },
    {
      "type": "Feature",
      "properties": {
        "@id": "way/785842109",
        "amenity": "doctors",
        "building": "yes",
        "cases:HIV": "1",
        "cases:malaria": "12",
        "consultation": "28/month",
        "count:IDE": "1",
        "laboratory": "yes",
        "name": "Centre de Sante integre de Mvoua",
        "pediatrics": "no",
        "pharmacy": "yes",
        "staff_count:doctors": "0",
        "staff_count:nurses": "2",
        "@geometry": "center"
      },
      "geometry": {
        "type": "Point",
        "coordinates": [
          11.430001,
          4.0598966
        ]
      },
      "id": "way/785842109"
    },
    {
      "type": "Feature",
      "properties": {
        "@id": "way/785842110",
        "amenity": "doctors",
        "building": "yes",
        "cases:HIV": "0",
        "cases:malaria": "6",
        "consultation": "20/month",
        "fixme": "Nombre de IDEP = 1; Nombre de lits = 1;Pediatrie = no",
        "laboratory": "0",
        "name": "Centre de Sante de Konabeng",
        "pharmacy": "no",
        "@geometry": "center"
      },
      "geometry": {
        "type": "Point",
        "coordinates": [
          11.3381819,
          4.0770253
        ]
      },
      "id": "way/785842110"
    },
    {
      "type": "Feature",
      "properties": {
        "@id": "way/785842111",
        "amenity": "doctors",
        "beds": "10",
        "building": "yes",
        "consultation": "50/month",
        "doctors": "0",
        "laboratory": "0",
        "medical_service:malaria": "3/semains",
        "medical_service:vct_hiv_counselling_test": "no",
        "name": "Centre de Sante Intergre de Song-Onana",
        "pharmacy": "1",
        "@geometry": "center"
      },
      "geometry": {
        "type": "Point",
        "coordinates": [
          11.3074359,
          4.0641803
        ]
      },
      "id": "way/785842111"
    },
    {
      "type": "Feature",
      "properties": {
        "@id": "way/786136255",
        "amenity": "doctors",
        "building": "hospital",
        "name": "Centre de sante de Ngoya I",
        "@geometry": "center"
      },
      "geometry": {
        "type": "Point",
        "coordinates": [
          11.4521681,
          3.9622177
        ]
      },
      "id": "way/786136255"
    },
    {
      "type": "Feature",
      "properties": {
        "@id": "way/786136256",
        "amenity": "doctors",
        "building": "yes",
        "fixme": "Consultation de Paludisme = 17; Consultation de VIH/SIDA = 0; Nombre de Consultation = 50; Nombre de Lits = 10; Nombre de docteurs = 1 infimier; Pediatrie = 0",
        "laboratory": "yes",
        "name": "Centre de sante Integre de Yegassi",
        "pharmacy": "yes",
        "@geometry": "center"
      },
      "geometry": {
        "type": "Point",
        "coordinates": [
          11.4683923,
          3.9937122
        ]
      },
      "id": "way/786136256"
    },
    {
      "type": "Feature",
      "properties": {
        "@id": "way/786136257",
        "amenity": "doctors",
        "building": "yes",
        "name": "Centre de sante integre de Lebot",
        "@geometry": "center"
      },
      "geometry": {
        "type": "Point",
        "coordinates": [
          11.4128049,
          3.9982877
        ]
      },
      "id": "way/786136257"
    },
    {
      "type": "Feature",
      "properties": {
        "@id": "way/786136260",
        "Infomation": "No data sheet fllled",
        "amenity": "doctors",
        "building": "yes",
        "name": "Centre de Sante Integre de Nkoldjobe",
        "@geometry": "center"
      },
      "geometry": {
        "type": "Point",
        "coordinates": [
          11.3608849,
          3.9632032
        ]
      },
      "id": "way/786136260"
    },
    {
      "type": "Feature",
      "properties": {
        "@id": "way/786136261",
        "amenity": "doctors",
        "building": "yes",
        "name": "Centre de Sante Integre de Ntuissong",
        "@geometry": "center"
      },
      "geometry": {
        "type": "Point",
        "coordinates": [
          11.3182855,
          4.0420794
        ]
      },
      "id": "way/786136261"
    },
    {
      "type": "Feature",
      "properties": {
        "@id": "way/835453293",
        "alt_name:en": "Millenium Ecological Museum",
        "building": "yes",
        "museum": "natural history",
        "name": "Musée Ecologique du Millénaire",
        "phone": "+237 675 36 53 51",
        "tourism": "museum",
        "url": "http://www.ecologicalmuseum.org/",
        "@geometry": "center"
      },
      "geometry": {
        "type": "Point",
        "coordinates": [
          11.65113,
          3.9403642
        ]
      },
      "id": "way/835453293"
    },
    {
      "type": "Feature",
      "properties": {
        "@id": "way/860642766",
        "amenity": "clinic",
        "building": "yes",
        "healthcare": "clinic",
        "name": "Centre Hospitalier Mère-Enfant Deo Gratias",
        "operator": "Afrique Future",
        "website": "https://www.afriquefuture.org/realisation/centre-hospitalier-doliga/",
        "@geometry": "center"
      },
      "geometry": {
        "type": "Point",
        "coordinates": [
          11.4922646,
          3.8959805
        ]
      },
      "id": "way/860642766"
    },
    {
      "type": "Feature",
      "properties": {
        "@id": "way/886692366",
        "amenity": "clinic",
        "building": "yes",
        "healthcare": "clinic",
        "healthcare:speciality": "general",
        "name": "IAI-infirmerie",
        "operator": "IAI-infirmerie",
        "operator:type": "private",
        "@geometry": "center"
      },
      "geometry": {
        "type": "Point",
        "coordinates": [
          11.5586183,
          3.8137821
        ]
      },
      "id": "way/886692366"
    },
    {
      "type": "Feature",
      "properties": {
        "@id": "way/977964700",
        "check_date": "2026-02-14",
        "contact:facebook": "relaxepalacehotel",
        "email": "infos@relaxepalacehotel.com",
        "internet_access": "wlan",
        "level": "2",
        "name": "Relaxe Palace Hôtel",
        "self_service": "partially",
        "tourism": "hotel",
        "website": "https://www.relaxepalacehotel.com",
        "@geometry": "center"
      },
      "geometry": {
        "type": "Point",
        "coordinates": [
          11.5571386,
          4.0215628
        ]
      },
      "id": "way/977964700"
    },
    {
      "type": "Feature",
      "properties": {
        "@id": "way/1005200057",
        "amenity": "pharmacy",
        "building": "yes",
        "dispensing": "yes",
        "healthcare": "pharmacy",
        "name": "Pharmacie de Messassi",
        "@geometry": "center"
      },
      "geometry": {
        "type": "Point",
        "coordinates": [
          11.5190906,
          3.9422455
        ]
      },
      "id": "way/1005200057"
    },
    {
      "type": "Feature",
      "properties": {
        "@id": "node/1014060413",
        "amenity": "restaurant",
        "cuisine": "italian",
        "name": "Café de Yaounde"
      },
      "geometry": {
        "type": "Point",
        "coordinates": [
          11.5188486,
          3.8728445
        ]
      },
      "id": "node/1014060413"
    },
    {
      "type": "Feature",
      "properties": {
        "@id": "node/1067272364",
        "amenity": "doctors",
        "name": "Centre de sante et formation Ave Maria de Leboudi I"
      },
      "geometry": {
        "type": "Point",
        "coordinates": [
          11.4458178,
          3.9214731
        ]
      },
      "id": "node/1067272364"
    },
    {
      "type": "Feature",
      "properties": {
        "@id": "node/1067289748",
        "amenity": "doctors",
        "beds": "3",
        "consultation": "20/month",
        "disease:AIDS": "no",
        "disease:HIV": "no",
        "disease:malaria": "10",
        "name": "Centre de Sante Integre de Ntuissong",
        "staff_count:nurses": "1"
      },
      "geometry": {
        "type": "Point",
        "coordinates": [
          11.3224815,
          4.0147136
        ]
      },
      "id": "node/1067289748"
    },
    {
      "type": "Feature",
      "properties": {
        "@id": "node/1067289820",
        "name": "Auberge(CADO) d'Okola",
        "tourism": "motel"
      },
      "geometry": {
        "type": "Point",
        "coordinates": [
          11.3808712,
          4.0220533
        ]
      },
      "id": "node/1067289820"
    },
    {
      "type": "Feature",
      "properties": {
        "@id": "node/1067289826",
        "historic": "memorial",
        "name": "Cimetiere St.Barthelemy de Mva'a"
      },
      "geometry": {
        "type": "Point",
        "coordinates": [
          11.3245743,
          4.0623067
        ]
      },
      "id": "node/1067289826"
    },
    {
      "type": "Feature",
      "properties": {
        "@id": "node/1067289863",
        "name": "Okols Palace",
        "tourism": "hotel"
      },
      "geometry": {
        "type": "Point",
        "coordinates": [
          11.3821235,
          4.0216074
        ]
      },
      "id": "node/1067289863"
    },
    {
      "type": "Feature",
      "properties": {
        "@id": "node/1067289880",
        "historic": "monument",
        "name": "Cimetiere Municipal"
      },
      "geometry": {
        "type": "Point",
        "coordinates": [
          11.3778117,
          4.0296641
        ]
      },
      "id": "node/1067289880"
    },
    {
      "type": "Feature",
      "properties": {
        "@id": "node/1067289899",
        "amenity": "pharmacy",
        "dispensing": "Hopital de district d'Okola",
        "healthcare": "pharmacy",
        "name": "Pharmacie de l'Hôpital de District d'Okola"
      },
      "geometry": {
        "type": "Point",
        "coordinates": [
          11.382813,
          4.0266935
        ]
      },
      "id": "node/1067289899"
    },
    {
      "type": "Feature",
      "properties": {
        "@id": "node/1067289936",
        "historic": "monument",
        "name": "Monument de la reunification"
      },
      "geometry": {
        "type": "Point",
        "coordinates": [
          11.3803723,
          4.0274287
        ]
      },
      "id": "node/1067289936"
    },
    {
      "type": "Feature",
      "properties": {
        "@id": "node/1067289952",
        "amenity": "hospital",
        "healthcare": "hospital",
        "name": "La Morque d'Okola"
      },
      "geometry": {
        "type": "Point",
        "coordinates": [
          11.3827584,
          4.0270672
        ]
      },
      "id": "node/1067289952"
    },
    {
      "type": "Feature",
      "properties": {
        "@id": "way/1116226673",
        "amenity": "hospital",
        "healthcare": "hospital",
        "name": "Centre de santé de District de Soa",
        "@geometry": "center"
      },
      "geometry": {
        "type": "Point",
        "coordinates": [
          11.5924384,
          3.9739581
        ]
      },
      "id": "way/1116226673"
    },
    {
      "type": "Feature",
      "properties": {
        "@id": "node/1116281761",
        "addr:city": "Yaounde",
        "addr:country": "CM",
        "addr:postcode": "11852",
        "addr:street": "Boulevard du 20 Mai",
        "amenity": "restaurant",
        "internet_access": "wlan",
        "internet_access:fee": "yes",
        "name": "Le Safoutier",
        "operator": "Hilton",
        "phone": "+237 22 23 36 46",
        "smoking": "no",
        "stars": "5",
        "website": "http://www.hilton.de/yaounde",
        "wheelchair": "yes"
      },
      "geometry": {
        "type": "Point",
        "coordinates": [
          11.5160613,
          3.8641972
        ]
      },
      "id": "node/1116281761"
    },
    {
      "type": "Feature",
      "properties": {
        "@id": "way/1162962682",
        "amenity": "restaurant",
        "building": "yes",
        "cuisine": "regional",
        "diet:egg_free": "yes",
        "diet:fish": "yes",
        "diet:local": "yes",
        "diet:meat": "yes",
        "diet:omnivore": "yes",
        "name": "Les D'lices De MCEJ (Restaurant/Cave)",
        "opening_hours": "Mo-Fr 09:30-22:30",
        "phone": "+237693451654",
        "@geometry": "center"
      },
      "geometry": {
        "type": "Point",
        "coordinates": [
          11.5811477,
          3.8375444
        ]
      },
      "id": "way/1162962682"
    },
    {
      "type": "Feature",
      "properties": {
        "@id": "way/1217707933",
        "name": "United Hotel",
        "tourism": "hotel",
        "@geometry": "center"
      },
      "geometry": {
        "type": "Point",
        "coordinates": [
          11.4028336,
          3.7864619
        ]
      },
      "id": "way/1217707933"
    },
    {
      "type": "Feature",
      "properties": {
        "@id": "way/1244873220",
        "amenity": "hospital",
        "healthcare": "hospital",
        "name": "Hôpital de Zalom-Mfou",
        "operator": "Fondation Médicale Ad Lucem",
        "@geometry": "center"
      },
      "geometry": {
        "type": "Point",
        "coordinates": [
          11.6166809,
          3.8001007
        ]
      },
      "id": "way/1244873220"
    },
    {
      "type": "Feature",
      "properties": {
        "@id": "way/1311786178",
        "addr:city": "Yaoundé",
        "addr:place": "Obili",
        "air_conditioning": "yes",
        "branch": "COFE Hôtel",
        "brand": "COFE Hôtel",
        "building": "yes",
        "building:levels": "5",
        "email": "contact@cofehotel.com",
        "fax": "686058982",
        "internet_access": "yes",
        "internet_access:fee": "no",
        "internet_access:ssid": "COFE HOTEL",
        "layer": "-1",
        "mobile": "686058982",
        "name": "COFE Hôtel",
        "official_name": "COFE Hôtel",
        "opening_hours": "24/7",
        "payment:cash": "yes",
        "payment:coins": "yes",
        "payment:credit_cards": "yes",
        "payment:mastercard": "yes",
        "phone": "686058982",
        "reservation": "yes",
        "rooms": "35",
        "short_name": "COFE Hôtel",
        "smoking": "outside",
        "stars": "3",
        "tourism": "hotel",
        "website": "https://cofehotel.com/",
        "wheelchair": "yes",
        "@geometry": "center"
      },
      "geometry": {
        "type": "Point",
        "coordinates": [
          11.497896,
          3.8465204
        ]
      },
      "id": "way/1311786178"
    },
    {
      "type": "Feature",
      "properties": {
        "@id": "way/1331616117",
        "addr:city": "Yaoundé I",
        "addr:housenumber": "1",
        "addr:street": "Rue 1.083",
        "air_conditioning": "yes",
        "contact:facebook": "https://web.facebook.com/profile.php?id=100093882512228",
        "email": "info@riadprincelouis.com",
        "guest_house": "apartment",
        "internet_access": "wlan",
        "internet_access:fee": "customers",
        "landuse": "residential",
        "name": "Riad Prince Louis Residence;Riad Prince Louis",
        "operator": "Riad Prince Louis",
        "phone": "+237 672 750 332",
        "residential": "apartments",
        "rooms": "10",
        "tourism": "guest_house",
        "website": "https://www.riadprincelouis.com",
        "@geometry": "center"
      },
      "geometry": {
        "type": "Point",
        "coordinates": [
          11.5256339,
          3.8640386
        ]
      },
      "id": "way/1331616117"
    },
    {
      "type": "Feature",
      "properties": {
        "@id": "way/1331616119",
        "amenity": "restaurant",
        "building": "yes",
        "description": "Guerite Riad Prince Louis",
        "name": "Riad Prince Louis entrance building and restaurant",
        "@geometry": "center"
      },
      "geometry": {
        "type": "Point",
        "coordinates": [
          11.5254407,
          3.8638811
        ]
      },
      "id": "way/1331616119"
    },
    {
      "type": "Feature",
      "properties": {
        "@id": "node/1365229875",
        "name": "La Sltio",
        "tourism": "hotel"
      },
      "geometry": {
        "type": "Point",
        "coordinates": [
          11.5538793,
          4.0327066
        ]
      },
      "id": "node/1365229875"
    },
    {
      "type": "Feature",
      "properties": {
        "@id": "way/1365316743",
        "amenity": "hospital",
        "check_date": "2024-10-12",
        "healthcare": "hospital",
        "name": "Hôpital de district d'Efoulan",
        "wheelchair": "yes",
        "@geometry": "center"
      },
      "geometry": {
        "type": "Point",
        "coordinates": [
          11.5062747,
          3.8342458
        ]
      },
      "id": "way/1365316743"
    },
    {
      "type": "Feature",
      "properties": {
        "@id": "way/1445803087",
        "building": "yes",
        "name": "Hotel La Roche",
        "source": "survey:PFE(IT3) ENSTP Yaounde 2010",
        "tourism": "hotel",
        "@geometry": "center"
      },
      "geometry": {
        "type": "Point",
        "coordinates": [
          11.5486733,
          3.8952819
        ]
      },
      "id": "way/1445803087"
    },
    {
      "type": "Feature",
      "properties": {
        "@id": "way/1522867586",
        "amenity": "restaurant",
        "building": "yes",
        "cuisine": "regional",
        "name": "O'Haïra Walet",
        "opening_hours": "Mo-Su 12:00-22:00",
        "phone": "+237 655 49 02 79",
        "phone:mobile": "+237 693 67 14 38",
        "@geometry": "center"
      },
      "geometry": {
        "type": "Point",
        "coordinates": [
          11.5078903,
          3.8682734
        ]
      },
      "id": "way/1522867586"
    },
    {
      "type": "Feature",
      "properties": {
        "@id": "way/1522867784",
        "amenity": "restaurant",
        "building": "yes",
        "cuisine": "regional",
        "diet:vegetarian": "yes",
        "name": "St Tropes",
        "@geometry": "center"
      },
      "geometry": {
        "type": "Point",
        "coordinates": [
          11.5127512,
          3.8915056
        ]
      },
      "id": "way/1522867784"
    },
    {
      "type": "Feature",
      "properties": {
        "@id": "node/1808635162",
        "amenity": "restaurant",
        "cuisine": "international",
        "name": "Bambou Lodge"
      },
      "geometry": {
        "type": "Point",
        "coordinates": [
          11.5181964,
          3.8766235
        ]
      },
      "id": "node/1808635162"
    },
    {
      "type": "Feature",
      "properties": {
        "@id": "node/1986989793",
        "amenity": "restaurant",
        "name": "Restaurant Universitaire N°2"
      },
      "geometry": {
        "type": "Point",
        "coordinates": [
          11.4984338,
          3.8552274
        ]
      },
      "id": "node/1986989793"
    },
    {
      "type": "Feature",
      "properties": {
        "@id": "node/1987382968",
        "addr:street": "Avenue Charles Atangana",
        "amenity": "pharmacy",
        "dispensing": "no",
        "ele": "717",
        "healthcare": "pharmacy",
        "name": "Pharmacie Olezoa",
        "phone": "+237 696 56 45 72"
      },
      "geometry": {
        "type": "Point",
        "coordinates": [
          11.5148132,
          3.846497
        ]
      },
      "id": "node/1987382968"
    },
    {
      "type": "Feature",
      "properties": {
        "@id": "node/1993222656",
        "amenity": "pharmacy",
        "healthcare": "pharmacy",
        "name": "Pharmacie du Centre"
      },
      "geometry": {
        "type": "Point",
        "coordinates": [
          11.5179547,
          3.8710132
        ]
      },
      "id": "node/1993222656"
    },
    {
      "type": "Feature",
      "properties": {
        "@id": "node/1993239381",
        "name": "Capitol",
        "tourism": "hotel"
      },
      "geometry": {
        "type": "Point",
        "coordinates": [
          11.5200843,
          3.8672474
        ]
      },
      "id": "node/1993239381"
    },
    {
      "type": "Feature",
      "properties": {
        "@id": "node/1993254174",
        "amenity": "restaurant",
        "name": "La Marmite du Boulevard",
        "source": "survey:PFE(IT3) ENSTP Yaounde 2010",
        "start_date": "2005"
      },
      "geometry": {
        "type": "Point",
        "coordinates": [
          11.5162953,
          3.8645639
        ]
      },
      "id": "node/1993254174"
    },
    {
      "type": "Feature",
      "properties": {
        "@id": "node/2017395606",
        "historic": "monument",
        "source": "GeoCameroun"
      },
      "geometry": {
        "type": "Point",
        "coordinates": [
          11.5050387,
          3.8609214
        ]
      },
      "id": "node/2017395606"
    },
    {
      "type": "Feature",
      "properties": {
        "@id": "node/2017395621",
        "historic": "monument",
        "source": "GeoCameroun"
      },
      "geometry": {
        "type": "Point",
        "coordinates": [
          11.5048269,
          3.8614514
        ]
      },
      "id": "node/2017395621"
    },
    {
      "type": "Feature",
      "properties": {
        "@id": "node/2017537694",
        "amenity": "restaurant",
        "indoor_seating": "yes",
        "name": "One Spirit",
        "outdoor_seating": "yes"
      },
      "geometry": {
        "type": "Point",
        "coordinates": [
          11.5016172,
          3.8631093
        ]
      },
      "id": "node/2017537694"
    },
    {
      "type": "Feature",
      "properties": {
        "@id": "node/2017537696",
        "amenity": "restaurant",
        "indoor_seating": "yes",
        "name": "St Eloi",
        "outdoor_seating": "yes"
      },
      "geometry": {
        "type": "Point",
        "coordinates": [
          11.5015002,
          3.8630923
        ]
      },
      "id": "node/2017537696"
    },
    {
      "type": "Feature",
      "properties": {
        "@id": "node/2018349391",
        "amenity": "pharmacy",
        "dispensing": "no",
        "healthcare": "pharmacy",
        "name": "Pharmacie de Nkomo"
      },
      "geometry": {
        "type": "Point",
        "coordinates": [
          11.550225,
          3.8416617
        ]
      },
      "id": "node/2018349391"
    },
    {
      "type": "Feature",
      "properties": {
        "@id": "node/2032605116",
        "name": "Le Phenix",
        "source": "survey:PFE(IT3) ENSTP Yaounde 2010",
        "tourism": "hotel"
      },
      "geometry": {
        "type": "Point",
        "coordinates": [
          11.5487672,
          3.886919
        ]
      },
      "id": "node/2032605116"
    },
    {
      "type": "Feature",
      "properties": {
        "@id": "node/2033098470",
        "amenity": "pharmacy",
        "healthcare": "pharmacy",
        "name": "Pharmacie Tsinga",
        "source": "GeoCameroun"
      },
      "geometry": {
        "type": "Point",
        "coordinates": [
          11.5027686,
          3.8818777
        ]
      },
      "id": "node/2033098470"
    },
    {
      "type": "Feature",
      "properties": {
        "@id": "node/2033513997",
        "name": "Motel Le Marseillais Plus",
        "source": "survey:PFE(IT3) ENSTP Yaounde 2010",
        "tourism": "motel"
      },
      "geometry": {
        "type": "Point",
        "coordinates": [
          11.5410823,
          3.8752239
        ]
      },
      "id": "node/2033513997"
    },
    {
      "type": "Feature",
      "properties": {
        "@id": "node/2033515661",
        "name": "Motel La Griffe",
        "source": "survey:PFE(IT3) ENSTP Yaounde 2010",
        "tourism": "motel"
      },
      "geometry": {
        "type": "Point",
        "coordinates": [
          11.5414693,
          3.8753482
        ]
      },
      "id": "node/2033515661"
    },
    {
      "type": "Feature",
      "properties": {
        "@id": "node/2033636213",
        "amenity": "fast_food",
        "cuisine": "regional;fish_and_chips",
        "name": "mange et dor"
      },
      "geometry": {
        "type": "Point",
        "coordinates": [
          11.5021995,
          3.8697643
        ]
      },
      "id": "node/2033636213"
    },
    {
      "type": "Feature",
      "properties": {
        "@id": "node/2033640717",
        "amenity": "cafe",
        "cuisine": "coffee_shop",
        "name": "cacao cafee"
      },
      "geometry": {
        "type": "Point",
        "coordinates": [
          11.5027179,
          3.8699199
        ]
      },
      "id": "node/2033640717"
    },
    {
      "type": "Feature",
      "properties": {
        "@id": "node/2033644948",
        "amenity": "fast_food",
        "cuisine": "cameroonian;couscous;regional",
        "name": "Amadou Tourne-dos"
      },
      "geometry": {
        "type": "Point",
        "coordinates": [
          11.5020394,
          3.8701388
        ]
      },
      "id": "node/2033644948"
    },
    {
      "type": "Feature",
      "properties": {
        "@id": "node/2033654670",
        "amenity": "restaurant",
        "cuisine": "cameroonian",
        "name": "Smiley"
      },
      "geometry": {
        "type": "Point",
        "coordinates": [
          11.516244,
          3.8705854
        ]
      },
      "id": "node/2033654670"
    },
    {
      "type": "Feature",
      "properties": {
        "@id": "node/2033657974",
        "amenity": "fast_food",
        "cuisine": "pizza",
        "name": "flore"
      },
      "geometry": {
        "type": "Point",
        "coordinates": [
          11.5023639,
          3.8707353
        ]
      },
      "id": "node/2033657974"
    },
    {
      "type": "Feature",
      "properties": {
        "@id": "node/2033659732",
        "amenity": "restaurant",
        "name": "flore"
      },
      "geometry": {
        "type": "Point",
        "coordinates": [
          11.5024389,
          3.8708187
        ]
      },
      "id": "node/2033659732"
    },
    {
      "type": "Feature",
      "properties": {
        "@id": "node/2033671113",
        "amenity": "pharmacy",
        "healthcare": "pharmacy",
        "name": "Mami Macta",
        "source": "PFE(IT3) ENSTP Yaoundé - 2010"
      },
      "geometry": {
        "type": "Point",
        "coordinates": [
          11.5346161,
          3.8712872
        ]
      },
      "id": "node/2033671113"
    },
    {
      "type": "Feature",
      "properties": {
        "@id": "node/2033780266",
        "amenity": "pharmacy",
        "dispensing": "no",
        "healthcare": "pharmacy",
        "name": "Pharmacy de l'Université"
      },
      "geometry": {
        "type": "Point",
        "coordinates": [
          11.5045728,
          3.8594758
        ]
      },
      "id": "node/2033780266"
    },
    {
      "type": "Feature",
      "properties": {
        "@id": "node/2033791377",
        "amenity": "pharmacy",
        "dispensing": "yes",
        "healthcare": "pharmacy",
        "name": "Pharmacie de la Moisson"
      },
      "geometry": {
        "type": "Point",
        "coordinates": [
          11.5211667,
          3.8604354
        ]
      },
      "id": "node/2033791377"
    },
    {
      "type": "Feature",
      "properties": {
        "@id": "node/2033811692",
        "amenity": "restaurant",
        "capacity": "50",
        "name": "Restaurant le maquis du Grand Bassam",
        "source": "survey:PFE(IT3) ENSTP Yaounde 2010",
        "start_date": "2005"
      },
      "geometry": {
        "type": "Point",
        "coordinates": [
          11.5033558,
          3.8620126
        ]
      },
      "id": "node/2033811692"
    },
    {
      "type": "Feature",
      "properties": {
        "@id": "node/2033890349",
        "amenity": "restaurant"
      },
      "geometry": {
        "type": "Point",
        "coordinates": [
          11.4984601,
          3.8521693
        ]
      },
      "id": "node/2033890349"
    },
    {
      "type": "Feature",
      "properties": {
        "@id": "node/2034139428",
        "amenity": "pharmacy",
        "healthcare": "pharmacy",
        "name": "Pharmacie Mvog-Atangana Mballa",
        "phone": "22306785",
        "source": "survey:PFE(IT3) ENSTP Yaounde 2010"
      },
      "geometry": {
        "type": "Point",
        "coordinates": [
          11.5192943,
          3.8488518
        ]
      },
      "id": "node/2034139428"
    },
    {
      "type": "Feature",
      "properties": {
        "@id": "node/2040149864",
        "name": "Salle de Danse",
        "tourism": "attraction"
      },
      "geometry": {
        "type": "Point",
        "coordinates": [
          11.5158828,
          3.8535142
        ]
      },
      "id": "node/2040149864"
    },
    {
      "type": "Feature",
      "properties": {
        "@id": "node/2040363224",
        "amenity": "pharmacy",
        "name": "Pharmacie de l'Aéroport",
        "phone": "22306689",
        "source": "survey:PFE(IT3) ENSTP Yaounde 2010"
      },
      "geometry": {
        "type": "Point",
        "coordinates": [
          11.5167072,
          3.8253653
        ]
      },
      "id": "node/2040363224"
    },
    {
      "type": "Feature",
      "properties": {
        "@id": "node/2040666798",
        "source": "sobzeros",
        "survey:date": "2023-03-27",
        "tourism": "hotel"
      },
      "geometry": {
        "type": "Point",
        "coordinates": [
          11.4772403,
          3.8141712
        ]
      },
      "id": "node/2040666798"
    },
    {
      "type": "Feature",
      "properties": {
        "@id": "node/2040772063",
        "amenity": "restaurant",
        "name": "Refectoire"
      },
      "geometry": {
        "type": "Point",
        "coordinates": [
          11.5003593,
          3.8417989
        ]
      },
      "id": "node/2040772063"
    },
    {
      "type": "Feature",
      "properties": {
        "@id": "node/2040772074",
        "amenity": "fast_food",
        "name": "fast food"
      },
      "geometry": {
        "type": "Point",
        "coordinates": [
          11.5006183,
          3.8407517
        ]
      },
      "id": "node/2040772074"
    },
    {
      "type": "Feature",
      "properties": {
        "@id": "node/2044656924",
        "amenity": "pharmacy",
        "name": "Pharmacie Moto George",
        "phone": "+237242192827"
      },
      "geometry": {
        "type": "Point",
        "coordinates": [
          11.5179934,
          3.889256
        ]
      },
      "id": "node/2044656924"
    },
    {
      "type": "Feature",
      "properties": {
        "@id": "node/2056858437",
        "amenity": "fast_food",
        "name": "Tchopetyamo"
      },
      "geometry": {
        "type": "Point",
        "coordinates": [
          11.5214495,
          3.8486857
        ]
      },
      "id": "node/2056858437"
    },
    {
      "type": "Feature",
      "properties": {
        "@id": "node/2263245273",
        "amenity": "doctors",
        "healthcare": "doctor",
        "name": "Cabinet de soins CINSOL",
        "note:nature": "privé",
        "source": "survey:PFE(IT3) ENSTP Yaounde 2010",
        "wheelchair": "no"
      },
      "geometry": {
        "type": "Point",
        "coordinates": [
          11.4858898,
          3.8324013
        ]
      },
      "id": "node/2263245273"
    },
    {
      "type": "Feature",
      "properties": {
        "@id": "node/2276045788",
        "amenity": "pharmacy",
        "healthcare": "pharmacy",
        "name": "Pharmacie Isis",
        "phone": "22233578",
        "source": "survey:PFE(IT3) ENSTP Yaounde 2010"
      },
      "geometry": {
        "type": "Point",
        "coordinates": [
          11.5483223,
          3.8642524
        ]
      },
      "id": "node/2276045788"
    },
    {
      "type": "Feature",
      "properties": {
        "@id": "node/2276189766",
        "addr:city": "Yaoundé",
        "amenity": "pharmacy",
        "building": "yes",
        "healthcare": "pharmacy",
        "name": "La Référence de Ngousso",
        "source": "PFE(IT3) ENSTP Yaoundé - 2010"
      },
      "geometry": {
        "type": "Point",
        "coordinates": [
          11.5491697,
          3.8943449
        ]
      },
      "id": "node/2276189766"
    },
    {
      "type": "Feature",
      "properties": {
        "@id": "node/2276189774",
        "amenity": "pharmacy",
        "building": "yes",
        "healthcare": "pharmacy",
        "name": "Pharmacie du Stade",
        "source": "PFE(IT3) ENSTP Yaoundé - 2010"
      },
      "geometry": {
        "type": "Point",
        "coordinates": [
          11.5452392,
          3.8891163
        ]
      },
      "id": "node/2276189774"
    },
    {
      "type": "Feature",
      "properties": {
        "@id": "node/2276771598",
        "air_conditioning": "yes",
        "building:levels": "3",
        "check_date": "2023-12-20",
        "internet_access": "wlan",
        "internet_access:fee": "no",
        "name": "Tou'Ngou Hotel",
        "source": "survey",
        "source:date": "2013-03",
        "tourism": "hotel"
      },
      "geometry": {
        "type": "Point",
        "coordinates": [
          11.5231957,
          3.8827963
        ]
      },
      "id": "node/2276771598"
    },
    {
      "type": "Feature",
      "properties": {
        "@id": "node/2278895824",
        "amenity": "pharmacy",
        "source": "PFE(IT3) ENSTP Yaoundé - 2010"
      },
      "geometry": {
        "type": "Point",
        "coordinates": [
          11.4989103,
          3.8528552
        ]
      },
      "id": "node/2278895824"
    },
    {
      "type": "Feature",
      "properties": {
        "@id": "node/2284209683",
        "addr:city": "Yaoundé II",
        "addr:housenumber": "1",
        "addr:street": "Rue 3.359",
        "amenity": "hospital",
        "cuisine": "french;cameroonian;cafe_noir",
        "healthcare": "hospital",
        "healthcare:speciality": "general",
        "internet_access": "yes",
        "internet_access:fee": "yes",
        "name": "Camp Yeyap 2",
        "operator": "hopital militaire",
        "operator:type": "public",
        "source": "Geocameroun"
      },
      "geometry": {
        "type": "Point",
        "coordinates": [
          11.502893,
          3.8698391
        ]
      },
      "id": "node/2284209683"
    },
    {
      "type": "Feature",
      "properties": {
        "@id": "node/2284597409",
        "addr:housenumber": "1165",
        "addr:street": "Rue Joseph Mballa Eloumden",
        "amenity": "restaurant",
        "cuisine": "turkish",
        "name": "Istanbul"
      },
      "geometry": {
        "type": "Point",
        "coordinates": [
          11.51229,
          3.8920473
        ]
      },
      "id": "node/2284597409"
    },
    {
      "type": "Feature",
      "properties": {
        "@id": "node/2292701975",
        "historic": "monument",
        "name": "Marie Statue",
        "source": "GeoCameroun"
      },
      "geometry": {
        "type": "Point",
        "coordinates": [
          11.466432,
          3.8967326
        ]
      },
      "id": "node/2292701975"
    },
    {
      "type": "Feature",
      "properties": {
        "@id": "node/2292701976",
        "historic": "monument",
        "name": "Sainte Croix",
        "source": "GeoCameroun"
      },
      "geometry": {
        "type": "Point",
        "coordinates": [
          11.4656937,
          3.896996
        ]
      },
      "id": "node/2292701976"
    },
    {
      "type": "Feature",
      "properties": {
        "@id": "node/2292701977",
        "historic": "monument",
        "source": "GeoCameroun"
      },
      "geometry": {
        "type": "Point",
        "coordinates": [
          11.5192171,
          3.8609572
        ]
      },
      "id": "node/2292701977"
    },
    {
      "type": "Feature",
      "properties": {
        "@id": "node/2292701978",
        "historic": "monument",
        "name": "Monument Leclerc-Eboué",
        "source": "GeoCameroun"
      },
      "geometry": {
        "type": "Point",
        "coordinates": [
          11.5192831,
          3.8610773
        ]
      },
      "id": "node/2292701978"
    },
    {
      "type": "Feature",
      "properties": {
        "@id": "node/2292701979",
        "historic": "monument",
        "source": "GeoCameroun"
      },
      "geometry": {
        "type": "Point",
        "coordinates": [
          11.5153883,
          3.8660166
        ]
      },
      "id": "node/2292701979"
    },
    {
      "type": "Feature",
      "properties": {
        "@id": "node/2292701980",
        "historic": "monument",
        "source": "GeoCameroun"
      },
      "geometry": {
        "type": "Point",
        "coordinates": [
          11.5171836,
          3.8739132
        ]
      },
      "id": "node/2292701980"
    },
    {
      "type": "Feature",
      "properties": {
        "@id": "node/2296069665",
        "name": "Hotel Maurinah Prestige",
        "tourism": "hotel"
      },
      "geometry": {
        "type": "Point",
        "coordinates": [
          11.5036136,
          3.8544623
        ]
      },
      "id": "node/2296069665"
    },
    {
      "type": "Feature",
      "properties": {
        "@id": "node/2300618476",
        "amenity": "fast_food",
        "name": "BH de mummy"
      },
      "geometry": {
        "type": "Point",
        "coordinates": [
          11.4538937,
          3.840628
        ]
      },
      "id": "node/2300618476"
    },
    {
      "type": "Feature",
      "properties": {
        "@id": "node/2304346036",
        "amenity": "restaurant",
        "capacity": "50",
        "indoor_seating": "yes",
        "name": "Flash Back Restaurant",
        "outdoor_seating": "no",
        "source": "survey:PFE(IT3) ENSTP Yaounde 2010",
        "start_date": "2010"
      },
      "geometry": {
        "type": "Point",
        "coordinates": [
          11.4946037,
          3.850576
        ]
      },
      "id": "node/2304346036"
    },
    {
      "type": "Feature",
      "properties": {
        "@id": "node/2314439518",
        "amenity": "restaurant"
      },
      "geometry": {
        "type": "Point",
        "coordinates": [
          11.5009353,
          3.8576484
        ]
      },
      "id": "node/2314439518"
    },
    {
      "type": "Feature",
      "properties": {
        "@id": "node/2315963521",
        "name": "Auberge",
        "source": "survey:PFE(IT3) ENSTP Yaounde 2010",
        "tourism": "motel"
      },
      "geometry": {
        "type": "Point",
        "coordinates": [
          11.5280487,
          3.8634214
        ]
      },
      "id": "node/2315963521"
    },
    {
      "type": "Feature",
      "properties": {
        "@id": "node/2315963522",
        "name": "Hotel Planete",
        "source": "survey:PFE(IT3) ENSTP Yaounde 2010",
        "tourism": "hotel"
      },
      "geometry": {
        "type": "Point",
        "coordinates": [
          11.5317453,
          3.8683296
        ]
      },
      "id": "node/2315963522"
    },
    {
      "type": "Feature",
      "properties": {
        "@id": "node/2318065325",
        "amenity": "restaurant"
      },
      "geometry": {
        "type": "Point",
        "coordinates": [
          11.5005816,
          3.8406634
        ]
      },
      "id": "node/2318065325"
    },
    {
      "type": "Feature",
      "properties": {
        "@id": "node/2322075101",
        "amenity": "restaurant"
      },
      "geometry": {
        "type": "Point",
        "coordinates": [
          11.496029,
          3.9126242
        ]
      },
      "id": "node/2322075101"
    },
    {
      "type": "Feature",
      "properties": {
        "@id": "node/2368816743",
        "amenity": "restaurant",
        "name": "Maison Blanche"
      },
      "geometry": {
        "type": "Point",
        "coordinates": [
          11.5273556,
          3.8658761
        ]
      },
      "id": "node/2368816743"
    },
    {
      "type": "Feature",
      "properties": {
        "@id": "node/2381876059",
        "amenity": "restaurant",
        "name": "Le Parallèle Club"
      },
      "geometry": {
        "type": "Point",
        "coordinates": [
          11.5233784,
          3.8991612
        ]
      },
      "id": "node/2381876059"
    },
    {
      "type": "Feature",
      "properties": {
        "@id": "node/2441215323",
        "amenity": "restaurant",
        "name": "Top Model Kola"
      },
      "geometry": {
        "type": "Point",
        "coordinates": [
          11.5177878,
          3.8730734
        ]
      },
      "id": "node/2441215323"
    },
    {
      "type": "Feature",
      "properties": {
        "@id": "node/2441565574",
        "historic": "monument",
        "name": "Monument de l'indépendace",
        "source": "GeoCameroun"
      },
      "geometry": {
        "type": "Point",
        "coordinates": [
          11.5175033,
          3.8728224
        ]
      },
      "id": "node/2441565574"
    },
    {
      "type": "Feature",
      "properties": {
        "@id": "node/2450331287",
        "historic": "monument",
        "name": "Lion"
      },
      "geometry": {
        "type": "Point",
        "coordinates": [
          11.5369534,
          3.7216003
        ]
      },
      "id": "node/2450331287"
    },
    {
      "type": "Feature",
      "properties": {
        "@id": "node/2450395470",
        "amenity": "restaurant"
      },
      "geometry": {
        "type": "Point",
        "coordinates": [
          11.5209994,
          3.8976786
        ]
      },
      "id": "node/2450395470"
    },
    {
      "type": "Feature",
      "properties": {
        "@id": "node/2450442448",
        "name": "Plus vieux bâtiment en dur de Yaoundé",
        "tourism": "attraction"
      },
      "geometry": {
        "type": "Point",
        "coordinates": [
          11.5130352,
          3.8671176
        ]
      },
      "id": "node/2450442448"
    },
    {
      "type": "Feature",
      "properties": {
        "@id": "node/2450489863",
        "historic": "monument"
      },
      "geometry": {
        "type": "Point",
        "coordinates": [
          11.5016491,
          3.8868776
        ]
      },
      "id": "node/2450489863"
    },
    {
      "type": "Feature",
      "properties": {
        "@id": "node/2450876088",
        "historic": "monument",
        "name": "Réunification monument",
        "name:en": "Réunification monument",
        "name:fr": "Monument de la Réunification"
      },
      "geometry": {
        "type": "Point",
        "coordinates": [
          11.5131796,
          3.8526969
        ]
      },
      "id": "node/2450876088"
    },
    {
      "type": "Feature",
      "properties": {
        "@id": "node/2483564186",
        "amenity": "restaurant",
        "name": "Saint-Tropez"
      },
      "geometry": {
        "type": "Point",
        "coordinates": [
          11.5127114,
          3.8917943
        ]
      },
      "id": "node/2483564186"
    },
    {
      "type": "Feature",
      "properties": {
        "@id": "node/2558754859",
        "amenity": "dentist",
        "healthcare": "dentist",
        "name": "Caninet Dentaire Malcom X"
      },
      "geometry": {
        "type": "Point",
        "coordinates": [
          11.5212722,
          3.8603067
        ]
      },
      "id": "node/2558754859"
    },
    {
      "type": "Feature",
      "properties": {
        "@id": "node/2726206629",
        "amenity": "restaurant",
        "indoor_seating": "yes",
        "name": "nseng",
        "outdoor_seating": "yes"
      },
      "geometry": {
        "type": "Point",
        "coordinates": [
          11.5374966,
          3.8730282
        ]
      },
      "id": "node/2726206629"
    },
    {
      "type": "Feature",
      "properties": {
        "@id": "node/2738324273",
        "amenity": "restaurant",
        "cuisine": "regional",
        "name": "Chez Guy Marcel"
      },
      "geometry": {
        "type": "Point",
        "coordinates": [
          11.5270052,
          3.866954
        ]
      },
      "id": "node/2738324273"
    },
    {
      "type": "Feature",
      "properties": {
        "@id": "node/2780509644",
        "amenity": "restaurant",
        "name": "Le Manek"
      },
      "geometry": {
        "type": "Point",
        "coordinates": [
          11.5185007,
          3.8879679
        ]
      },
      "id": "node/2780509644"
    },
    {
      "type": "Feature",
      "properties": {
        "@id": "node/2962424684",
        "amenity": "restaurant",
        "name": "Le Gougnat",
        "source": "Survey TSF Cameroun 2014"
      },
      "geometry": {
        "type": "Point",
        "coordinates": [
          11.587021,
          3.9625482
        ]
      },
      "id": "node/2962424684"
    },
    {
      "type": "Feature",
      "properties": {
        "@id": "node/2964110864",
        "amenity": "restaurant",
        "opening_hours": "Mo-Su 07:00-20:00; Th 10:00-20:00",
        "source": "Survey TSF Cameroun 2014"
      },
      "geometry": {
        "type": "Point",
        "coordinates": [
          11.5943704,
          3.9745429
        ]
      },
      "id": "node/2964110864"
    },
    {
      "type": "Feature",
      "properties": {
        "@id": "node/2996112462",
        "amenity": "restaurant",
        "microbrewery": "yes",
        "name": "Les Délices",
        "opening_hours": "Mo-Sa 08:00-15:00; Th 10:00-15:00",
        "source": "Survey TSF Cameroun 2014"
      },
      "geometry": {
        "type": "Point",
        "coordinates": [
          11.5936807,
          3.9743778
        ]
      },
      "id": "node/2996112462"
    },
    {
      "type": "Feature",
      "properties": {
        "@id": "node/2996902320",
        "historic": "wayside_cross"
      },
      "geometry": {
        "type": "Point",
        "coordinates": [
          11.4336022,
          3.8864807
        ]
      },
      "id": "node/2996902320"
    },
    {
      "type": "Feature",
      "properties": {
        "@id": "node/2996902322",
        "historic": "wayside_cross"
      },
      "geometry": {
        "type": "Point",
        "coordinates": [
          11.433596,
          3.8864981
        ]
      },
      "id": "node/2996902322"
    },
    {
      "type": "Feature",
      "properties": {
        "@id": "node/2997240060",
        "amenity": "restaurant",
        "microbrewery": "yes",
        "name": "Dejaco Snack Bar",
        "source": "Survey TSF Cameroun 2014"
      },
      "geometry": {
        "type": "Point",
        "coordinates": [
          11.6009415,
          3.9810531
        ]
      },
      "id": "node/2997240060"
    },
    {
      "type": "Feature",
      "properties": {
        "@id": "node/2997348081",
        "amenity": "restaurant",
        "cuisine": "cameroonian",
        "name": "Restaurant VIP",
        "source": "Survey TSF Cameroun 2014"
      },
      "geometry": {
        "type": "Point",
        "coordinates": [
          11.5931132,
          3.9765655
        ]
      },
      "id": "node/2997348081"
    },
    {
      "type": "Feature",
      "properties": {
        "@id": "node/2997531365",
        "amenity": "pharmacy",
        "healthcare": "pharmacy",
        "name": "Pharmacie Jireh",
        "source": "Survey TSF Cameroun 2014"
      },
      "geometry": {
        "type": "Point",
        "coordinates": [
          11.5936877,
          3.9672671
        ]
      },
      "id": "node/2997531365"
    },
    {
      "type": "Feature",
      "properties": {
        "@id": "node/2997531368",
        "amenity": "restaurant",
        "name": "Resto Sexy Dackere 5 étoiles",
        "source": "Survey TSF Cameroun 2014"
      },
      "geometry": {
        "type": "Point",
        "coordinates": [
          11.5936739,
          3.9673347
        ]
      },
      "id": "node/2997531368"
    },
    {
      "type": "Feature",
      "properties": {
        "@id": "node/2997541410",
        "amenity": "restaurant",
        "microbrewery": "yes",
        "name": "Chez Bouba",
        "source": "Survey TSF Cameroun 2014"
      },
      "geometry": {
        "type": "Point",
        "coordinates": [
          11.5936958,
          3.9654352
        ]
      },
      "id": "node/2997541410"
    },
    {
      "type": "Feature",
      "properties": {
        "@id": "node/2997541411",
        "amenity": "restaurant",
        "microbrewery": "yes",
        "name": "Rue Street 22.",
        "source": "Survey TSF Cameroun 2014"
      },
      "geometry": {
        "type": "Point",
        "coordinates": [
          11.593692,
          3.9654857
        ]
      },
      "id": "node/2997541411"
    },
    {
      "type": "Feature",
      "properties": {
        "@id": "node/2997610891",
        "historic": "monument",
        "name": "Statue Jeux Universitaire",
        "source": "Survey TSF Cameroun 2014"
      },
      "geometry": {
        "type": "Point",
        "coordinates": [
          11.5851871,
          3.9634108
        ]
      },
      "id": "node/2997610891"
    },
    {
      "type": "Feature",
      "properties": {
        "@id": "node/2997990131",
        "historic": "monument",
        "name": "Statue Flamme Jeux Universitaire"
      },
      "geometry": {
        "type": "Point",
        "coordinates": [
          11.5835636,
          3.962489
        ]
      },
      "id": "node/2997990131"
    },
    {
      "type": "Feature",
      "properties": {
        "@id": "node/2998038849",
        "amenity": "restaurant",
        "microbrewery": "yes",
        "name": "Le Carpatio au plat d'or",
        "source": "Survey TSF Cameroun 2014"
      },
      "geometry": {
        "type": "Point",
        "coordinates": [
          11.5928336,
          3.9676735
        ]
      },
      "id": "node/2998038849"
    },
    {
      "type": "Feature",
      "properties": {
        "@id": "node/2998038855",
        "amenity": "restaurant",
        "name": "Rotisserie Ben-J",
        "source": "Survey TSF Cameroun 2014"
      },
      "geometry": {
        "type": "Point",
        "coordinates": [
          11.5933826,
          3.967522
        ]
      },
      "id": "node/2998038855"
    },
    {
      "type": "Feature",
      "properties": {
        "@id": "node/3131970029",
        "amenity": "fast_food"
      },
      "geometry": {
        "type": "Point",
        "coordinates": [
          11.5047965,
          3.8588356
        ]
      },
      "id": "node/3131970029"
    },
    {
      "type": "Feature",
      "properties": {
        "@id": "node/3153728819",
        "addr:city": "Yaoundé",
        "addr:housenumber": "BP 1234 Yaoundé",
        "addr:street": "Rue de Djoungolo",
        "amenity": "restaurant",
        "capacity": "4",
        "contact:phone": "+237 98 08 98 56",
        "cuisine": "international",
        "name": "Restaurant Royal",
        "smoking": "no"
      },
      "geometry": {
        "type": "Point",
        "coordinates": [
          11.5181404,
          3.8798812
        ]
      },
      "id": "node/3153728819"
    },
    {
      "type": "Feature",
      "properties": {
        "@id": "node/3283803044",
        "amenity": "cafe"
      },
      "geometry": {
        "type": "Point",
        "coordinates": [
          11.4826182,
          3.837914
        ]
      },
      "id": "node/3283803044"
    },
    {
      "type": "Feature",
      "properties": {
        "@id": "node/3372957098",
        "amenity": "cafe",
        "cuisine": "sandwich",
        "name": "Expresso house"
      },
      "geometry": {
        "type": "Point",
        "coordinates": [
          11.5114626,
          3.8925856
        ]
      },
      "id": "node/3372957098"
    },
    {
      "type": "Feature",
      "properties": {
        "@id": "node/3372957108",
        "amenity": "restaurant",
        "cuisine": "regional",
        "name": "Aux fines epices"
      },
      "geometry": {
        "type": "Point",
        "coordinates": [
          11.5029948,
          3.887089
        ]
      },
      "id": "node/3372957108"
    },
    {
      "type": "Feature",
      "properties": {
        "@id": "node/3372959695",
        "amenity": "restaurant",
        "cuisine": "regional",
        "name": "237"
      },
      "geometry": {
        "type": "Point",
        "coordinates": [
          11.5168176,
          3.8925495
        ]
      },
      "id": "node/3372959695"
    },
    {
      "type": "Feature",
      "properties": {
        "@id": "node/3372988397",
        "amenity": "restaurant",
        "cuisine": "chicken",
        "name": "Rotisserie"
      },
      "geometry": {
        "type": "Point",
        "coordinates": [
          11.5125827,
          3.8920393
        ]
      },
      "id": "node/3372988397"
    },
    {
      "type": "Feature",
      "properties": {
        "@id": "node/3463536118",
        "historic": "memorial",
        "memorial": "statue",
        "name": "Monument aux morts"
      },
      "geometry": {
        "type": "Point",
        "coordinates": [
          11.5106276,
          3.8548294
        ]
      },
      "id": "node/3463536118"
    },
    {
      "type": "Feature",
      "properties": {
        "@id": "node/3463536119",
        "amenity": "restaurant",
        "name": "Saveurs Africaines"
      },
      "geometry": {
        "type": "Point",
        "coordinates": [
          11.4891375,
          3.8405835
        ]
      },
      "id": "node/3463536119"
    },
    {
      "type": "Feature",
      "properties": {
        "@id": "node/3584401531",
        "addr:city": "yaoundé I",
        "amenity": "restaurant",
        "name": "Iles du Wouri"
      },
      "geometry": {
        "type": "Point",
        "coordinates": [
          11.5238977,
          3.8795876
        ]
      },
      "id": "node/3584401531"
    },
    {
      "type": "Feature",
      "properties": {
        "@id": "node/3584401532",
        "addr:city": "yaoundé I",
        "amenity": "restaurant",
        "name": "Feuilles Vertes",
        "smoking": "no"
      },
      "geometry": {
        "type": "Point",
        "coordinates": [
          11.523709,
          3.8804842
        ]
      },
      "id": "node/3584401532"
    },
    {
      "type": "Feature",
      "properties": {
        "@id": "node/3598243425",
        "addr:street": "Rue de l'Université",
        "amenity": "restaurant",
        "capacity": "50"
      },
      "geometry": {
        "type": "Point",
        "coordinates": [
          11.5045087,
          3.8580384
        ]
      },
      "id": "node/3598243425"
    },
    {
      "type": "Feature",
      "properties": {
        "@id": "node/3601917080",
        "addr:street": "Rue de l'Université",
        "amenity": "fast_food",
        "cuisine": "burger"
      },
      "geometry": {
        "type": "Point",
        "coordinates": [
          11.5042402,
          3.8572658
        ]
      },
      "id": "node/3601917080"
    },
    {
      "type": "Feature",
      "properties": {
        "@id": "node/3604566559",
        "amenity": "restaurant",
        "name": "Rue Case-Nègre",
        "name:fr": "Rue Case-Nègre"
      },
      "geometry": {
        "type": "Point",
        "coordinates": [
          11.5216279,
          3.8688572
        ]
      },
      "id": "node/3604566559"
    },
    {
      "type": "Feature",
      "properties": {
        "@id": "node/3604579339",
        "amenity": "dentist",
        "healthcare": "dentist",
        "phone": "+237 222 23 51 39"
      },
      "geometry": {
        "type": "Point",
        "coordinates": [
          11.5237562,
          3.8716873
        ]
      },
      "id": "node/3604579339"
    },
    {
      "type": "Feature",
      "properties": {
        "@id": "node/3604839579",
        "amenity": "pharmacy",
        "healthcare": "pharmacy",
        "name": "Saint Martin"
      },
      "geometry": {
        "type": "Point",
        "coordinates": [
          11.5181947,
          3.8647393
        ]
      },
      "id": "node/3604839579"
    },
    {
      "type": "Feature",
      "properties": {
        "@id": "node/3614970069",
        "addr:street": "Rue Marie Goker",
        "check_date": "2026-03-25",
        "name": "Hôtel Royal",
        "tourism": "hotel"
      },
      "geometry": {
        "type": "Point",
        "coordinates": [
          11.5190155,
          3.8678233
        ]
      },
      "id": "node/3614970069"
    },
    {
      "type": "Feature",
      "properties": {
        "@id": "node/3615214649",
        "addr:street": "Rue Nana Tchakounte",
        "amenity": "pharmacy",
        "name": "Pharmacie Lyonnaise"
      },
      "geometry": {
        "type": "Point",
        "coordinates": [
          11.4970116,
          3.8760709
        ]
      },
      "id": "node/3615214649"
    },
    {
      "type": "Feature",
      "properties": {
        "@id": "node/3623012693",
        "amenity": "doctors",
        "building": "yes",
        "denomination": "roman_catholic",
        "name": "Centre de santé mission catholique de Nkoabang",
        "religion": "christian"
      },
      "geometry": {
        "type": "Point",
        "coordinates": [
          11.5915878,
          3.863224
        ]
      },
      "id": "node/3623012693"
    },
    {
      "type": "Feature",
      "properties": {
        "@id": "node/3678512661",
        "addr:street": "Rue 2.373",
        "amenity": "clinic",
        "name": "Centre de santé de Madagascar"
      },
      "geometry": {
        "type": "Point",
        "coordinates": [
          11.4937287,
          3.8807548
        ]
      },
      "id": "node/3678512661"
    },
    {
      "type": "Feature",
      "properties": {
        "@id": "node/3997669293",
        "amenity": "restaurant",
        "name": "Katie Eru"
      },
      "geometry": {
        "type": "Point",
        "coordinates": [
          11.5015105,
          3.8636504
        ]
      },
      "id": "node/3997669293"
    },
    {
      "type": "Feature",
      "properties": {
        "@id": "node/4172532289",
        "amenity": "pharmacy",
        "name": "Pharmacie Ketchy Madagascar"
      },
      "geometry": {
        "type": "Point",
        "coordinates": [
          11.4926597,
          3.8828222
        ]
      },
      "id": "node/4172532289"
    },
    {
      "type": "Feature",
      "properties": {
        "@id": "node/4178557491",
        "name": "Priscilla Manor, Bastos",
        "tourism": "guest_house"
      },
      "geometry": {
        "type": "Point",
        "coordinates": [
          11.5135062,
          3.893757
        ]
      },
      "id": "node/4178557491"
    },
    {
      "type": "Feature",
      "properties": {
        "@id": "node/4189575189",
        "addr:street": "Rue Martin Tabi Essomba",
        "amenity": "restaurant",
        "name": "Le Sawa",
        "opening_hours": "Mo-Sa 10:00-22:00"
      },
      "geometry": {
        "type": "Point",
        "coordinates": [
          11.5283246,
          3.8631102
        ]
      },
      "id": "node/4189575189"
    },
    {
      "type": "Feature",
      "properties": {
        "@id": "node/4204481689",
        "check_date": "2023-12-08",
        "contact:phone": "+237 6 99 59 17 57",
        "fee": "yes",
        "museum": "ethnography",
        "name": "Musée Ethnographique et d'Histoire des Peuples de la Forêt d'Afrique Centrale",
        "opening_hours": "Tu-Sa 10:30-17:30",
        "operator:type": "private",
        "short_name": "Musée des Peuples de la Forêt",
        "tourism": "museum",
        "wikidata": "Q108912406"
      },
      "geometry": {
        "type": "Point",
        "coordinates": [
          11.5236132,
          3.8712749
        ]
      },
      "id": "node/4204481689"
    },
    {
      "type": "Feature",
      "properties": {
        "@id": "node/4211048457",
        "ele": "796",
        "historic": "memorial"
      },
      "geometry": {
        "type": "Point",
        "coordinates": [
          11.5031186,
          3.856735
        ]
      },
      "id": "node/4211048457"
    },
    {
      "type": "Feature",
      "properties": {
        "@id": "node/4212966082",
        "addr:street": "Rue de l'Université",
        "amenity": "restaurant",
        "cuisine": "senegalese",
        "ele": "802",
        "name": "Restaurant sénégalais",
        "takeaway": "yes"
      },
      "geometry": {
        "type": "Point",
        "coordinates": [
          11.5046316,
          3.8583381
        ]
      },
      "id": "node/4212966082"
    },
    {
      "type": "Feature",
      "properties": {
        "@id": "node/4221228989",
        "amenity": "restaurant",
        "cuisine": "regional",
        "name": "Douala"
      },
      "geometry": {
        "type": "Point",
        "coordinates": [
          11.5037698,
          3.8854063
        ]
      },
      "id": "node/4221228989"
    },
    {
      "type": "Feature",
      "properties": {
        "@id": "node/4223061990",
        "amenity": "restaurant",
        "cuisine": "african;chicken;fish;ice_cream;local",
        "name": "Flavours, Tsinga"
      },
      "geometry": {
        "type": "Point",
        "coordinates": [
          11.5034786,
          3.8841011
        ]
      },
      "id": "node/4223061990"
    },
    {
      "type": "Feature",
      "properties": {
        "@id": "node/4223062189",
        "amenity": "restaurant",
        "cuisine": "chicken",
        "name": "Club des Amis, Tsinga"
      },
      "geometry": {
        "type": "Point",
        "coordinates": [
          11.5006676,
          3.8857992
        ]
      },
      "id": "node/4223062189"
    },
    {
      "type": "Feature",
      "properties": {
        "@id": "node/4262441358",
        "amenity": "pharmacy",
        "healthcare": "pharmacy",
        "name": "Pharmacie Biyem-assi Dr Tchachou Joseph"
      },
      "geometry": {
        "type": "Point",
        "coordinates": [
          11.4849664,
          3.8372952
        ]
      },
      "id": "node/4262441358"
    },
    {
      "type": "Feature",
      "properties": {
        "@id": "node/4323035407",
        "name": "My House, Nkolanga",
        "tourism": "guest_house"
      },
      "geometry": {
        "type": "Point",
        "coordinates": [
          11.558835,
          3.8212624
        ]
      },
      "id": "node/4323035407"
    },
    {
      "type": "Feature",
      "properties": {
        "@id": "node/4323084429",
        "historic": "memorial"
      },
      "geometry": {
        "type": "Point",
        "coordinates": [
          11.4790829,
          3.8517879
        ]
      },
      "id": "node/4323084429"
    },
    {
      "type": "Feature",
      "properties": {
        "@id": "node/4347378590",
        "amenity": "doctors",
        "name": "Centre de santé Oyoma-Bang"
      },
      "geometry": {
        "type": "Point",
        "coordinates": [
          11.4651995,
          3.8760373
        ]
      },
      "id": "node/4347378590"
    },
    {
      "type": "Feature",
      "properties": {
        "@id": "node/4347378591",
        "addr:postcode": "3188",
        "name": "Immeuble Marguerita",
        "phone": "+237 696493282",
        "tourism": "hotel"
      },
      "geometry": {
        "type": "Point",
        "coordinates": [
          11.523587,
          3.8021264
        ]
      },
      "id": "node/4347378591"
    },
    {
      "type": "Feature",
      "properties": {
        "@id": "node/4361807957",
        "amenity": "pharmacy",
        "healthcare": "pharmacy",
        "name": "pharmacie de la fidelite"
      },
      "geometry": {
        "type": "Point",
        "coordinates": [
          11.5050912,
          3.8722691
        ]
      },
      "id": "node/4361807957"
    },
    {
      "type": "Feature",
      "properties": {
        "@id": "node/4362565208",
        "amenity": "clinic",
        "contact:phone": "677639572/6707021255",
        "healthcare": "clinic",
        "name": "CABINET DES SOINS LES DELICES"
      },
      "geometry": {
        "type": "Point",
        "coordinates": [
          11.4935654,
          3.8597086
        ]
      },
      "id": "node/4362565208"
    },
    {
      "type": "Feature",
      "properties": {
        "@id": "node/4362584761",
        "amenity": "cafe",
        "name": "CAFE-RESTAU"
      },
      "geometry": {
        "type": "Point",
        "coordinates": [
          11.493283,
          3.8554237
        ]
      },
      "id": "node/4362584761"
    },
    {
      "type": "Feature",
      "properties": {
        "@id": "node/4362645746",
        "addr:postcode": "BP 4824 yde",
        "amenity": "restaurant",
        "contact:email": "MvogoMessi.gb@gmail.com",
        "contact:phone": "673466556",
        "name": "Le Pichichi"
      },
      "geometry": {
        "type": "Point",
        "coordinates": [
          11.5032736,
          3.8624271
        ]
      },
      "id": "node/4362645746"
    },
    {
      "type": "Feature",
      "properties": {
        "@id": "node/4362645775",
        "amenity": "restaurant",
        "contact:phone": "677693212",
        "name": "Restaurant chez Lucile"
      },
      "geometry": {
        "type": "Point",
        "coordinates": [
          11.5039411,
          3.8646307
        ]
      },
      "id": "node/4362645775"
    },
    {
      "type": "Feature",
      "properties": {
        "@id": "node/4362701992",
        "amenity": "restaurant",
        "contact:phone": "98290376/79815512",
        "name": "AMERICAN FRIED CHICKEN"
      },
      "geometry": {
        "type": "Point",
        "coordinates": [
          11.4936397,
          3.861845
        ]
      },
      "id": "node/4362701992"
    },
    {
      "type": "Feature",
      "properties": {
        "@id": "node/4362727876",
        "name": "yeyap hotel",
        "tourism": "hotel"
      },
      "geometry": {
        "type": "Point",
        "coordinates": [
          11.502436,
          3.8705113
        ]
      },
      "id": "node/4362727876"
    },
    {
      "type": "Feature",
      "properties": {
        "@id": "node/4375721891",
        "amenity": "fast_food",
        "cuisine": "kebab",
        "name": "Okebab fast food",
        "name:fr": "Okebab fast food"
      },
      "geometry": {
        "type": "Point",
        "coordinates": [
          11.5123425,
          3.8834799
        ]
      },
      "id": "node/4375721891"
    },
    {
      "type": "Feature",
      "properties": {
        "@id": "node/4377493299",
        "amenity": "pharmacy",
        "dispensing": "no",
        "healthcare": "pharmacy",
        "name": "Pharmacie Provinciale"
      },
      "geometry": {
        "type": "Point",
        "coordinates": [
          11.5159436,
          3.8795091
        ]
      },
      "id": "node/4377493299"
    },
    {
      "type": "Feature",
      "properties": {
        "@id": "node/4393277889",
        "addr:housenumber": "1544",
        "addr:street": "Rue Joseph Mballa Eloumden",
        "amenity": "fast_food",
        "cuisine": "burger;italian_pizza"
      },
      "geometry": {
        "type": "Point",
        "coordinates": [
          11.5093018,
          3.8934629
        ]
      },
      "id": "node/4393277889"
    },
    {
      "type": "Feature",
      "properties": {
        "@id": "node/4396764221",
        "ele": "743",
        "historic": "memorial"
      },
      "geometry": {
        "type": "Point",
        "coordinates": [
          11.5108376,
          3.8448617
        ]
      },
      "id": "node/4396764221"
    },
    {
      "type": "Feature",
      "properties": {
        "@id": "node/4433384789",
        "amenity": "restaurant",
        "name": "café resto chez bouda",
        "name:fr": "café resto chez bouda"
      },
      "geometry": {
        "type": "Point",
        "coordinates": [
          11.4737341,
          3.8765531
        ]
      },
      "id": "node/4433384789"
    },
    {
      "type": "Feature",
      "properties": {
        "@id": "node/4460833983",
        "amenity": "fast_food",
        "name": "Restaurant la source de yaunde"
      },
      "geometry": {
        "type": "Point",
        "coordinates": [
          11.5024162,
          3.8663642
        ]
      },
      "id": "node/4460833983"
    },
    {
      "type": "Feature",
      "properties": {
        "@id": "node/4470305284",
        "addr:street": "Rue 4.258",
        "amenity": "pharmacy",
        "name": "Pharmacie de la liberté"
      },
      "geometry": {
        "type": "Point",
        "coordinates": [
          11.5799773,
          3.8527373
        ]
      },
      "id": "node/4470305284"
    },
    {
      "type": "Feature",
      "properties": {
        "@id": "node/4470330023",
        "addr:city": "Yaoundé",
        "addr:street": "Rue 1.001",
        "amenity": "pharmacy",
        "healthcare": "pharmacy",
        "name": "Pharmacie de l'Unité"
      },
      "geometry": {
        "type": "Point",
        "coordinates": [
          11.5216897,
          3.8588385
        ]
      },
      "id": "node/4470330023"
    },
    {
      "type": "Feature",
      "properties": {
        "@id": "node/4470403349",
        "addr:street": "Rue 4.258",
        "amenity": "pharmacy",
        "name": "Pharmacie Ste Madeleine"
      },
      "geometry": {
        "type": "Point",
        "coordinates": [
          11.5857939,
          3.8618534
        ]
      },
      "id": "node/4470403349"
    },
    {
      "type": "Feature",
      "properties": {
        "@id": "node/4470403360",
        "addr:street": "Rue 4.258",
        "amenity": "doctors",
        "name": "Centre de Santé sainte marie mère de dieu",
        "phone": "+237 677 63 29 84"
      },
      "geometry": {
        "type": "Point",
        "coordinates": [
          11.5935562,
          3.860039
        ]
      },
      "id": "node/4470403360"
    },
    {
      "type": "Feature",
      "properties": {
        "@id": "node/4470744389",
        "name": "ma maison",
        "tourism": "guest_house"
      },
      "geometry": {
        "type": "Point",
        "coordinates": [
          11.4745767,
          3.8248853
        ]
      },
      "id": "node/4470744389"
    },
    {
      "type": "Feature",
      "properties": {
        "@id": "node/4487342694",
        "addr:postcode": "237",
        "amenity": "restaurant",
        "internet_access": "wlan",
        "name": "Ye-lo",
        "name:en": "Ye-lo",
        "name:fr": "Ye-lo",
        "opening_hours": "24/7",
        "phone": "651-58",
        "website": "http://yelowall.com"
      },
      "geometry": {
        "type": "Point",
        "coordinates": [
          11.5480481,
          3.8923035
        ]
      },
      "id": "node/4487342694"
    },
    {
      "type": "Feature",
      "properties": {
        "@id": "node/4500589704",
        "name": "Français",
        "name:en": "Français",
        "name:fr": "Maison paulo",
        "tourism": "guest_house"
      },
      "geometry": {
        "type": "Point",
        "coordinates": [
          11.5008572,
          3.8538172
        ]
      },
      "id": "node/4500589704"
    },
    {
      "type": "Feature",
      "properties": {
        "@id": "node/4510360307",
        "name": "Auberge Red Ligth Lem",
        "tourism": "hotel"
      },
      "geometry": {
        "type": "Point",
        "coordinates": [
          11.493013,
          3.8450365
        ]
      },
      "id": "node/4510360307"
    },
    {
      "type": "Feature",
      "properties": {
        "@id": "node/4511020690",
        "tourism": "guest_house"
      },
      "geometry": {
        "type": "Point",
        "coordinates": [
          11.539415,
          3.8664595
        ]
      },
      "id": "node/4511020690"
    },
    {
      "type": "Feature",
      "properties": {
        "@id": "node/4524288791",
        "phone": "699452307",
        "tourism": "guest_house"
      },
      "geometry": {
        "type": "Point",
        "coordinates": [
          11.489397,
          3.8272655
        ]
      },
      "id": "node/4524288791"
    },
    {
      "type": "Feature",
      "properties": {
        "@id": "node/4524288792",
        "name": "TOKAM CARINE",
        "name:fr": "TOKAM CARINE",
        "phone": "699452307",
        "tourism": "guest_house"
      },
      "geometry": {
        "type": "Point",
        "coordinates": [
          11.4894572,
          3.82728
        ]
      },
      "id": "node/4524288792"
    },
    {
      "type": "Feature",
      "properties": {
        "@id": "node/4524301089",
        "addr:street": "Avenue d'Etoug-Ebé",
        "email": "briceaubin@yahoo.fr",
        "name": "Aubin Tokam",
        "phone": "677021607",
        "tourism": "guest_house"
      },
      "geometry": {
        "type": "Point",
        "coordinates": [
          11.4736707,
          3.8363904
        ]
      },
      "id": "node/4524301089"
    },
    {
      "type": "Feature",
      "properties": {
        "@id": "node/4524316290",
        "name": "Tsamo Simplice",
        "name:fr": "Tsamo Simplice",
        "tourism": "guest_house"
      },
      "geometry": {
        "type": "Point",
        "coordinates": [
          11.4722531,
          3.8288626
        ]
      },
      "id": "node/4524316290"
    },
    {
      "type": "Feature",
      "properties": {
        "@id": "node/4555768238",
        "amenity": "pharmacy",
        "healthcare": "pharmacy",
        "name": "MINDILI"
      },
      "geometry": {
        "type": "Point",
        "coordinates": [
          11.5364405,
          3.8245838
        ]
      },
      "id": "node/4555768238"
    },
    {
      "type": "Feature",
      "properties": {
        "@id": "node/4555768241",
        "name": "Immeuble HAPPY",
        "tourism": "hotel"
      },
      "geometry": {
        "type": "Point",
        "coordinates": [
          11.5294507,
          3.8118662
        ]
      },
      "id": "node/4555768241"
    },
    {
      "type": "Feature",
      "properties": {
        "@id": "node/4579391792",
        "addr:street": "Rue 1.258",
        "check_date": "2026-03-22",
        "name": "le lion d'or / le limouzi",
        "name:fr": "le lion d'or / le limouzi",
        "tourism": "hotel"
      },
      "geometry": {
        "type": "Point",
        "coordinates": [
          11.5277352,
          3.8686527
        ]
      },
      "id": "node/4579391792"
    },
    {
      "type": "Feature",
      "properties": {
        "@id": "node/4591981089",
        "addr:street": "Route de Ngousso",
        "amenity": "pharmacy",
        "healthcare": "pharmacy",
        "name": "Pharmacie la Colombe"
      },
      "geometry": {
        "type": "Point",
        "coordinates": [
          11.5357759,
          3.8849544
        ]
      },
      "id": "node/4591981089"
    },
    {
      "type": "Feature",
      "properties": {
        "@id": "node/4594312602",
        "name": "Résidence Mairama",
        "name:fr": "Résidence Mairama",
        "tourism": "guest_house"
      },
      "geometry": {
        "type": "Point",
        "coordinates": [
          11.5722245,
          3.8102157
        ]
      },
      "id": "node/4594312602"
    },
    {
      "type": "Feature",
      "properties": {
        "@id": "node/4615786890",
        "addr:street": "entree quartier anglo",
        "name": "Touna Jeanne Home",
        "name:en": "Touna Jeanne Home",
        "name:fr": "Domicile Touna Jeanne",
        "tourism": "guest_house"
      },
      "geometry": {
        "type": "Point",
        "coordinates": [
          11.5163286,
          3.928783
        ]
      },
      "id": "node/4615786890"
    },
    {
      "type": "Feature",
      "properties": {
        "@id": "node/4691479117",
        "amenity": "restaurant",
        "name": "Restaurant Snack-Bar Le Partenaire"
      },
      "geometry": {
        "type": "Point",
        "coordinates": [
          11.5199419,
          3.883947
        ]
      },
      "id": "node/4691479117"
    },
    {
      "type": "Feature",
      "properties": {
        "@id": "node/4722481192",
        "addr:street": "Nkozoa",
        "email": "cedricmbah2@gmail.com",
        "name": "Mbah's Residence",
        "name:en": "Mbah's Residence",
        "name:fr": "Mbah's Residence",
        "operator": "James Mbah",
        "phone": "677860926",
        "tourism": "hostel",
        "website": "https://www.studhomes.com/"
      },
      "geometry": {
        "type": "Point",
        "coordinates": [
          11.5470281,
          3.9717984
        ]
      },
      "id": "node/4722481192"
    },
    {
      "type": "Feature",
      "properties": {
        "@id": "node/4722649989",
        "name": "Mbah's residence",
        "name:en": "Mbah's residence",
        "name:fr": "Mbah's residence",
        "tourism": "guest_house"
      },
      "geometry": {
        "type": "Point",
        "coordinates": [
          11.5480747,
          3.9731943
        ]
      },
      "id": "node/4722649989"
    },
    {
      "type": "Feature",
      "properties": {
        "@id": "node/4740211421",
        "name": "papi et mami",
        "name:fr": "papi et mami",
        "tourism": "guest_house"
      },
      "geometry": {
        "type": "Point",
        "coordinates": [
          11.5157446,
          3.895034
        ]
      },
      "id": "node/4740211421"
    },
    {
      "type": "Feature",
      "properties": {
        "@id": "node/4741334824",
        "tourism": "guest_house"
      },
      "geometry": {
        "type": "Point",
        "coordinates": [
          11.4983685,
          3.900126
        ]
      },
      "id": "node/4741334824"
    },
    {
      "type": "Feature",
      "properties": {
        "@id": "node/4752179721",
        "name": "Maison YDE",
        "name:fr": "Maison YDE",
        "tourism": "guest_house"
      },
      "geometry": {
        "type": "Point",
        "coordinates": [
          11.5039672,
          3.8269996
        ]
      },
      "id": "node/4752179721"
    },
    {
      "type": "Feature",
      "properties": {
        "@id": "node/4778356623",
        "name": "Foyer International E.P.C.",
        "name:fr": "Foyer International E.P.C.",
        "phone": "99852376",
        "tourism": "guest_house"
      },
      "geometry": {
        "type": "Point",
        "coordinates": [
          11.5225096,
          3.8800096
        ]
      },
      "id": "node/4778356623"
    },
    {
      "type": "Feature",
      "properties": {
        "@id": "node/4795272826",
        "addr:street": "Rue 2.043",
        "amenity": "restaurant",
        "name": "Restaurant sénégalais"
      },
      "geometry": {
        "type": "Point",
        "coordinates": [
          11.5080071,
          3.8767078
        ]
      },
      "id": "node/4795272826"
    },
    {
      "type": "Feature",
      "properties": {
        "@id": "node/4825018022",
        "name": "odza",
        "name:fr": "odza",
        "tourism": "guest_house"
      },
      "geometry": {
        "type": "Point",
        "coordinates": [
          11.5481749,
          3.7636073
        ]
      },
      "id": "node/4825018022"
    },
    {
      "type": "Feature",
      "properties": {
        "@id": "node/4825165223",
        "name": "odza hermine à vendre",
        "name:fr": "odza hermine à vendre",
        "tourism": "guest_house"
      },
      "geometry": {
        "type": "Point",
        "coordinates": [
          11.5562275,
          3.7718472
        ]
      },
      "id": "node/4825165223"
    },
    {
      "type": "Feature",
      "properties": {
        "@id": "node/4883735221",
        "addr:street": "BP. 35227 Yaoundé",
        "amenity": "hospital",
        "email": "fondationmariarosansisim@gmaol.com",
        "healthcare": "hospital",
        "name": "Fondation médico-chirurgicale Maria Rosa Nsisim",
        "phone": "222319428"
      },
      "geometry": {
        "type": "Point",
        "coordinates": [
          11.502291,
          3.8121305
        ]
      },
      "id": "node/4883735221"
    },
    {
      "type": "Feature",
      "properties": {
        "@id": "node/4891747021",
        "addr:postcode": "237",
        "email": "lebesthotel@gmail.com",
        "internet_access": "wlan",
        "name": "Le best hotel",
        "name:en": "Le best hotel",
        "name:fr": "Le best hotel",
        "opening_hours": "24/7",
        "phone": "237243633895",
        "tourism": "hotel",
        "website": "https://www.lebesthotel.com/"
      },
      "geometry": {
        "type": "Point",
        "coordinates": [
          11.5308102,
          3.8673962
        ]
      },
      "id": "node/4891747021"
    },
    {
      "type": "Feature",
      "properties": {
        "@id": "node/4933980224",
        "addr:street": "Avenue Germaine Ahidjo",
        "amenity": "restaurant",
        "cuisine": "burger;african;sandwich;international;grill;steak_house;greek;lebanese;spanish;chicken;diner;brazilian;arab;curry;turkish;fish;hotdog;french;argentinian;friture;american;german;kebab;barbecue;tapas",
        "name": "Karoka BBQ service",
        "name:de": "Karoka BBQ service",
        "name:en": "Karoka BBQ service",
        "name:fr": "Karoka BBQ service",
        "opening_hours": "Mo-Sa 12:00-00:00",
        "operator": "Yannick",
        "phone": "+237674672040",
        "website": "https://www.facebook.com/karokabbq/"
      },
      "geometry": {
        "type": "Point",
        "coordinates": [
          11.533672,
          3.8710733
        ]
      },
      "id": "node/4933980224"
    },
    {
      "type": "Feature",
      "properties": {
        "@id": "node/4956850721",
        "amenity": "doctors",
        "healthcare": "doctor",
        "name": "Saint-luc",
        "name:fr": "Saint-luc"
      },
      "geometry": {
        "type": "Point",
        "coordinates": [
          11.5511765,
          3.8990453
        ]
      },
      "id": "node/4956850721"
    },
    {
      "type": "Feature",
      "properties": {
        "@id": "node/4986682821",
        "amenity": "restaurant",
        "name": "taro essos",
        "name:fr": "taro essos"
      },
      "geometry": {
        "type": "Point",
        "coordinates": [
          11.5458408,
          3.8753437
        ]
      },
      "id": "node/4986682821"
    },
    {
      "type": "Feature",
      "properties": {
        "@id": "node/5020213524",
        "name": "Qnet Office",
        "name:en": "Qnet Office",
        "name:fr": "Bureau QNET",
        "opening_hours": "24/7",
        "tourism": "guest_house",
        "website": "https://www.qnet.net/"
      },
      "geometry": {
        "type": "Point",
        "coordinates": [
          11.4972369,
          3.841487
        ]
      },
      "id": "node/5020213524"
    },
    {
      "type": "Feature",
      "properties": {
        "@id": "node/5062521176",
        "historic": "memorial",
        "memorial": "statue",
        "name": "Caveau"
      },
      "geometry": {
        "type": "Point",
        "coordinates": [
          11.4483313,
          3.7881125
        ]
      },
      "id": "node/5062521176"
    },
    {
      "type": "Feature",
      "properties": {
        "@id": "node/5071940721",
        "amenity": "restaurant",
        "cuisine": "vietnamese",
        "name": "vietnamese",
        "name:fr": "La Paillote"
      },
      "geometry": {
        "type": "Point",
        "coordinates": [
          11.5249389,
          3.8768901
        ]
      },
      "id": "node/5071940721"
    },
    {
      "type": "Feature",
      "properties": {
        "@id": "node/5112556307",
        "addr:city": "Yaoundé",
        "addr:street": "Rue 5.557, Face Hôpital Général de Yaoundé",
        "amenity": "pharmacy",
        "description": "Face Hôpital Général",
        "healthcare": "pharmacy",
        "name": "Pharmacie Bleue",
        "opening_hours": "Mo-Fr 08:00-18:00",
        "phone": "+237 2 22 21 42 10"
      },
      "geometry": {
        "type": "Point",
        "coordinates": [
          11.5422648,
          3.9076768
        ]
      },
      "id": "node/5112556307"
    },
    {
      "type": "Feature",
      "properties": {
        "@id": "node/5112556308",
        "addr:street": "Rue 1.564, Fabrique Ngousso",
        "amenity": "pharmacy",
        "healthcare": "pharmacy",
        "name": "Phamacie Bayard",
        "opening_hours": "Mo-Sa 08:00-18:00",
        "phone": "+237 2 22 20 31 14"
      },
      "geometry": {
        "type": "Point",
        "coordinates": [
          11.5461689,
          3.9024161
        ]
      },
      "id": "node/5112556308"
    },
    {
      "type": "Feature",
      "properties": {
        "@id": "node/5143122922",
        "addr:street": "mosquée",
        "internet_access": "wlan",
        "name": "mayland housse",
        "tourism": "guest_house"
      },
      "geometry": {
        "type": "Point",
        "coordinates": [
          11.5341924,
          3.7900446
        ]
      },
      "id": "node/5143122922"
    },
    {
      "type": "Feature",
      "properties": {
        "@id": "node/5161969332",
        "amenity": "clinic",
        "name": "Centre de Santé Intégré Moïse & Elisabeth",
        "source": "mapillary"
      },
      "geometry": {
        "type": "Point",
        "coordinates": [
          11.5218151,
          3.8211882
        ]
      },
      "id": "node/5161969332"
    },
    {
      "type": "Feature",
      "properties": {
        "@id": "node/5161979851",
        "amenity": "clinic",
        "healthcare": "clinic",
        "name": "Centre de Santé Intégré Sainte Marie",
        "source": "mapillary"
      },
      "geometry": {
        "type": "Point",
        "coordinates": [
          11.5238763,
          3.8178603
        ]
      },
      "id": "node/5161979851"
    },
    {
      "type": "Feature",
      "properties": {
        "@id": "node/5174142027",
        "addr:street": "Montée du Mt Ngoya",
        "name": "Catholic Cross of Ngoya summit",
        "name:en": "Catholic Cross of Ngoya summit",
        "name:fr": "Croix catholique du Mont Ngoya",
        "tourism": "attraction"
      },
      "geometry": {
        "type": "Point",
        "coordinates": [
          11.4706467,
          3.9260533
        ]
      },
      "id": "node/5174142027"
    },
    {
      "type": "Feature",
      "properties": {
        "@id": "node/5176139432",
        "amenity": "restaurant",
        "name": "Royal Crown Lounge Restaurant",
        "opening_hours": "24/7",
        "takeaway": "yes"
      },
      "geometry": {
        "type": "Point",
        "coordinates": [
          11.5129599,
          3.8918913
        ]
      },
      "id": "node/5176139432"
    },
    {
      "type": "Feature",
      "properties": {
        "@id": "node/5177699233",
        "amenity": "pharmacy",
        "healthcare": "pharmacy",
        "name": "Pharmacie 2000"
      },
      "geometry": {
        "type": "Point",
        "coordinates": [
          11.5079212,
          3.8857174
        ]
      },
      "id": "node/5177699233"
    },
    {
      "type": "Feature",
      "properties": {
        "@id": "node/5177710525",
        "amenity": "restaurant",
        "cuisine": "regional",
        "name": "Manuba"
      },
      "geometry": {
        "type": "Point",
        "coordinates": [
          11.5024307,
          3.8870088
        ]
      },
      "id": "node/5177710525"
    },
    {
      "type": "Feature",
      "properties": {
        "@id": "node/5177886921",
        "historic": "memorial",
        "memorial": "statue",
        "name": "Eugène Jamot"
      },
      "geometry": {
        "type": "Point",
        "coordinates": [
          11.513072,
          3.8668414
        ]
      },
      "id": "node/5177886921"
    },
    {
      "type": "Feature",
      "properties": {
        "@id": "node/5179789949",
        "addr:city": "Yaoundé I",
        "addr:street": "Rue de Narvik",
        "amenity": "restaurant",
        "check_date": "2026-03-25",
        "name": "Boukarou Lounge",
        "opening_hours": "24/7",
        "outdoor_seating": "yes",
        "phone": "+237 6 95 45 28 28",
        "takeaway": "yes"
      },
      "geometry": {
        "type": "Point",
        "coordinates": [
          11.5158822,
          3.8722173
        ]
      },
      "id": "node/5179789949"
    },
    {
      "type": "Feature",
      "properties": {
        "@id": "node/5275093747",
        "amenity": "restaurant",
        "cuisine": "lebanese",
        "name": "La pannetiere"
      },
      "geometry": {
        "type": "Point",
        "coordinates": [
          11.5176576,
          3.8859168
        ]
      },
      "id": "node/5275093747"
    },
    {
      "type": "Feature",
      "properties": {
        "@id": "node/5310402832",
        "addr:street": "Rue 1.127",
        "amenity": "dentist",
        "check_date": "2023-12-09",
        "healthcare": "dentist",
        "name": "Cabinet Dentaire Effila Ebe",
        "phone": "+237 679348375"
      },
      "geometry": {
        "type": "Point",
        "coordinates": [
          11.5182672,
          3.8805666
        ]
      },
      "id": "node/5310402832"
    },
    {
      "type": "Feature",
      "properties": {
        "@id": "node/5348083228",
        "amenity": "clinic",
        "healthcare": "clinic",
        "name": "Hope Clinic"
      },
      "geometry": {
        "type": "Point",
        "coordinates": [
          11.5477716,
          3.8788543
        ]
      },
      "id": "node/5348083228"
    },
    {
      "type": "Feature",
      "properties": {
        "@id": "node/5399362527",
        "addr:street": "Rue Jean Abanda",
        "name": "Hôtel du Plateau",
        "tourism": "hotel"
      },
      "geometry": {
        "type": "Point",
        "coordinates": [
          11.5489583,
          3.8789897
        ]
      },
      "id": "node/5399362527"
    },
    {
      "type": "Feature",
      "properties": {
        "@id": "node/5416926923",
        "addr:street": "Rue Jean Abanda",
        "amenity": "restaurant",
        "cuisine": "african;french;italian_pizza",
        "diet:vegetarian": "yes",
        "fixme": "phone number seems wrong",
        "internet_access": "wlan",
        "name": "Bifteck 5 Stars",
        "opening_hours": "24/7",
        "operator": "Wouri Essos",
        "phone": "+2376652959628",
        "wheelchair": "no"
      },
      "geometry": {
        "type": "Point",
        "coordinates": [
          11.5391709,
          3.8738061
        ]
      },
      "id": "node/5416926923"
    },
    {
      "type": "Feature",
      "properties": {
        "@id": "node/5432000725",
        "addr:street": "Nouvelle route tam-tam",
        "amenity": "fast_food",
        "name": "restaurant Universal",
        "opening_hours": "Mo-Su 09:00-23:00",
        "phone": "656369549"
      },
      "geometry": {
        "type": "Point",
        "coordinates": [
          11.4890029,
          3.8312901
        ]
      },
      "id": "node/5432000725"
    },
    {
      "type": "Feature",
      "properties": {
        "@id": "node/5476922121",
        "addr:housenumber": "131",
        "addr:postcode": "7769",
        "addr:street": "rue 7769 mendong",
        "email": "stevydol@gmail.com",
        "internet_access": "wlan",
        "name": "chez soi",
        "name:en": "at home",
        "opening_hours": "24/7",
        "operator": "Steve",
        "phone": "666690037",
        "tourism": "guest_house"
      },
      "geometry": {
        "type": "Point",
        "coordinates": [
          11.4724351,
          3.837732
        ]
      },
      "id": "node/5476922121"
    },
    {
      "type": "Feature",
      "properties": {
        "@id": "node/5479521721",
        "amenity": "clinic",
        "name": "Complexe Medico Chirurgical",
        "name:en": "Chirurgical Medical Complex",
        "operator": "Dr. Zang Etienne",
        "phone": "676946627"
      },
      "geometry": {
        "type": "Point",
        "coordinates": [
          11.6379597,
          3.724886
        ]
      },
      "id": "node/5479521721"
    },
    {
      "type": "Feature",
      "properties": {
        "@id": "node/5479541421",
        "name": "Joseph Akono Resident",
        "tourism": "attraction"
      },
      "geometry": {
        "type": "Point",
        "coordinates": [
          11.6303348,
          3.7241972
        ]
      },
      "id": "node/5479541421"
    },
    {
      "type": "Feature",
      "properties": {
        "@id": "node/5501915523",
        "amenity": "fast_food",
        "name": "Dr Shawarma"
      },
      "geometry": {
        "type": "Point",
        "coordinates": [
          11.5294738,
          3.8017283
        ]
      },
      "id": "node/5501915523"
    },
    {
      "type": "Feature",
      "properties": {
        "@id": "node/5510051723",
        "amenity": "restaurant",
        "cuisine": "barbecue",
        "name": "Spicy grill",
        "name:fr": "Maison du talon",
        "opening_hours": "Mo-Su 09:00-21:00",
        "phone": "+237655745369"
      },
      "geometry": {
        "type": "Point",
        "coordinates": [
          11.5004521,
          3.8872947
        ]
      },
      "id": "node/5510051723"
    },
    {
      "type": "Feature",
      "properties": {
        "@id": "node/5521168471",
        "addr:street": "Boulevard de l'OUA",
        "amenity": "cafe",
        "name": "Café vienna"
      },
      "geometry": {
        "type": "Point",
        "coordinates": [
          11.5189148,
          3.8462892
        ]
      },
      "id": "node/5521168471"
    },
    {
      "type": "Feature",
      "properties": {
        "@id": "node/5531649021",
        "name": "Immeuble bazor & fils",
        "name:en": "Français",
        "tourism": "guest_house"
      },
      "geometry": {
        "type": "Point",
        "coordinates": [
          11.468874,
          3.8456103
        ]
      },
      "id": "node/5531649021"
    },
    {
      "type": "Feature",
      "properties": {
        "@id": "node/5532018221",
        "name": "Barrière en pierre",
        "tourism": "guest_house"
      },
      "geometry": {
        "type": "Point",
        "coordinates": [
          11.5467908,
          3.9105867
        ]
      },
      "id": "node/5532018221"
    },
    {
      "type": "Feature",
      "properties": {
        "@id": "node/5555207930",
        "amenity": "pharmacy",
        "dispensing": "yes",
        "healthcare": "pharmacy"
      },
      "geometry": {
        "type": "Point",
        "coordinates": [
          11.4928374,
          3.8718871
        ]
      },
      "id": "node/5555207930"
    },
    {
      "type": "Feature",
      "properties": {
        "@id": "node/5596176330",
        "amenity": "clinic",
        "healthcare": "clinic",
        "name": "Clinique de l'espoir"
      },
      "geometry": {
        "type": "Point",
        "coordinates": [
          11.4866674,
          3.8458495
        ]
      },
      "id": "node/5596176330"
    },
    {
      "type": "Feature",
      "properties": {
        "@id": "node/5650207971",
        "name": "Auberge",
        "tourism": "hostel"
      },
      "geometry": {
        "type": "Point",
        "coordinates": [
          11.5169472,
          3.8272409
        ]
      },
      "id": "node/5650207971"
    },
    {
      "type": "Feature",
      "properties": {
        "@id": "node/5650207972",
        "name": "Le Chat blanc",
        "tourism": "motel"
      },
      "geometry": {
        "type": "Point",
        "coordinates": [
          11.5474514,
          3.8924678
        ]
      },
      "id": "node/5650207972"
    },
    {
      "type": "Feature",
      "properties": {
        "@id": "node/5650210704",
        "name": "Auberge grd mvan",
        "tourism": "motel"
      },
      "geometry": {
        "type": "Point",
        "coordinates": [
          11.5176172,
          3.8275745
        ]
      },
      "id": "node/5650210704"
    },
    {
      "type": "Feature",
      "properties": {
        "@id": "node/5650210743",
        "name": "Motel mocus",
        "name:fr": "MOCCHUS ET MORPHEE ( motel-snack)",
        "tourism": "motel"
      },
      "geometry": {
        "type": "Point",
        "coordinates": [
          11.5200501,
          3.8840527
        ]
      },
      "id": "node/5650210743"
    },
    {
      "type": "Feature",
      "properties": {
        "@id": "node/5650210744",
        "name": "Motel",
        "name:fr": "Motel beau lieu",
        "tourism": "hostel"
      },
      "geometry": {
        "type": "Point",
        "coordinates": [
          11.5166752,
          3.8272319
        ]
      },
      "id": "node/5650210744"
    },
    {
      "type": "Feature",
      "properties": {
        "@id": "node/5650210745",
        "amenity": "restaurant",
        "name": "Yao'Ba",
        "phone": "+237699495555"
      },
      "geometry": {
        "type": "Point",
        "coordinates": [
          11.5166113,
          3.8867763
        ]
      },
      "id": "node/5650210745"
    },
    {
      "type": "Feature",
      "properties": {
        "@id": "node/5653336289",
        "amenity": "cafe",
        "check_date": "2024-03-25",
        "cuisine": "coffee_shop",
        "name": "La Maison du Café",
        "phone": "+237 2 43 59 60 70; +237 6 97 41 92 26"
      },
      "geometry": {
        "type": "Point",
        "coordinates": [
          11.5192951,
          3.8683464
        ]
      },
      "id": "node/5653336289"
    },
    {
      "type": "Feature",
      "properties": {
        "@id": "node/5678470221",
        "amenity": "fast_food",
        "name": "restaurant les gourmets",
        "phone": "696228292"
      },
      "geometry": {
        "type": "Point",
        "coordinates": [
          11.4869673,
          3.8338423
        ]
      },
      "id": "node/5678470221"
    },
    {
      "type": "Feature",
      "properties": {
        "@id": "node/5680784421",
        "addr:housenumber": "01",
        "addr:postcode": "16374",
        "addr:street": "Rue 1.001",
        "amenity": "restaurant",
        "cuisine": "chicken;friture;african;fish;breakfast;fine_dining;tea;coffee_shop",
        "email": "latonje@gmail.com",
        "internet_access": "wlan",
        "name": "Le Premium",
        "opening_hours": "Mo-Sa 07:00-18:00",
        "phone": "+237655605636",
        "website": "http://www.restaurantlepremium.com"
      },
      "geometry": {
        "type": "Point",
        "coordinates": [
          11.5213658,
          3.8610427
        ]
      },
      "id": "node/5680784421"
    },
    {
      "type": "Feature",
      "properties": {
        "@id": "node/5692876637",
        "amenity": "pharmacy"
      },
      "geometry": {
        "type": "Point",
        "coordinates": [
          11.5204614,
          3.9272773
        ]
      },
      "id": "node/5692876637"
    },
    {
      "type": "Feature",
      "properties": {
        "@id": "node/5695789322",
        "addr:housenumber": "562",
        "addr:postcode": "12340",
        "addr:street": "Rue 3.387",
        "amenity": "hospital",
        "email": "gtlabotsinga@yahoo.fr",
        "healthcare": "hospital",
        "name": "GT labo",
        "name:fr": "GT labo Melen",
        "phone": "242202792",
        "website": "https://www.gtlabo.net/"
      },
      "geometry": {
        "type": "Point",
        "coordinates": [
          11.4992709,
          3.8636288
        ]
      },
      "id": "node/5695789322"
    },
    {
      "type": "Feature",
      "properties": {
        "@id": "node/5702082026",
        "amenity": "pharmacy",
        "healthcare": "pharmacy",
        "name": "Pharmacie Populaire"
      },
      "geometry": {
        "type": "Point",
        "coordinates": [
          11.5400568,
          3.8736658
        ]
      },
      "id": "node/5702082026"
    },
    {
      "type": "Feature",
      "properties": {
        "@id": "node/5731757968",
        "amenity": "restaurant",
        "contact:phone": "677771405",
        "cuisine": "pizza",
        "name": "Pizzeria la Maria"
      },
      "geometry": {
        "type": "Point",
        "coordinates": [
          11.5081063,
          3.8933006
        ]
      },
      "id": "node/5731757968"
    },
    {
      "type": "Feature",
      "properties": {
        "@id": "node/5764947253",
        "amenity": "restaurant",
        "name": "PRINTEMPS carrefour jamot",
        "survey:date": "2022-12-11"
      },
      "geometry": {
        "type": "Point",
        "coordinates": [
          11.524263,
          3.8986453
        ]
      },
      "id": "node/5764947253"
    },
    {
      "type": "Feature",
      "properties": {
        "@id": "node/5774565831",
        "building": "yes",
        "name": "Etôk Kôss",
        "source": "PFE(IT3) ENSTP Yaoundé - 2010",
        "tourism": "hotel"
      },
      "geometry": {
        "type": "Point",
        "coordinates": [
          11.4693544,
          3.8089691
        ]
      },
      "id": "node/5774565831"
    },
    {
      "type": "Feature",
      "properties": {
        "@id": "node/5774855582",
        "amenity": "doctors",
        "healthcare": "doctor",
        "name": "Maman Diana",
        "note:nature": "privé",
        "source": "survey:PFE(IT3) ENSTP Yaounde 2010"
      },
      "geometry": {
        "type": "Point",
        "coordinates": [
          11.4711233,
          3.8274165
        ]
      },
      "id": "node/5774855582"
    },
    {
      "type": "Feature",
      "properties": {
        "@id": "node/5774855595",
        "amenity": "doctors",
        "healthcare": "doctor",
        "name": "Renfort plus",
        "note:nature": "privé",
        "source": "survey:PFE(IT3) ENSTP Yaounde 2010"
      },
      "geometry": {
        "type": "Point",
        "coordinates": [
          11.4733864,
          3.8210524
        ]
      },
      "id": "node/5774855595"
    },
    {
      "type": "Feature",
      "properties": {
        "@id": "node/5774855596",
        "amenity": "doctors",
        "healthcare": "doctor",
        "name": "Jproso plus",
        "note:nature": "privé",
        "source": "survey:PFE(IT3) ENSTP Yaounde 2010"
      },
      "geometry": {
        "type": "Point",
        "coordinates": [
          11.4718495,
          3.8223176
        ]
      },
      "id": "node/5774855596"
    },
    {
      "type": "Feature",
      "properties": {
        "@id": "node/5775378356",
        "amenity": "doctors",
        "name": "Feel Better",
        "note:nature": "privé",
        "source": "survey:PFE(IT3) ENSTP Yaounde 2010"
      },
      "geometry": {
        "type": "Point",
        "coordinates": [
          11.4579403,
          3.8395872
        ]
      },
      "id": "node/5775378356"
    },
    {
      "type": "Feature",
      "properties": {
        "@id": "node/5775378357",
        "amenity": "doctors",
        "name": "La patience",
        "note:nature": "privé",
        "source": "survey:PFE(IT3) ENSTP Yaounde 2010"
      },
      "geometry": {
        "type": "Point",
        "coordinates": [
          11.4600002,
          3.8391818
        ]
      },
      "id": "node/5775378357"
    },
    {
      "type": "Feature",
      "properties": {
        "@id": "node/5776914152",
        "amenity": "doctors",
        "healthcare": "doctor",
        "name": "Laboratoire Lumen Christ",
        "source": "sobzeros"
      },
      "geometry": {
        "type": "Point",
        "coordinates": [
          11.4975511,
          3.8640225
        ]
      },
      "id": "node/5776914152"
    },
    {
      "type": "Feature",
      "properties": {
        "@id": "node/5776915764",
        "internet_access": "yes",
        "name": "La Résidence",
        "opening_hours": "Mo-Su 07:00-23:00",
        "source": "PFE(IT3) ENSTP Yaoundé - 2010",
        "tourism": "hotel",
        "wheelchair": "no"
      },
      "geometry": {
        "type": "Point",
        "coordinates": [
          11.4992154,
          3.8636532
        ]
      },
      "id": "node/5776915764"
    },
    {
      "type": "Feature",
      "properties": {
        "@id": "node/5776915769",
        "name": "Hôtel Sinahi",
        "source": "sobzeros",
        "tourism": "hotel",
        "wheelchair": "no"
      },
      "geometry": {
        "type": "Point",
        "coordinates": [
          11.5004774,
          3.8631614
        ]
      },
      "id": "node/5776915769"
    },
    {
      "type": "Feature",
      "properties": {
        "@id": "node/5776915796",
        "amenity": "clinic",
        "healthcare": "clinic",
        "name": "LM St Mary medical",
        "note:nature": "privé",
        "source": "survey:PFE(IT3) ENSTP Yaounde 2010"
      },
      "geometry": {
        "type": "Point",
        "coordinates": [
          11.5041685,
          3.8628941
        ]
      },
      "id": "node/5776915796"
    },
    {
      "type": "Feature",
      "properties": {
        "@id": "node/5776915806",
        "amenity": "clinic",
        "healthcare": "clinic",
        "name": "Pavillon Ngantaha",
        "note:nature": "privé",
        "source": "survey:PFE(IT3) ENSTP Yaounde 2010"
      },
      "geometry": {
        "type": "Point",
        "coordinates": [
          11.5038832,
          3.8650615
        ]
      },
      "id": "node/5776915806"
    },
    {
      "type": "Feature",
      "properties": {
        "@id": "node/5776915854",
        "amenity": "restaurant",
        "name": "Restaurant ENAM",
        "source": "sobzeros"
      },
      "geometry": {
        "type": "Point",
        "coordinates": [
          11.5103526,
          3.8619518
        ]
      },
      "id": "node/5776915854"
    },
    {
      "type": "Feature",
      "properties": {
        "@id": "node/5776960932",
        "amenity": "pharmacy",
        "dispensing": "no",
        "name": "Pharmacie EMIA",
        "source": "GeoCameroun"
      },
      "geometry": {
        "type": "Point",
        "coordinates": [
          11.5017314,
          3.8626834
        ]
      },
      "id": "node/5776960932"
    },
    {
      "type": "Feature",
      "properties": {
        "@id": "node/5776961120",
        "amenity": "pharmacy",
        "healthcare": "pharmacy",
        "name": "Pharmacie Mandela",
        "note:nature": "privé",
        "source": "survey:PFE(IT3) ENSTP Yaounde 2010"
      },
      "geometry": {
        "type": "Point",
        "coordinates": [
          11.4972547,
          3.8641188
        ]
      },
      "id": "node/5776961120"
    },
    {
      "type": "Feature",
      "properties": {
        "@id": "node/5777057800",
        "amenity": "pharmacy",
        "building": "yes",
        "healthcare": "pharmacy",
        "name": "Pharmacie MESSA",
        "source": "GeoCameroun"
      },
      "geometry": {
        "type": "Point",
        "coordinates": [
          11.504311,
          3.8722314
        ]
      },
      "id": "node/5777057800"
    },
    {
      "type": "Feature",
      "properties": {
        "@id": "node/5777057853",
        "amenity": "pharmacy",
        "healthcare": "pharmacy",
        "name": "Pharmacie la Providence",
        "source": "GeoCameroun"
      },
      "geometry": {
        "type": "Point",
        "coordinates": [
          11.5031764,
          3.8733533
        ]
      },
      "id": "node/5777057853"
    },
    {
      "type": "Feature",
      "properties": {
        "@id": "node/5777072966",
        "amenity": "doctors",
        "healthcare": "doctor",
        "name": "Laboratoire de Santé Hygiène Mobile",
        "source": "GeoCameroun"
      },
      "geometry": {
        "type": "Point",
        "coordinates": [
          11.5085904,
          3.870122
        ]
      },
      "id": "node/5777072966"
    },
    {
      "type": "Feature",
      "properties": {
        "@id": "node/5777072967",
        "addr:postcode": "BP 8587 yde",
        "amenity": "clinic",
        "contact:email": "cvi_messa@yahoo.fr",
        "contact:phone": "672151406",
        "healthcare": "clinic",
        "name": "Centre de Vaccinations Internationales de Yaounde",
        "source": "sobzeros"
      },
      "geometry": {
        "type": "Point",
        "coordinates": [
          11.508231,
          3.8702745
        ]
      },
      "id": "node/5777072967"
    },
    {
      "type": "Feature",
      "properties": {
        "@id": "node/5777138818",
        "capacity": "38",
        "name": "Hotel Le Printania",
        "source": "survey:PFE(IT3) ENSTP Yaounde 2010",
        "stars": "1",
        "tourism": "hotel"
      },
      "geometry": {
        "type": "Point",
        "coordinates": [
          11.4910273,
          3.8565527
        ]
      },
      "id": "node/5777138818"
    },
    {
      "type": "Feature",
      "properties": {
        "@id": "node/5777138819",
        "amenity": "pharmacy",
        "source": "GeoCameroun"
      },
      "geometry": {
        "type": "Point",
        "coordinates": [
          11.4917086,
          3.856051
        ]
      },
      "id": "node/5777138819"
    },
    {
      "type": "Feature",
      "properties": {
        "@id": "node/5788216353",
        "addr:street": "Rue 1.387",
        "tourism": "guest_house"
      },
      "geometry": {
        "type": "Point",
        "coordinates": [
          11.5486511,
          3.8830072
        ]
      },
      "id": "node/5788216353"
    },
    {
      "type": "Feature",
      "properties": {
        "@id": "node/5820857576",
        "amenity": "restaurant",
        "cuisine": "pizza",
        "name": "Lampeduza",
        "phone": "+237 690113921"
      },
      "geometry": {
        "type": "Point",
        "coordinates": [
          11.4999685,
          3.8419013
        ]
      },
      "id": "node/5820857576"
    },
    {
      "type": "Feature",
      "properties": {
        "@id": "node/5824969054",
        "amenity": "clinic",
        "healthcare": "clinic",
        "name": "Polyclinique du palais"
      },
      "geometry": {
        "type": "Point",
        "coordinates": [
          11.5036588,
          3.8941892
        ]
      },
      "id": "node/5824969054"
    },
    {
      "type": "Feature",
      "properties": {
        "@id": "node/5864861885",
        "amenity": "clinic",
        "healthcare": "clinic",
        "name": "Centre Hospitalier Pédiatrique et Gynécologique Nina"
      },
      "geometry": {
        "type": "Point",
        "coordinates": [
          11.4748655,
          3.8172274
        ]
      },
      "id": "node/5864861885"
    },
    {
      "type": "Feature",
      "properties": {
        "@id": "node/6042813031",
        "name": "Dakotel Palace",
        "tourism": "hotel"
      },
      "geometry": {
        "type": "Point",
        "coordinates": [
          11.4922905,
          3.8834997
        ]
      },
      "id": "node/6042813031"
    },
    {
      "type": "Feature",
      "properties": {
        "@id": "node/6042816157",
        "amenity": "restaurant"
      },
      "geometry": {
        "type": "Point",
        "coordinates": [
          11.4916318,
          3.8866437
        ]
      },
      "id": "node/6042816157"
    },
    {
      "type": "Feature",
      "properties": {
        "@id": "node/6042816158",
        "amenity": "restaurant",
        "name": "Le Ndok"
      },
      "geometry": {
        "type": "Point",
        "coordinates": [
          11.4924826,
          3.8814277
        ]
      },
      "id": "node/6042816158"
    },
    {
      "type": "Feature",
      "properties": {
        "@id": "node/6067029950",
        "name": "Ideal Hotel",
        "phone": "22209852",
        "tourism": "hotel"
      },
      "geometry": {
        "type": "Point",
        "coordinates": [
          11.5191034,
          3.8850695
        ]
      },
      "id": "node/6067029950"
    },
    {
      "type": "Feature",
      "properties": {
        "@id": "node/6130727590",
        "name": "résidence cana malins",
        "name:fr": "résidence Canaanland",
        "tourism": "guest_house"
      },
      "geometry": {
        "type": "Point",
        "coordinates": [
          11.4783881,
          3.8307485
        ]
      },
      "id": "node/6130727590"
    },
    {
      "type": "Feature",
      "properties": {
        "@id": "node/6282216585",
        "amenity": "restaurant",
        "contact:phone": "677075058",
        "name": "African Queen"
      },
      "geometry": {
        "type": "Point",
        "coordinates": [
          11.5115434,
          3.891858
        ]
      },
      "id": "node/6282216585"
    },
    {
      "type": "Feature",
      "properties": {
        "@id": "node/6282216586",
        "amenity": "restaurant",
        "name": "Penja land"
      },
      "geometry": {
        "type": "Point",
        "coordinates": [
          11.5443719,
          3.8761189
        ]
      },
      "id": "node/6282216586"
    },
    {
      "type": "Feature",
      "properties": {
        "@id": "node/6283070985",
        "amenity": "pharmacy",
        "healthcare": "pharmacy",
        "name": "Pharmacie Bethesda"
      },
      "geometry": {
        "type": "Point",
        "coordinates": [
          11.4885805,
          3.8323132
        ]
      },
      "id": "node/6283070985"
    },
    {
      "type": "Feature",
      "properties": {
        "@id": "node/6306003428",
        "capacity": "145",
        "contact:email": "hotel.deputes@yahoo.fr",
        "contact:fax": "222232435",
        "contact:phone": "222231555",
        "contact:website": "http://www.hoteldesdeputes.com",
        "name": "Hôtel des Députés",
        "source": "survey:PFE(IT3) ENSTP Yaounde 2010",
        "stars": "3",
        "tourism": "hotel"
      },
      "geometry": {
        "type": "Point",
        "coordinates": [
          11.5122182,
          3.8654454
        ]
      },
      "id": "node/6306003428"
    },
    {
      "type": "Feature",
      "properties": {
        "@id": "node/6308029350",
        "name": "Djeuga Palace",
        "source": "PFE(IT3) ENSTP Yaoundé - 2010",
        "tourism": "hotel"
      },
      "geometry": {
        "type": "Point",
        "coordinates": [
          11.5156674,
          3.8713623
        ]
      },
      "id": "node/6308029350"
    },
    {
      "type": "Feature",
      "properties": {
        "@id": "node/6308029351",
        "amenity": "cafe",
        "cuisine": "regional;burger",
        "internet_access": "no",
        "name": "Smile"
      },
      "geometry": {
        "type": "Point",
        "coordinates": [
          11.5161127,
          3.8707682
        ]
      },
      "id": "node/6308029351"
    },
    {
      "type": "Feature",
      "properties": {
        "@id": "node/6308029352",
        "addr:postcode": "1430 Yaoundé",
        "addr:street": "Rue du Maréchal Foch",
        "contact:phone": "222222061",
        "contact:website": "www.lafalaisehotels.com",
        "name": "La Falaise",
        "phone": "+237 222 22 06 16",
        "tourism": "hotel",
        "website": "http://www.lafalaisehotels.com"
      },
      "geometry": {
        "type": "Point",
        "coordinates": [
          11.5154153,
          3.8705916
        ]
      },
      "id": "node/6308029352"
    },
    {
      "type": "Feature",
      "properties": {
        "@id": "node/6308029359",
        "addr:street": "Rue du Maréchal Foch",
        "amenity": "restaurant",
        "ele": "733",
        "indoor_seating": "yes",
        "name": "Chez tonton andré",
        "outdoor_seating": "yes",
        "source": "survey"
      },
      "geometry": {
        "type": "Point",
        "coordinates": [
          11.5150291,
          3.8705729
        ]
      },
      "id": "node/6308029359"
    },
    {
      "type": "Feature",
      "properties": {
        "@id": "node/6308090899",
        "amenity": "restaurant",
        "capacity": "145",
        "cuisine": "regional",
        "source": "survey:PFE(IT3) ENSTP Yaounde 2010"
      },
      "geometry": {
        "type": "Point",
        "coordinates": [
          11.5121806,
          3.8645436
        ]
      },
      "id": "node/6308090899"
    },
    {
      "type": "Feature",
      "properties": {
        "@id": "node/6308090915",
        "amenity": "hospital",
        "healthcare": "hospital",
        "name": "Croix Rouge Camerounaise",
        "source": "sobzeros"
      },
      "geometry": {
        "type": "Point",
        "coordinates": [
          11.5127036,
          3.8689298
        ]
      },
      "id": "node/6308090915"
    },
    {
      "type": "Feature",
      "properties": {
        "@id": "node/6308170733",
        "amenity": "restaurant",
        "name": "Les Cigalons",
        "source": "sobzeros"
      },
      "geometry": {
        "type": "Point",
        "coordinates": [
          11.5184878,
          3.8742592
        ]
      },
      "id": "node/6308170733"
    },
    {
      "type": "Feature",
      "properties": {
        "@id": "node/6308170737",
        "check_date": "2026-03-25",
        "name": "Hôtel Indépendance",
        "source": "sobzeros",
        "tourism": "hotel"
      },
      "geometry": {
        "type": "Point",
        "coordinates": [
          11.5182035,
          3.8748693
        ]
      },
      "id": "node/6308170737"
    },
    {
      "type": "Feature",
      "properties": {
        "@id": "node/6308327459",
        "name": "Hôtel Merina",
        "source": "PFE(IT3) ENSTP Yaoundé - 2010",
        "tourism": "hotel"
      },
      "geometry": {
        "type": "Point",
        "coordinates": [
          11.519098,
          3.8645784
        ]
      },
      "id": "node/6308327459"
    },
    {
      "type": "Feature",
      "properties": {
        "@id": "node/6308327479",
        "name": "Jully Hotel",
        "source": "sobzeros",
        "tourism": "hotel"
      },
      "geometry": {
        "type": "Point",
        "coordinates": [
          11.520486,
          3.8700363
        ]
      },
      "id": "node/6308327479"
    },
    {
      "type": "Feature",
      "properties": {
        "@id": "node/6308327839",
        "amenity": "restaurant",
        "cuisine": "regional",
        "internet_access": "no",
        "name": "ô Maeva Club",
        "phone": "+237 2 22 02 42 00",
        "smoking": "yes",
        "source": "sobzeros"
      },
      "geometry": {
        "type": "Point",
        "coordinates": [
          11.5188807,
          3.8723699
        ]
      },
      "id": "node/6308327839"
    },
    {
      "type": "Feature",
      "properties": {
        "@id": "node/6310400744",
        "amenity": "pharmacy",
        "healthcare": "pharmacy",
        "name": "Pharmacie Française",
        "source": "GeoCameroun"
      },
      "geometry": {
        "type": "Point",
        "coordinates": [
          11.519731,
          3.8636485
        ]
      },
      "id": "node/6310400744"
    },
    {
      "type": "Feature",
      "properties": {
        "@id": "node/6310400747",
        "name": "Blackitude Museum",
        "tourism": "museum",
        "wikidata": "Q15961646",
        "wikipedia": "en:Blackitude Museum"
      },
      "geometry": {
        "type": "Point",
        "coordinates": [
          11.5184328,
          3.8643269
        ]
      },
      "id": "node/6310400747"
    },
    {
      "type": "Feature",
      "properties": {
        "@id": "node/6310400752",
        "addr:postcode": "34457",
        "addr:street": "Rue Frédéric Foe",
        "check_date": "2026-03-25",
        "email": "jullyguest@yahoo.fr",
        "internet_access": "wlan",
        "name": "Jully Guest House",
        "opening_hours": "24/7",
        "phone": "222224061",
        "source": "sobzeros",
        "tourism": "guest_house"
      },
      "geometry": {
        "type": "Point",
        "coordinates": [
          11.5207314,
          3.8716875
        ]
      },
      "id": "node/6310400752"
    },
    {
      "type": "Feature",
      "properties": {
        "@id": "node/6310433848",
        "amenity": "restaurant",
        "name": "La Terrasse",
        "source": "sobzeros"
      },
      "geometry": {
        "type": "Point",
        "coordinates": [
          11.5200475,
          3.8694529
        ]
      },
      "id": "node/6310433848"
    },
    {
      "type": "Feature",
      "properties": {
        "@id": "node/6310433854",
        "amenity": "pharmacy",
        "healthcare": "pharmacy",
        "name": "Pharmacie de l'Intendance",
        "source": "GeoCameroun"
      },
      "geometry": {
        "type": "Point",
        "coordinates": [
          11.5203653,
          3.8662978
        ]
      },
      "id": "node/6310433854"
    },
    {
      "type": "Feature",
      "properties": {
        "@id": "node/6310583396",
        "amenity": "restaurant",
        "cuisine": "cameroonian",
        "name": "Le Bois d'Ébène"
      },
      "geometry": {
        "type": "Point",
        "coordinates": [
          11.5237918,
          3.869655
        ]
      },
      "id": "node/6310583396"
    },
    {
      "type": "Feature",
      "properties": {
        "@id": "node/6310583438",
        "amenity": "pharmacy",
        "healthcare": "pharmacy",
        "name": "Pharmacie du bien-être",
        "phone": "+237 222 20 25 19",
        "source": "GeoCameroun"
      },
      "geometry": {
        "type": "Point",
        "coordinates": [
          11.5241352,
          3.87467
        ]
      },
      "id": "node/6310583438"
    },
    {
      "type": "Feature",
      "properties": {
        "@id": "node/6310583440",
        "amenity": "doctors",
        "healthcare": "doctor",
        "name": "Cabinet Médical",
        "source": "sobzeros"
      },
      "geometry": {
        "type": "Point",
        "coordinates": [
          11.5228531,
          3.8740036
        ]
      },
      "id": "node/6310583440"
    },
    {
      "type": "Feature",
      "properties": {
        "@id": "node/6310583599",
        "addr:street": "Place Elig-Essono",
        "amenity": "pharmacy",
        "healthcare": "pharmacy",
        "name": "Le Mfoundi",
        "source": "GeoCameroun"
      },
      "geometry": {
        "type": "Point",
        "coordinates": [
          11.5237932,
          3.8712767
        ]
      },
      "id": "node/6310583599"
    },
    {
      "type": "Feature",
      "properties": {
        "@id": "node/6310597692",
        "check_date": "2026-03-25",
        "name": "Tango Hôtel",
        "source": "PFE(IT3) ENSTP Yaoundé - 2010",
        "tourism": "hotel"
      },
      "geometry": {
        "type": "Point",
        "coordinates": [
          11.524964,
          3.8728476
        ]
      },
      "id": "node/6310597692"
    },
    {
      "type": "Feature",
      "properties": {
        "@id": "node/6310626510",
        "name": "Hôtel Grand Moulin",
        "source": "PFE(IT3) ENSTP Yaoundé - 2010",
        "tourism": "hotel"
      },
      "geometry": {
        "type": "Point",
        "coordinates": [
          11.5247628,
          3.8752922
        ]
      },
      "id": "node/6310626510"
    },
    {
      "type": "Feature",
      "properties": {
        "@id": "node/6310626530",
        "name": "Girafe Hôtel",
        "source": "PFE(IT3) ENSTP Yaoundé - 2010",
        "tourism": "hotel"
      },
      "geometry": {
        "type": "Point",
        "coordinates": [
          11.5257767,
          3.8741241
        ]
      },
      "id": "node/6310626530"
    },
    {
      "type": "Feature",
      "properties": {
        "@id": "node/6310626531",
        "check_date": "2026-03-25",
        "name": "Girafe Hôtel",
        "tourism": "hotel"
      },
      "geometry": {
        "type": "Point",
        "coordinates": [
          11.5262675,
          3.8742197
        ]
      },
      "id": "node/6310626531"
    },
    {
      "type": "Feature",
      "properties": {
        "@id": "node/6310651172",
        "name": "Hôtel de la Gare",
        "tourism": "hotel"
      },
      "geometry": {
        "type": "Point",
        "coordinates": [
          11.5265022,
          3.8679771
        ]
      },
      "id": "node/6310651172"
    },
    {
      "type": "Feature",
      "properties": {
        "@id": "node/6310687640",
        "amenity": "doctors",
        "healthcare": "doctor",
        "name": "Dispensaire Mvog-Ada",
        "source": "sobzeros"
      },
      "geometry": {
        "type": "Point",
        "coordinates": [
          11.5271929,
          3.8636498
        ]
      },
      "id": "node/6310687640"
    },
    {
      "type": "Feature",
      "properties": {
        "@id": "node/6310687641",
        "amenity": "pharmacy",
        "healthcare": "pharmacy",
        "name": "Pharmacie Vallée",
        "source": "sobzeros"
      },
      "geometry": {
        "type": "Point",
        "coordinates": [
          11.5241083,
          3.8643429
        ]
      },
      "id": "node/6310687641"
    },
    {
      "type": "Feature",
      "properties": {
        "@id": "node/6310721514",
        "addr:city": "Yaoundé",
        "addr:street": "Boulevard du 20 Mai 1972",
        "brand": "Hilton",
        "brand:fr": "Hilton",
        "brand:wikidata": "Q598884",
        "brand:wikipedia": "fr:Hilton Hotels & Resorts",
        "contact:facebook": "http://www.facebook.com/HiltonYaounde",
        "contact:instagram": "https://www.instagram.com/hiltonyaounde/",
        "contact:linkedin": "https://www.linkedin.com/company/hilton-yaounde",
        "email": "reservations.yaounde@hilton.com",
        "name": "Hilton Yaoundé",
        "name:fr": "Hilton Yaoundé",
        "operator": "Hilton",
        "operator:fr": "Hilton",
        "operator:wikidata": "Q598884",
        "operator:wikipedia": "fr:Hilton Hotels & Resorts",
        "phone": "+237 6 50 56 55 96",
        "rooms": "248",
        "smoking": "yes",
        "stars": "5",
        "tourism": "hotel",
        "website": "https://www.hilton.com/en/hotels/yaohitw-hilton-yaounde/",
        "wheelchair": "yes"
      },
      "geometry": {
        "type": "Point",
        "coordinates": [
          11.5156674,
          3.8645784
        ]
      },
      "id": "node/6310721514"
    },
    {
      "type": "Feature",
      "properties": {
        "@id": "node/6311081079",
        "addr:postcode": "7115",
        "contact:email": "hotelclamantis@yahoo.fr",
        "contact:fax": "222005399/222009221",
        "name": "Hôtel Clamantis",
        "source": "PFE(IT3) ENSTP Yaoundé - 2010",
        "tourism": "hotel"
      },
      "geometry": {
        "type": "Point",
        "coordinates": [
          11.5193407,
          3.8849849
        ]
      },
      "id": "node/6311081079"
    },
    {
      "type": "Feature",
      "properties": {
        "@id": "node/6311082085",
        "amenity": "pharmacy",
        "healthcare": "pharmacy",
        "name": "La Grande Pharmacie des Lumiéres"
      },
      "geometry": {
        "type": "Point",
        "coordinates": [
          11.5185535,
          3.8849407
        ]
      },
      "id": "node/6311082085"
    },
    {
      "type": "Feature",
      "properties": {
        "@id": "node/6314455450",
        "amenity": "clinic",
        "healthcare": "clinic",
        "name": "Centre Médical de l'Hippodrome"
      },
      "geometry": {
        "type": "Point",
        "coordinates": [
          11.5205102,
          3.870237
        ]
      },
      "id": "node/6314455450"
    },
    {
      "type": "Feature",
      "properties": {
        "@id": "node/6315935385",
        "amenity": "restaurant",
        "check_date": "2023-12-05",
        "contact:phone": "+237 6 99 68 91 16",
        "cuisine": "indian",
        "name": "Mahima Restaurant",
        "name:fr": "Mahima",
        "opening_hours": "Tu-Su 10:30-22:30",
        "source": "sobzeros",
        "wheelchair": "yes"
      },
      "geometry": {
        "type": "Point",
        "coordinates": [
          11.5253361,
          3.8780786
        ]
      },
      "id": "node/6315935385"
    },
    {
      "type": "Feature",
      "properties": {
        "@id": "node/6315935387",
        "amenity": "doctors",
        "healthcare": "doctor",
        "name": "Cabinet Médical",
        "source": "sobzeros"
      },
      "geometry": {
        "type": "Point",
        "coordinates": [
          11.525023,
          3.8773066
        ]
      },
      "id": "node/6315935387"
    },
    {
      "type": "Feature",
      "properties": {
        "@id": "node/6315935389",
        "amenity": "restaurant",
        "cuisine": "international",
        "name": "Restaurant Le Bacchus",
        "opening_hours": "Tu-Su 12:00-22:00",
        "source": "local knowledge"
      },
      "geometry": {
        "type": "Point",
        "coordinates": [
          11.5256694,
          3.8775347
        ]
      },
      "id": "node/6315935389"
    },
    {
      "type": "Feature",
      "properties": {
        "@id": "node/6315935395",
        "amenity": "clinic",
        "healthcare": "clinic",
        "name": "Clinique Sainte-Maithe",
        "source": "sobzeros"
      },
      "geometry": {
        "type": "Point",
        "coordinates": [
          11.5264083,
          3.8801278
        ]
      },
      "id": "node/6315935395"
    },
    {
      "type": "Feature",
      "properties": {
        "@id": "node/6315935664",
        "check_date": "2023-12-09",
        "name": "Hôtel Yahoot",
        "source": "sobzeros",
        "tourism": "hotel"
      },
      "geometry": {
        "type": "Point",
        "coordinates": [
          11.5182464,
          3.8801466
        ]
      },
      "id": "node/6315935664"
    },
    {
      "type": "Feature",
      "properties": {
        "@id": "node/6315935667",
        "amenity": "restaurant",
        "cuisine": "spanish",
        "name": "Le Moulin de Don Quichotte",
        "source": "fischerfotos"
      },
      "geometry": {
        "type": "Point",
        "coordinates": [
          11.5171031,
          3.8777334
        ]
      },
      "id": "node/6315935667"
    },
    {
      "type": "Feature",
      "properties": {
        "@id": "node/6316023158",
        "amenity": "restaurant",
        "cuisine": "chinese",
        "name": "Restaurant Chinois Village",
        "source": "sobzeros"
      },
      "geometry": {
        "type": "Point",
        "coordinates": [
          11.5123341,
          3.8876475
        ]
      },
      "id": "node/6316023158"
    },
    {
      "type": "Feature",
      "properties": {
        "@id": "node/6316023391",
        "amenity": "dentist",
        "healthcare": "dentist",
        "name": "Cabinet Dentaire",
        "source": "sobzeros"
      },
      "geometry": {
        "type": "Point",
        "coordinates": [
          11.5244517,
          3.8791899
        ]
      },
      "id": "node/6316023391"
    },
    {
      "type": "Feature",
      "properties": {
        "@id": "node/6316081603",
        "amenity": "doctors",
        "healthcare": "doctor",
        "name": "Centre de Santé",
        "source": "sobzeros"
      },
      "geometry": {
        "type": "Point",
        "coordinates": [
          11.5091684,
          3.8754634
        ]
      },
      "id": "node/6316081603"
    },
    {
      "type": "Feature",
      "properties": {
        "@id": "node/6316081608",
        "amenity": "dentist",
        "healthcare": "dentist",
        "name": "Dentiste",
        "source": "sobzeros"
      },
      "geometry": {
        "type": "Point",
        "coordinates": [
          11.5034862,
          3.8766182
        ]
      },
      "id": "node/6316081608"
    },
    {
      "type": "Feature",
      "properties": {
        "@id": "node/6316081610",
        "amenity": "pharmacy",
        "healthcare": "pharmacy",
        "name": "Pharmacie du Verset",
        "source": "GeoCameroun"
      },
      "geometry": {
        "type": "Point",
        "coordinates": [
          11.5065654,
          3.8767252
        ]
      },
      "id": "node/6316081610"
    },
    {
      "type": "Feature",
      "properties": {
        "@id": "node/6316081615",
        "contact:phone": "222218922",
        "name": "Florencia Hotel",
        "tourism": "hotel"
      },
      "geometry": {
        "type": "Point",
        "coordinates": [
          11.5068591,
          3.8804597
        ]
      },
      "id": "node/6316081615"
    },
    {
      "type": "Feature",
      "properties": {
        "@id": "node/6316081616",
        "name": "Hôtel Les Princes",
        "source": "PFE(IT3) ENSTP Yaoundé - 2010",
        "tourism": "hotel"
      },
      "geometry": {
        "type": "Point",
        "coordinates": [
          11.5024281,
          3.8813254
        ]
      },
      "id": "node/6316081616"
    },
    {
      "type": "Feature",
      "properties": {
        "@id": "node/6316081617",
        "name": "Hôtel Relais",
        "source": "PFE(IT3) ENSTP Yaoundé - 2010",
        "tourism": "hotel"
      },
      "geometry": {
        "type": "Point",
        "coordinates": [
          11.5028545,
          3.8819315
        ]
      },
      "id": "node/6316081617"
    },
    {
      "type": "Feature",
      "properties": {
        "@id": "node/6316081619",
        "addr:street": "Rue 2.038",
        "name": "GAMO hôtel",
        "source": "sobzeros",
        "tourism": "hotel"
      },
      "geometry": {
        "type": "Point",
        "coordinates": [
          11.5018916,
          3.8845366
        ]
      },
      "id": "node/6316081619"
    },
    {
      "type": "Feature",
      "properties": {
        "@id": "node/6316081653",
        "amenity": "restaurant",
        "name": "Socrate",
        "source": "sobzeros"
      },
      "geometry": {
        "type": "Point",
        "coordinates": [
          11.5038791,
          3.8869384
        ]
      },
      "id": "node/6316081653"
    },
    {
      "type": "Feature",
      "properties": {
        "@id": "node/6316081661",
        "amenity": "fast_food",
        "name": "Tchopetyamo"
      },
      "geometry": {
        "type": "Point",
        "coordinates": [
          11.5026245,
          3.8874214
        ]
      },
      "id": "node/6316081661"
    },
    {
      "type": "Feature",
      "properties": {
        "@id": "node/6316081662",
        "amenity": "pharmacy",
        "name": "Pharmacie des Congrès",
        "phone": "+237 696 51 90 42"
      },
      "geometry": {
        "type": "Point",
        "coordinates": [
          11.5027104,
          3.8869725
        ]
      },
      "id": "node/6316081662"
    },
    {
      "type": "Feature",
      "properties": {
        "@id": "node/6337677572",
        "amenity": "clinic",
        "healthcare": "clinic",
        "name": "Clinique vétérinaire"
      },
      "geometry": {
        "type": "Point",
        "coordinates": [
          11.5090048,
          3.9006048
        ]
      },
      "id": "node/6337677572"
    },
    {
      "type": "Feature",
      "properties": {
        "@id": "node/6337690369",
        "addr:postcode": "8349 Yaoundé",
        "amenity": "doctors",
        "contact:fax": "2.37222E+11",
        "contact:phone": "2.37222E+11",
        "contact:website": "www.fondationadlucem.org",
        "healthcare": "doctor",
        "name": "Fondation médicale Ad Lucem au Cameroun",
        "office": "ngo",
        "short_name": "FALC",
        "source": "sobzeros"
      },
      "geometry": {
        "type": "Point",
        "coordinates": [
          11.509086,
          3.8926644
        ]
      },
      "id": "node/6337690369"
    },
    {
      "type": "Feature",
      "properties": {
        "@id": "node/6337717308",
        "FONCTION": "Restaurant",
        "amenity": "restaurant",
        "name": "Food square"
      },
      "geometry": {
        "type": "Point",
        "coordinates": [
          11.507535,
          3.8963887
        ]
      },
      "id": "node/6337717308"
    },
    {
      "type": "Feature",
      "properties": {
        "@id": "node/6337722735",
        "amenity": "clinic",
        "healthcare": "clinic",
        "name": "Alhysca"
      },
      "geometry": {
        "type": "Point",
        "coordinates": [
          11.5122342,
          3.8965376
        ]
      },
      "id": "node/6337722735"
    },
    {
      "type": "Feature",
      "properties": {
        "@id": "node/6337722778",
        "amenity": "doctors",
        "healthcare": "doctor",
        "name": "INNEL"
      },
      "geometry": {
        "type": "Point",
        "coordinates": [
          11.5133443,
          3.8949899
        ]
      },
      "id": "node/6337722778"
    },
    {
      "type": "Feature",
      "properties": {
        "@id": "node/6337737144",
        "FONCTION": "restaurant",
        "amenity": "restaurant",
        "name": "Bar restaurant Ma Etoundi"
      },
      "geometry": {
        "type": "Point",
        "coordinates": [
          11.5133205,
          3.903931
        ]
      },
      "id": "node/6337737144"
    },
    {
      "type": "Feature",
      "properties": {
        "@id": "node/6337753326",
        "amenity": "restaurant",
        "name": "Restaurant Kazoo"
      },
      "geometry": {
        "type": "Point",
        "coordinates": [
          11.5147498,
          3.9029959
        ]
      },
      "id": "node/6337753326"
    },
    {
      "type": "Feature",
      "properties": {
        "@id": "node/6337753916",
        "amenity": "pharmacy",
        "healthcare": "pharmacy",
        "name": "Pharmacie Bastos"
      },
      "geometry": {
        "type": "Point",
        "coordinates": [
          11.5120273,
          3.8920938
        ]
      },
      "id": "node/6337753916"
    },
    {
      "type": "Feature",
      "properties": {
        "@id": "node/6337753924",
        "check_date": "2026-01-12",
        "name": "Meumi Palace",
        "source": "sobzeros",
        "tourism": "hotel"
      },
      "geometry": {
        "type": "Point",
        "coordinates": [
          11.5130446,
          3.892264
        ]
      },
      "id": "node/6337753924"
    },
    {
      "type": "Feature",
      "properties": {
        "@id": "node/6337753957",
        "amenity": "dentist",
        "healthcare": "doctor",
        "name": "Cabinet"
      },
      "geometry": {
        "type": "Point",
        "coordinates": [
          11.512593,
          3.8922637
        ]
      },
      "id": "node/6337753957"
    },
    {
      "type": "Feature",
      "properties": {
        "@id": "node/6337757203",
        "amenity": "clinic",
        "healthcare": "clinic",
        "name": "Dispensaire de l'ONU"
      },
      "geometry": {
        "type": "Point",
        "coordinates": [
          11.5061738,
          3.8919171
        ]
      },
      "id": "node/6337757203"
    },
    {
      "type": "Feature",
      "properties": {
        "@id": "node/6337766791",
        "amenity": "doctors",
        "healthcare": "doctor",
        "name": "Centre medical Élisabeth"
      },
      "geometry": {
        "type": "Point",
        "coordinates": [
          11.5172439,
          3.8925681
        ]
      },
      "id": "node/6337766791"
    },
    {
      "type": "Feature",
      "properties": {
        "@id": "node/6337768109",
        "amenity": "doctors",
        "healthcare": "doctor",
        "name": "Cabinet Dr Tokam"
      },
      "geometry": {
        "type": "Point",
        "coordinates": [
          11.5185877,
          3.8927728
        ]
      },
      "id": "node/6337768109"
    },
    {
      "type": "Feature",
      "properties": {
        "@id": "node/6337769557",
        "amenity": "doctors",
        "healthcare": "doctor",
        "name": "Wellstar medical center"
      },
      "geometry": {
        "type": "Point",
        "coordinates": [
          11.5207123,
          3.8928581
        ]
      },
      "id": "node/6337769557"
    },
    {
      "type": "Feature",
      "properties": {
        "@id": "node/6337770013",
        "amenity": "clinic",
        "denomination": "roman_catholic",
        "healthcare": "clinic",
        "name": "Centre de santé catholique de",
        "religion": "christian"
      },
      "geometry": {
        "type": "Point",
        "coordinates": [
          11.5170448,
          3.8889173
        ]
      },
      "id": "node/6337770013"
    },
    {
      "type": "Feature",
      "properties": {
        "@id": "node/6337772271",
        "amenity": "restaurant",
        "cuisine": "french",
        "email": "kajazoma3000@gmail.com",
        "name": "Kajazoma",
        "phone": "+237 678921865",
        "source": "sobzeros"
      },
      "geometry": {
        "type": "Point",
        "coordinates": [
          11.5123916,
          3.9003065
        ]
      },
      "id": "node/6337772271"
    },
    {
      "type": "Feature",
      "properties": {
        "@id": "node/6337774069",
        "name": "Hôtel Laginaque",
        "source": "PFE(IT3) ENSTP Yaoundé - 2010",
        "tourism": "hotel"
      },
      "geometry": {
        "type": "Point",
        "coordinates": [
          11.5119331,
          3.8936251
        ]
      },
      "id": "node/6337774069"
    },
    {
      "type": "Feature",
      "properties": {
        "@id": "node/6337778043",
        "addr:postcode": "Bp 10004 Yaoundé",
        "amenity": "clinic",
        "check_date": "2023-12-09",
        "contact:phone": "222217995",
        "healthcare": "clinic",
        "name": "Émeraude Optique"
      },
      "geometry": {
        "type": "Point",
        "coordinates": [
          11.5160265,
          3.8820861
        ]
      },
      "id": "node/6337778043"
    },
    {
      "type": "Feature",
      "properties": {
        "@id": "node/6337778044",
        "amenity": "clinic",
        "check_date": "2023-12-09",
        "healthcare": "clinic",
        "healthcare:speciality": "Neurologie Pédiatrie",
        "name": "Cabinet Médical du Centre"
      },
      "geometry": {
        "type": "Point",
        "coordinates": [
          11.5159221,
          3.8826674
        ]
      },
      "id": "node/6337778044"
    },
    {
      "type": "Feature",
      "properties": {
        "@id": "node/6337778052",
        "tourism": "hotel"
      },
      "geometry": {
        "type": "Point",
        "coordinates": [
          11.5111627,
          3.8954909
        ]
      },
      "id": "node/6337778052"
    },
    {
      "type": "Feature",
      "properties": {
        "@id": "node/6337780449",
        "amenity": "restaurant",
        "name": "Julia food house restaurant bar"
      },
      "geometry": {
        "type": "Point",
        "coordinates": [
          11.5182678,
          3.8986419
        ]
      },
      "id": "node/6337780449"
    },
    {
      "type": "Feature",
      "properties": {
        "@id": "node/6337780957",
        "FONCTION": "Hôtel",
        "fid": "388",
        "name": "Hôtel le Diplomate",
        "tourism": "hotel"
      },
      "geometry": {
        "type": "Point",
        "coordinates": [
          11.5068906,
          3.8958167
        ]
      },
      "id": "node/6337780957"
    },
    {
      "type": "Feature",
      "properties": {
        "@id": "node/6337789128",
        "FONCTION": "Hôtel",
        "fid": "286",
        "name": "Hôtel Azur",
        "source": "PFE(IT3) ENSTP Yaoundé - 2010",
        "tourism": "hotel"
      },
      "geometry": {
        "type": "Point",
        "coordinates": [
          11.5076309,
          3.8975568
        ]
      },
      "id": "node/6337789128"
    },
    {
      "type": "Feature",
      "properties": {
        "@id": "node/6337796757",
        "FONCTION": "Hôtel",
        "fid": "228",
        "name": "Hotel le bon séjour",
        "tourism": "hotel"
      },
      "geometry": {
        "type": "Point",
        "coordinates": [
          11.5131247,
          3.8832548
        ]
      },
      "id": "node/6337796757"
    },
    {
      "type": "Feature",
      "properties": {
        "@id": "node/6337800124",
        "fid": "235",
        "name": "Hôtel La Couronne",
        "tourism": "hotel"
      },
      "geometry": {
        "type": "Point",
        "coordinates": [
          11.5140025,
          3.8844101
        ]
      },
      "id": "node/6337800124"
    },
    {
      "type": "Feature",
      "properties": {
        "@id": "node/6337819786",
        "amenity": "restaurant",
        "name": "All Stars Sports Lounge"
      },
      "geometry": {
        "type": "Point",
        "coordinates": [
          11.5183859,
          3.8962416
        ]
      },
      "id": "node/6337819786"
    },
    {
      "type": "Feature",
      "properties": {
        "@id": "node/6337860071",
        "FONCTION": "Restaurant",
        "amenity": "restaurant",
        "contact:phone": "22209277",
        "name": "bar-restaurant \"la RIVIERA\""
      },
      "geometry": {
        "type": "Point",
        "coordinates": [
          11.5212577,
          3.8932569
        ]
      },
      "id": "node/6337860071"
    },
    {
      "type": "Feature",
      "properties": {
        "@id": "node/6337874068",
        "amenity": "restaurant",
        "name": "Complexe Kouotou restaurant, laverie, snack"
      },
      "geometry": {
        "type": "Point",
        "coordinates": [
          11.5193367,
          3.8928176
        ]
      },
      "id": "node/6337874068"
    },
    {
      "type": "Feature",
      "properties": {
        "@id": "node/6337881880",
        "amenity": "restaurant",
        "cuisine": "african;european",
        "name": "Le new coq Blanc",
        "source": "sobzeros"
      },
      "geometry": {
        "type": "Point",
        "coordinates": [
          11.5190135,
          3.893023
        ]
      },
      "id": "node/6337881880"
    },
    {
      "type": "Feature",
      "properties": {
        "@id": "node/6337898841",
        "amenity": "restaurant",
        "cuisine": "african;breakfast;grill;crepe;sausage;friture;steak_house;pizza;chicken;barbecue",
        "name": "O BARBECUE RESTAURANT",
        "name:fr": "O'BARBECUE RESTAURANT",
        "opening_hours": "Mo-Fr 10:00-22:00; Sa-Su 10:00-23:30",
        "phone": "+237655007325"
      },
      "geometry": {
        "type": "Point",
        "coordinates": [
          11.5181314,
          3.8919486
        ]
      },
      "id": "node/6337898841"
    },
    {
      "type": "Feature",
      "properties": {
        "@id": "node/6337898842",
        "amenity": "restaurant",
        "contact:phone": "679061156",
        "name": "Il PASTAIO street food & caffe"
      },
      "geometry": {
        "type": "Point",
        "coordinates": [
          11.5180815,
          3.8919499
        ]
      },
      "id": "node/6337898842"
    },
    {
      "type": "Feature",
      "properties": {
        "@id": "node/6337907666",
        "amenity": "restaurant",
        "contact:phone": "656058648",
        "name": "New journey restaurant"
      },
      "geometry": {
        "type": "Point",
        "coordinates": [
          11.5176543,
          3.890082
        ]
      },
      "id": "node/6337907666"
    },
    {
      "type": "Feature",
      "properties": {
        "@id": "node/6337914761",
        "amenity": "restaurant",
        "name": "Le Wenge"
      },
      "geometry": {
        "type": "Point",
        "coordinates": [
          11.5172473,
          3.8907972
        ]
      },
      "id": "node/6337914761"
    },
    {
      "type": "Feature",
      "properties": {
        "@id": "node/6337918822",
        "FONCTION": "Restaurant",
        "amenity": "restaurant",
        "contact:phone": "678606565",
        "cuisine": "pizza",
        "name": "Camaroes"
      },
      "geometry": {
        "type": "Point",
        "coordinates": [
          11.517779,
          3.8927661
        ]
      },
      "id": "node/6337918822"
    },
    {
      "type": "Feature",
      "properties": {
        "@id": "node/6337930605",
        "amenity": "restaurant",
        "name": "Le Piroguier"
      },
      "geometry": {
        "type": "Point",
        "coordinates": [
          11.5164359,
          3.8934719
        ]
      },
      "id": "node/6337930605"
    },
    {
      "type": "Feature",
      "properties": {
        "@id": "node/6339403866",
        "amenity": "restaurant",
        "contact:phone": "222208960",
        "name": "Le MEURICE"
      },
      "geometry": {
        "type": "Point",
        "coordinates": [
          11.5128645,
          3.8882269
        ]
      },
      "id": "node/6339403866"
    },
    {
      "type": "Feature",
      "properties": {
        "@id": "node/6339415793",
        "amenity": "restaurant",
        "name": "Bonnes"
      },
      "geometry": {
        "type": "Point",
        "coordinates": [
          11.5124984,
          3.8842289
        ]
      },
      "id": "node/6339415793"
    },
    {
      "type": "Feature",
      "properties": {
        "@id": "node/6339418924",
        "amenity": "restaurant",
        "name": "Tchop et yamo"
      },
      "geometry": {
        "type": "Point",
        "coordinates": [
          11.5026111,
          3.8873297
        ]
      },
      "id": "node/6339418924"
    },
    {
      "type": "Feature",
      "properties": {
        "@id": "node/6339437810",
        "amenity": "restaurant",
        "name": "Espace sénateurs"
      },
      "geometry": {
        "type": "Point",
        "coordinates": [
          11.5004218,
          3.8936967
        ]
      },
      "id": "node/6339437810"
    },
    {
      "type": "Feature",
      "properties": {
        "@id": "node/6339444635",
        "amenity": "restaurant",
        "name": "Le maghy's"
      },
      "geometry": {
        "type": "Point",
        "coordinates": [
          11.5039864,
          3.8970163
        ]
      },
      "id": "node/6339444635"
    },
    {
      "type": "Feature",
      "properties": {
        "@id": "node/6339477466",
        "amenity": "restaurant",
        "name": "Piadina caffe et restaurante"
      },
      "geometry": {
        "type": "Point",
        "coordinates": [
          11.5072232,
          3.8926992
        ]
      },
      "id": "node/6339477466"
    },
    {
      "type": "Feature",
      "properties": {
        "@id": "node/6339483268",
        "amenity": "restaurant",
        "cuisine": "italian",
        "name": "La Salsa",
        "phone": "656077575"
      },
      "geometry": {
        "type": "Point",
        "coordinates": [
          11.5076939,
          3.8933408
        ]
      },
      "id": "node/6339483268"
    },
    {
      "type": "Feature",
      "properties": {
        "@id": "node/6339512081",
        "amenity": "restaurant",
        "contact:phone": "674323232",
        "name": "Mask bar"
      },
      "geometry": {
        "type": "Point",
        "coordinates": [
          11.5088083,
          3.8930979
        ]
      },
      "id": "node/6339512081"
    },
    {
      "type": "Feature",
      "properties": {
        "@id": "node/6339517279",
        "amenity": "restaurant",
        "contact:phone": "677542750",
        "cuisine": "chicken",
        "name": "Rotisserie Alino",
        "source": "sobzeros"
      },
      "geometry": {
        "type": "Point",
        "coordinates": [
          11.5100086,
          3.8927407
        ]
      },
      "id": "node/6339517279"
    },
    {
      "type": "Feature",
      "properties": {
        "@id": "node/6339537312",
        "addr:housenumber": "1298",
        "amenity": "restaurant",
        "contact:phone": "699333333",
        "cuisine": "pizza",
        "name": "Pizza Roma"
      },
      "geometry": {
        "type": "Point",
        "coordinates": [
          11.5113464,
          3.8926249
        ]
      },
      "id": "node/6339537312"
    },
    {
      "type": "Feature",
      "properties": {
        "@id": "node/6339547604",
        "addr:city": "yaoundé",
        "addr:street": "Carrefour Bastos",
        "amenity": "restaurant",
        "cuisine": "lebanese",
        "delivery": "yes",
        "name": "Le Baron",
        "opening_hours": "Mo-Su 10:00-22:00",
        "phone": "680 00 00 40 / 680 00 00 90",
        "source": "knowledge",
        "takeaway": "yes",
        "website": "https://fr-fr.facebook.com/Lebaron-141985073120725/"
      },
      "geometry": {
        "type": "Point",
        "coordinates": [
          11.5120338,
          3.8927111
        ]
      },
      "id": "node/6339547604"
    },
    {
      "type": "Feature",
      "properties": {
        "@id": "node/6339552057",
        "amenity": "restaurant",
        "name": "Les delices du gourmet"
      },
      "geometry": {
        "type": "Point",
        "coordinates": [
          11.5116315,
          3.8929268
        ]
      },
      "id": "node/6339552057"
    },
    {
      "type": "Feature",
      "properties": {
        "@id": "node/6339552058",
        "amenity": "restaurant",
        "name": "P'tite faim"
      },
      "geometry": {
        "type": "Point",
        "coordinates": [
          11.5118472,
          3.8930081
        ]
      },
      "id": "node/6339552058"
    },
    {
      "type": "Feature",
      "properties": {
        "@id": "node/6339557868",
        "addr:place": "Bastos-Laboratoire Méka",
        "addr:postcode": "1687",
        "amenity": "restaurant",
        "contact:phone": "655 245194",
        "cuisine": "african;european",
        "name": "Le Jardin de Lisa",
        "opening_hours": "Mo-Su 12:00-22:00",
        "outdoor_seating": "yes"
      },
      "geometry": {
        "type": "Point",
        "coordinates": [
          11.510924,
          3.8954669
        ]
      },
      "id": "node/6339557868"
    },
    {
      "type": "Feature",
      "properties": {
        "@id": "node/6339561371",
        "amenity": "restaurant",
        "cuisine": "chinese",
        "name": "L'Orient Rouge",
        "name:fr": "L'Orient Rouge"
      },
      "geometry": {
        "type": "Point",
        "coordinates": [
          11.5073003,
          3.8946881
        ]
      },
      "id": "node/6339561371"
    },
    {
      "type": "Feature",
      "properties": {
        "@id": "node/6339562820",
        "amenity": "restaurant",
        "name": "Terrific coffee"
      },
      "geometry": {
        "type": "Point",
        "coordinates": [
          11.5070643,
          3.8954468
        ]
      },
      "id": "node/6339562820"
    },
    {
      "type": "Feature",
      "properties": {
        "@id": "node/6454900185",
        "addr:street": "Espace André Fouda. A côte du supermarché Mahima",
        "amenity": "restaurant",
        "name": "Rue des Délices"
      },
      "geometry": {
        "type": "Point",
        "coordinates": [
          11.5148315,
          3.8706995
        ]
      },
      "id": "node/6454900185"
    },
    {
      "type": "Feature",
      "properties": {
        "@id": "node/6467961393",
        "name": "Barbara & Lennart",
        "tourism": "guest_house"
      },
      "geometry": {
        "type": "Point",
        "coordinates": [
          11.504962,
          3.8881347
        ]
      },
      "id": "node/6467961393"
    },
    {
      "type": "Feature",
      "properties": {
        "@id": "node/6471967185",
        "amenity": "restaurant",
        "name": "Spécialité \" congo meat \""
      },
      "geometry": {
        "type": "Point",
        "coordinates": [
          11.5488965,
          3.892868
        ]
      },
      "id": "node/6471967185"
    },
    {
      "type": "Feature",
      "properties": {
        "@id": "node/6538568085",
        "alt_name": "Boun's",
        "amenity": "restaurant",
        "name": "Bouns hotel",
        "tourism": "hotel"
      },
      "geometry": {
        "type": "Point",
        "coordinates": [
          11.5175663,
          3.8673193
        ]
      },
      "id": "node/6538568085"
    },
    {
      "type": "Feature",
      "properties": {
        "@id": "node/6611867220",
        "amenity": "restaurant",
        "name": "18eme arrondissement"
      },
      "geometry": {
        "type": "Point",
        "coordinates": [
          11.5352489,
          3.8703642
        ]
      },
      "id": "node/6611867220"
    },
    {
      "type": "Feature",
      "properties": {
        "@id": "node/6684209185",
        "amenity": "pharmacy",
        "healthcare": "pharmacy",
        "name": "Sotownek"
      },
      "geometry": {
        "type": "Point",
        "coordinates": [
          11.4854108,
          3.8690857
        ]
      },
      "id": "node/6684209185"
    },
    {
      "type": "Feature",
      "properties": {
        "@id": "node/6720137792",
        "amenity": "restaurant",
        "cuisine": "chinese",
        "name": "Chez Long"
      },
      "geometry": {
        "type": "Point",
        "coordinates": [
          11.515343,
          3.88491
        ]
      },
      "id": "node/6720137792"
    },
    {
      "type": "Feature",
      "properties": {
        "@id": "node/6727115085",
        "amenity": "pharmacy",
        "healthcare": "pharmacy",
        "name": "Pharmacie Saint Uriel"
      },
      "geometry": {
        "type": "Point",
        "coordinates": [
          11.5399297,
          3.831293
        ]
      },
      "id": "node/6727115085"
    },
    {
      "type": "Feature",
      "properties": {
        "@id": "node/6771665204",
        "amenity": "cafe"
      },
      "geometry": {
        "type": "Point",
        "coordinates": [
          11.4965842,
          3.8650811
        ]
      },
      "id": "node/6771665204"
    },
    {
      "type": "Feature",
      "properties": {
        "@id": "node/6771675224",
        "amenity": "cafe",
        "indoor_seating": "yes",
        "name": "Le Boulevard",
        "outdoor_seating": "no"
      },
      "geometry": {
        "type": "Point",
        "coordinates": [
          11.494477,
          3.8507137
        ]
      },
      "id": "node/6771675224"
    },
    {
      "type": "Feature",
      "properties": {
        "@id": "node/6771675459",
        "amenity": "cafe"
      },
      "geometry": {
        "type": "Point",
        "coordinates": [
          11.4963113,
          3.8662992
        ]
      },
      "id": "node/6771675459"
    },
    {
      "type": "Feature",
      "properties": {
        "@id": "node/6771687221",
        "amenity": "cafe",
        "indoor_seating": "yes",
        "outdoor_seating": "no"
      },
      "geometry": {
        "type": "Point",
        "coordinates": [
          11.4953973,
          3.8512132
        ]
      },
      "id": "node/6771687221"
    },
    {
      "type": "Feature",
      "properties": {
        "@id": "node/6771703645",
        "check_date": "2024-01-05",
        "name": "Hôtel Positif",
        "phone": "+237 6 73 35 72 08; +237 6 59 47 75 96",
        "tourism": "hotel"
      },
      "geometry": {
        "type": "Point",
        "coordinates": [
          11.4961892,
          3.8667809
        ]
      },
      "id": "node/6771703645"
    },
    {
      "type": "Feature",
      "properties": {
        "@id": "node/6771725620",
        "tourism": "hotel"
      },
      "geometry": {
        "type": "Point",
        "coordinates": [
          11.4868176,
          3.847304
        ]
      },
      "id": "node/6771725620"
    },
    {
      "type": "Feature",
      "properties": {
        "@id": "node/6771892877",
        "amenity": "restaurant"
      },
      "geometry": {
        "type": "Point",
        "coordinates": [
          11.4825127,
          3.8489411
        ]
      },
      "id": "node/6771892877"
    },
    {
      "type": "Feature",
      "properties": {
        "@id": "node/6771901826",
        "amenity": "restaurant"
      },
      "geometry": {
        "type": "Point",
        "coordinates": [
          11.4868323,
          3.8502819
        ]
      },
      "id": "node/6771901826"
    },
    {
      "type": "Feature",
      "properties": {
        "@id": "node/6771954473",
        "amenity": "restaurant"
      },
      "geometry": {
        "type": "Point",
        "coordinates": [
          11.4932442,
          3.8550862
        ]
      },
      "id": "node/6771954473"
    },
    {
      "type": "Feature",
      "properties": {
        "@id": "node/6771955388",
        "amenity": "restaurant"
      },
      "geometry": {
        "type": "Point",
        "coordinates": [
          11.4946607,
          3.8507432
        ]
      },
      "id": "node/6771955388"
    },
    {
      "type": "Feature",
      "properties": {
        "@id": "node/6771962515",
        "amenity": "restaurant"
      },
      "geometry": {
        "type": "Point",
        "coordinates": [
          11.482512,
          3.8489418
        ]
      },
      "id": "node/6771962515"
    },
    {
      "type": "Feature",
      "properties": {
        "@id": "node/6771977568",
        "amenity": "restaurant"
      },
      "geometry": {
        "type": "Point",
        "coordinates": [
          11.4935124,
          3.8551183
        ]
      },
      "id": "node/6771977568"
    },
    {
      "type": "Feature",
      "properties": {
        "@id": "node/6771987682",
        "amenity": "restaurant"
      },
      "geometry": {
        "type": "Point",
        "coordinates": [
          11.4932938,
          3.8620669
        ]
      },
      "id": "node/6771987682"
    },
    {
      "type": "Feature",
      "properties": {
        "@id": "node/6771999531",
        "amenity": "restaurant"
      },
      "geometry": {
        "type": "Point",
        "coordinates": [
          11.492878,
          3.8576071
        ]
      },
      "id": "node/6771999531"
    },
    {
      "type": "Feature",
      "properties": {
        "@id": "node/6772024175",
        "amenity": "restaurant",
        "check_date": "2023-12-23",
        "cuisine": "regional",
        "indoor_seating": "yes",
        "name": "Délices du Pays",
        "outdoor_seating": "no",
        "phone": "+237 6 99 44 20 72"
      },
      "geometry": {
        "type": "Point",
        "coordinates": [
          11.4939878,
          3.8504036
        ]
      },
      "id": "node/6772024175"
    },
    {
      "type": "Feature",
      "properties": {
        "@id": "node/6979871485",
        "addr:street": "Rue 1.302",
        "amenity": "restaurant",
        "name": "The outsiders"
      },
      "geometry": {
        "type": "Point",
        "coordinates": [
          11.538798,
          3.8805307
        ]
      },
      "id": "node/6979871485"
    },
    {
      "type": "Feature",
      "properties": {
        "@id": "node/7070016885",
        "amenity": "restaurant",
        "name": "White House Restaurant"
      },
      "geometry": {
        "type": "Point",
        "coordinates": [
          11.5182432,
          3.8938013
        ]
      },
      "id": "node/7070016885"
    },
    {
      "type": "Feature",
      "properties": {
        "@id": "node/7078151785",
        "amenity": "restaurant",
        "cuisine": "african",
        "name": "Loz food"
      },
      "geometry": {
        "type": "Point",
        "coordinates": [
          11.5438267,
          3.889691
        ]
      },
      "id": "node/7078151785"
    },
    {
      "type": "Feature",
      "properties": {
        "@id": "node/7131347179",
        "name": "safari",
        "tourism": "motel"
      },
      "geometry": {
        "type": "Point",
        "coordinates": [
          11.5026084,
          3.8696661
        ]
      },
      "id": "node/7131347179"
    },
    {
      "type": "Feature",
      "properties": {
        "@id": "node/7131510039",
        "amenity": "cafe",
        "brand": "Café Coffee Day",
        "brand:fr": "Café Coffee Day",
        "brand:pa": "ਕੈਫੇ ਕੌਫੀ ਡੇ",
        "brand:ur": "کیفے کافی ڈے",
        "brand:wikidata": "Q5017235",
        "cuisine": "coffee_shop",
        "name": "Café Coffee Day",
        "name:fr": "Café Coffee Day",
        "name:pa": "ਕੈਫੇ ਕੌਫੀ ਡੇ",
        "name:ur": "کیفے کافی ڈے",
        "takeaway": "yes"
      },
      "geometry": {
        "type": "Point",
        "coordinates": [
          11.5034881,
          3.8665832
        ]
      },
      "id": "node/7131510039"
    },
    {
      "type": "Feature",
      "properties": {
        "@id": "node/7145774034",
        "addr:postcode": "BP604yde",
        "amenity": "pharmacy",
        "contact:email": "caphavet@yahoo.fr",
        "healthcare": "pharmacy",
        "name": "Capha Vet Sarl Pharmacie Vétérinaires"
      },
      "geometry": {
        "type": "Point",
        "coordinates": [
          11.5342397,
          3.8864393
        ]
      },
      "id": "node/7145774034"
    },
    {
      "type": "Feature",
      "properties": {
        "@id": "node/7145883354",
        "contact:phone": "(+237) 222133977",
        "name": "République Hôtel",
        "source": "survey:PFE(IT3) ENSTP Yaounde 2010",
        "tourism": "hotel"
      },
      "geometry": {
        "type": "Point",
        "coordinates": [
          11.5338575,
          3.8710118
        ]
      },
      "id": "node/7145883354"
    },
    {
      "type": "Feature",
      "properties": {
        "@id": "node/7148255205",
        "name": "Sifis Hebergement",
        "tourism": "hostel"
      },
      "geometry": {
        "type": "Point",
        "coordinates": [
          11.5413952,
          3.8881921
        ]
      },
      "id": "node/7148255205"
    },
    {
      "type": "Feature",
      "properties": {
        "@id": "node/7148255414",
        "name": "La Cachette",
        "tourism": "hostel"
      },
      "geometry": {
        "type": "Point",
        "coordinates": [
          11.5694565,
          3.8977361
        ]
      },
      "id": "node/7148255414"
    },
    {
      "type": "Feature",
      "properties": {
        "@id": "node/7148809644",
        "NOM": "Centre De Santé Divin",
        "amenity": "clinic"
      },
      "geometry": {
        "type": "Point",
        "coordinates": [
          11.4579805,
          3.8495921
        ]
      },
      "id": "node/7148809644"
    },
    {
      "type": "Feature",
      "properties": {
        "@id": "node/7148818875",
        "amenity": "clinic",
        "name": "Centre De Santé La Vie"
      },
      "geometry": {
        "type": "Point",
        "coordinates": [
          11.4684364,
          3.8719504
        ]
      },
      "id": "node/7148818875"
    },
    {
      "type": "Feature",
      "properties": {
        "@id": "node/7148832374",
        "amenity": "clinic",
        "phone": "(+237) 50036592"
      },
      "geometry": {
        "type": "Point",
        "coordinates": [
          11.4420019,
          3.8508298
        ]
      },
      "id": "node/7148832374"
    },
    {
      "type": "Feature",
      "properties": {
        "@id": "node/7148836611",
        "amenity": "clinic",
        "name": "Centre De Santé Saint Martin D' Etetak Abobo"
      },
      "geometry": {
        "type": "Point",
        "coordinates": [
          11.4803508,
          3.8770657
        ]
      },
      "id": "node/7148836611"
    },
    {
      "type": "Feature",
      "properties": {
        "@id": "node/7148838024",
        "amenity": "clinic",
        "name": "La Trinité",
        "phone": "(+237) 699142465"
      },
      "geometry": {
        "type": "Point",
        "coordinates": [
          11.4513803,
          3.8559934
        ]
      },
      "id": "node/7148838024"
    },
    {
      "type": "Feature",
      "properties": {
        "@id": "node/7148838202",
        "amenity": "clinic",
        "name": "Centre De Santé Marie Anderson",
        "phone": "(+237) 694884746"
      },
      "geometry": {
        "type": "Point",
        "coordinates": [
          11.4594604,
          3.8589091
        ]
      },
      "id": "node/7148838202"
    },
    {
      "type": "Feature",
      "properties": {
        "@id": "node/7148840966",
        "amenity": "clinic"
      },
      "geometry": {
        "type": "Point",
        "coordinates": [
          11.4510396,
          3.8595032
        ]
      },
      "id": "node/7148840966"
    },
    {
      "type": "Feature",
      "properties": {
        "@id": "node/7148841169",
        "NOM": "Prodilya",
        "amenity": "clinic",
        "healthcare": "clinic"
      },
      "geometry": {
        "type": "Point",
        "coordinates": [
          11.4805996,
          3.8719103
        ]
      },
      "id": "node/7148841169"
    },
    {
      "type": "Feature",
      "properties": {
        "@id": "node/7148852628",
        "amenity": "clinic",
        "name": "Centre De Santé Irad"
      },
      "geometry": {
        "type": "Point",
        "coordinates": [
          11.4581475,
          3.8683303
        ]
      },
      "id": "node/7148852628"
    },
    {
      "type": "Feature",
      "properties": {
        "@id": "node/7148852719",
        "amenity": "clinic",
        "name": "Centre De Santé Saint Joseph"
      },
      "geometry": {
        "type": "Point",
        "coordinates": [
          11.4642984,
          3.8715945
        ]
      },
      "id": "node/7148852719"
    },
    {
      "type": "Feature",
      "properties": {
        "@id": "node/7148861371",
        "NOM": "Centre De Santé Confort Plus",
        "amenity": "clinic"
      },
      "geometry": {
        "type": "Point",
        "coordinates": [
          11.4732101,
          3.8814585
        ]
      },
      "id": "node/7148861371"
    },
    {
      "type": "Feature",
      "properties": {
        "@id": "node/7148866251",
        "NOM": "Miroir Reférence",
        "amenity": "clinic"
      },
      "geometry": {
        "type": "Point",
        "coordinates": [
          11.4814927,
          3.8830869
        ]
      },
      "id": "node/7148866251"
    },
    {
      "type": "Feature",
      "properties": {
        "@id": "node/7148870204",
        "NOM": "Fosa Esperance",
        "amenity": "clinic"
      },
      "geometry": {
        "type": "Point",
        "coordinates": [
          11.4743453,
          3.8746579
        ]
      },
      "id": "node/7148870204"
    },
    {
      "type": "Feature",
      "properties": {
        "@id": "node/7148886078",
        "NOM": "Miroir Reférence",
        "amenity": "clinic"
      },
      "geometry": {
        "type": "Point",
        "coordinates": [
          11.4738059,
          3.8789557
        ]
      },
      "id": "node/7148886078"
    },
    {
      "type": "Feature",
      "properties": {
        "@id": "node/7148892705",
        "NOM": "Jésus Le Bon Pasteur",
        "amenity": "clinic"
      },
      "geometry": {
        "type": "Point",
        "coordinates": [
          11.4702791,
          3.8808156
        ]
      },
      "id": "node/7148892705"
    },
    {
      "type": "Feature",
      "properties": {
        "@id": "node/7148901136",
        "NOM": "Centre De Santé La Proximité",
        "amenity": "clinic"
      },
      "geometry": {
        "type": "Point",
        "coordinates": [
          11.4657683,
          3.8746867
        ]
      },
      "id": "node/7148901136"
    },
    {
      "type": "Feature",
      "properties": {
        "@id": "node/7148919595",
        "NOM": "Centre De Santé Nadejka",
        "amenity": "clinic"
      },
      "geometry": {
        "type": "Point",
        "coordinates": [
          11.4645874,
          3.8746626
        ]
      },
      "id": "node/7148919595"
    },
    {
      "type": "Feature",
      "properties": {
        "@id": "node/7150514880",
        "amenity": "clinic"
      },
      "geometry": {
        "type": "Point",
        "coordinates": [
          11.4258631,
          3.8744934
        ]
      },
      "id": "node/7150514880"
    },
    {
      "type": "Feature",
      "properties": {
        "@id": "node/7150524684",
        "NOM": "Gloire Divine",
        "amenity": "clinic"
      },
      "geometry": {
        "type": "Point",
        "coordinates": [
          11.4520596,
          3.8745462
        ]
      },
      "id": "node/7150524684"
    },
    {
      "type": "Feature",
      "properties": {
        "@id": "node/7150526652",
        "NOM": "La Gloire Divine",
        "amenity": "clinic"
      },
      "geometry": {
        "type": "Point",
        "coordinates": [
          11.4616534,
          3.8788507
        ]
      },
      "id": "node/7150526652"
    },
    {
      "type": "Feature",
      "properties": {
        "@id": "node/7150527016",
        "NOM": "Save Life",
        "amenity": "clinic"
      },
      "geometry": {
        "type": "Point",
        "coordinates": [
          11.4313623,
          3.875256
        ]
      },
      "id": "node/7150527016"
    },
    {
      "type": "Feature",
      "properties": {
        "@id": "node/7150530012",
        "NOM": "Centre De Social Pilote Odzon",
        "amenity": "clinic"
      },
      "geometry": {
        "type": "Point",
        "coordinates": [
          11.4313227,
          3.8745241
        ]
      },
      "id": "node/7150530012"
    },
    {
      "type": "Feature",
      "properties": {
        "@id": "node/7150531076",
        "NOM": "La Main Secourable District De De Nkolbisson",
        "amenity": "clinic",
        "healthcare": "clinic"
      },
      "geometry": {
        "type": "Point",
        "coordinates": [
          11.4677511,
          3.8840516
        ]
      },
      "id": "node/7150531076"
    },
    {
      "type": "Feature",
      "properties": {
        "@id": "node/7150535118",
        "NOM": "Centre De Santé La Vie",
        "amenity": "clinic"
      },
      "geometry": {
        "type": "Point",
        "coordinates": [
          11.4330852,
          3.8747466
        ]
      },
      "id": "node/7150535118"
    },
    {
      "type": "Feature",
      "properties": {
        "@id": "node/7150535166",
        "NOM": "Clinique Shalom",
        "amenity": "clinic"
      },
      "geometry": {
        "type": "Point",
        "coordinates": [
          11.4581763,
          3.876382
        ]
      },
      "id": "node/7150535166"
    },
    {
      "type": "Feature",
      "properties": {
        "@id": "node/7150537195",
        "NOM": "Innovat",
        "amenity": "clinic"
      },
      "geometry": {
        "type": "Point",
        "coordinates": [
          11.4639544,
          3.8854057
        ]
      },
      "id": "node/7150537195"
    },
    {
      "type": "Feature",
      "properties": {
        "@id": "node/7150538129",
        "NOM": "Centre De Santé Le Progrès",
        "amenity": "clinic"
      },
      "geometry": {
        "type": "Point",
        "coordinates": [
          11.4545573,
          3.8857917
        ]
      },
      "id": "node/7150538129"
    },
    {
      "type": "Feature",
      "properties": {
        "@id": "node/7150538138",
        "amenity": "clinic",
        "name": "Florence Nightingale",
        "phone": "(+237) 679317907 / 69917995."
      },
      "geometry": {
        "type": "Point",
        "coordinates": [
          11.4514621,
          3.8839211
        ]
      },
      "id": "node/7150538138"
    },
    {
      "type": "Feature",
      "properties": {
        "@id": "node/7150547404",
        "NOM": "Laboratoire Ciab Exact",
        "amenity": "clinic"
      },
      "geometry": {
        "type": "Point",
        "coordinates": [
          11.4558186,
          3.8728784
        ]
      },
      "id": "node/7150547404"
    },
    {
      "type": "Feature",
      "properties": {
        "@id": "node/7150547441",
        "NOM": "Propharma",
        "amenity": "clinic"
      },
      "geometry": {
        "type": "Point",
        "coordinates": [
          11.4433028,
          3.8837251
        ]
      },
      "id": "node/7150547441"
    },
    {
      "type": "Feature",
      "properties": {
        "@id": "node/7150561640",
        "NOM": "Sainte Anthonia",
        "amenity": "clinic"
      },
      "geometry": {
        "type": "Point",
        "coordinates": [
          11.427353,
          3.87486
        ]
      },
      "id": "node/7150561640"
    },
    {
      "type": "Feature",
      "properties": {
        "@id": "node/7150561766",
        "NOM": "Centre De Santé Marie-paul",
        "amenity": "clinic"
      },
      "geometry": {
        "type": "Point",
        "coordinates": [
          11.4151745,
          3.8754922
        ]
      },
      "id": "node/7150561766"
    },
    {
      "type": "Feature",
      "properties": {
        "@id": "node/7150565131",
        "NOM": "Le Bien-être",
        "amenity": "clinic"
      },
      "geometry": {
        "type": "Point",
        "coordinates": [
          11.4632604,
          3.8827346
        ]
      },
      "id": "node/7150565131"
    },
    {
      "type": "Feature",
      "properties": {
        "@id": "node/7150566394",
        "amenity": "clinic",
        "healthcare": "clinic"
      },
      "geometry": {
        "type": "Point",
        "coordinates": [
          11.4645995,
          3.8844416
        ]
      },
      "id": "node/7150566394"
    },
    {
      "type": "Feature",
      "properties": {
        "@id": "node/7150567977",
        "NOM": "La Patience",
        "amenity": "clinic"
      },
      "geometry": {
        "type": "Point",
        "coordinates": [
          11.4689446,
          3.886416
        ]
      },
      "id": "node/7150567977"
    },
    {
      "type": "Feature",
      "properties": {
        "@id": "node/7150568339",
        "NOM": "Centrr De Santé Merveilles Divines",
        "amenity": "clinic",
        "healthcare": "clinic"
      },
      "geometry": {
        "type": "Point",
        "coordinates": [
          11.4690594,
          3.8843607
        ]
      },
      "id": "node/7150568339"
    },
    {
      "type": "Feature",
      "properties": {
        "@id": "node/7150568950",
        "NOM": "Mont Bonoko",
        "amenity": "clinic"
      },
      "geometry": {
        "type": "Point",
        "coordinates": [
          11.4688783,
          3.8864714
        ]
      },
      "id": "node/7150568950"
    },
    {
      "type": "Feature",
      "properties": {
        "@id": "node/7150570792",
        "NOM": "La Charité",
        "amenity": "clinic"
      },
      "geometry": {
        "type": "Point",
        "coordinates": [
          11.4623022,
          3.8860105
        ]
      },
      "id": "node/7150570792"
    },
    {
      "type": "Feature",
      "properties": {
        "@id": "node/7150572093",
        "NOM": "La Patience",
        "amenity": "clinic",
        "healthcare": "clinic"
      },
      "geometry": {
        "type": "Point",
        "coordinates": [
          11.4654907,
          3.885488
        ]
      },
      "id": "node/7150572093"
    },
    {
      "type": "Feature",
      "properties": {
        "@id": "node/7150572143",
        "NOM": "La Gloire Divine",
        "amenity": "clinic"
      },
      "geometry": {
        "type": "Point",
        "coordinates": [
          11.4609266,
          3.8808594
        ]
      },
      "id": "node/7150572143"
    },
    {
      "type": "Feature",
      "properties": {
        "@id": "node/7150573650",
        "NOM": "Clinique Shalom",
        "amenity": "clinic"
      },
      "geometry": {
        "type": "Point",
        "coordinates": [
          11.4583929,
          3.8792193
        ]
      },
      "id": "node/7150573650"
    },
    {
      "type": "Feature",
      "properties": {
        "@id": "node/7150573780",
        "amenity": "clinic",
        "name": "District De Santé De Nkolbisson"
      },
      "geometry": {
        "type": "Point",
        "coordinates": [
          11.4458247,
          3.8764215
        ]
      },
      "id": "node/7150573780"
    },
    {
      "type": "Feature",
      "properties": {
        "@id": "node/7150574373",
        "NOM": "Propharmacie Et Soins Au Vert",
        "amenity": "clinic"
      },
      "geometry": {
        "type": "Point",
        "coordinates": [
          11.4596274,
          3.8853715
        ]
      },
      "id": "node/7150574373"
    },
    {
      "type": "Feature",
      "properties": {
        "@id": "node/7150575397",
        "NOM": "Propharmacie Et Soins Au Vert",
        "amenity": "clinic"
      },
      "geometry": {
        "type": "Point",
        "coordinates": [
          11.4550106,
          3.882752
        ]
      },
      "id": "node/7150575397"
    },
    {
      "type": "Feature",
      "properties": {
        "@id": "node/7150575524",
        "NOM": "Centre De Sante La Confiance",
        "amenity": "clinic"
      },
      "geometry": {
        "type": "Point",
        "coordinates": [
          11.4614791,
          3.877984
        ]
      },
      "id": "node/7150575524"
    },
    {
      "type": "Feature",
      "properties": {
        "@id": "node/7150578677",
        "NOM": "La Référence",
        "amenity": "clinic"
      },
      "geometry": {
        "type": "Point",
        "coordinates": [
          11.4359163,
          3.8788858
        ]
      },
      "id": "node/7150578677"
    },
    {
      "type": "Feature",
      "properties": {
        "@id": "node/7150582506",
        "amenity": "clinic"
      },
      "geometry": {
        "type": "Point",
        "coordinates": [
          11.45974,
          3.8861369
        ]
      },
      "id": "node/7150582506"
    },
    {
      "type": "Feature",
      "properties": {
        "@id": "node/7150583060",
        "NOM": "Cabinet De Soins S.p.m",
        "amenity": "clinic"
      },
      "geometry": {
        "type": "Point",
        "coordinates": [
          11.4515834,
          3.8815575
        ]
      },
      "id": "node/7150583060"
    },
    {
      "type": "Feature",
      "properties": {
        "@id": "node/7150585616",
        "NOM": "Centre De Santé La Vie",
        "amenity": "clinic"
      },
      "geometry": {
        "type": "Point",
        "coordinates": [
          11.4330903,
          3.8747449
        ]
      },
      "id": "node/7150585616"
    },
    {
      "type": "Feature",
      "properties": {
        "@id": "node/7150586600",
        "NOM": "Centre De Santé Le Progrès",
        "amenity": "clinic"
      },
      "geometry": {
        "type": "Point",
        "coordinates": [
          11.4545546,
          3.8857924
        ]
      },
      "id": "node/7150586600"
    },
    {
      "type": "Feature",
      "properties": {
        "@id": "node/7150590215",
        "amenity": "clinic",
        "name": "La Référence"
      },
      "geometry": {
        "type": "Point",
        "coordinates": [
          11.4359223,
          3.8788898
        ]
      },
      "id": "node/7150590215"
    },
    {
      "type": "Feature",
      "properties": {
        "@id": "node/7150592029",
        "NOM": "Centre De Santé Marie-paul",
        "amenity": "clinic"
      },
      "geometry": {
        "type": "Point",
        "coordinates": [
          11.4199702,
          3.879695
        ]
      },
      "id": "node/7150592029"
    },
    {
      "type": "Feature",
      "properties": {
        "@id": "node/7150592034",
        "amenity": "clinic",
        "name": "Florence Nightingale",
        "phone": "(+237) 679317907 / 69917995."
      },
      "geometry": {
        "type": "Point",
        "coordinates": [
          11.4514527,
          3.8839238
        ]
      },
      "id": "node/7150592034"
    },
    {
      "type": "Feature",
      "properties": {
        "@id": "node/7150593423",
        "amenity": "clinic"
      },
      "geometry": {
        "type": "Point",
        "coordinates": [
          11.4575735,
          3.8935214
        ]
      },
      "id": "node/7150593423"
    },
    {
      "type": "Feature",
      "properties": {
        "@id": "node/7150594299",
        "NOM": "Sainte Marthe",
        "amenity": "clinic"
      },
      "geometry": {
        "type": "Point",
        "coordinates": [
          11.4529782,
          3.8989704
        ]
      },
      "id": "node/7150594299"
    },
    {
      "type": "Feature",
      "properties": {
        "@id": "node/7150594676",
        "amenity": "clinic",
        "name": "La Relève",
        "phone": "(+237) 674147619 / 693581358"
      },
      "geometry": {
        "type": "Point",
        "coordinates": [
          11.4509216,
          3.8975334
        ]
      },
      "id": "node/7150594676"
    },
    {
      "type": "Feature",
      "properties": {
        "@id": "node/7150594908",
        "NOM": "De L'effort",
        "amenity": "clinic"
      },
      "geometry": {
        "type": "Point",
        "coordinates": [
          11.4533088,
          3.8969434
        ]
      },
      "id": "node/7150594908"
    },
    {
      "type": "Feature",
      "properties": {
        "@id": "node/7150595171",
        "NOM": "Centre De Santé Communauté Samaritain",
        "amenity": "clinic"
      },
      "geometry": {
        "type": "Point",
        "coordinates": [
          11.4566287,
          3.890737
        ]
      },
      "id": "node/7150595171"
    },
    {
      "type": "Feature",
      "properties": {
        "@id": "node/7150595172",
        "NOM": "Ceraso Azem Medical",
        "amenity": "clinic"
      },
      "geometry": {
        "type": "Point",
        "coordinates": [
          11.4500733,
          3.8919124
        ]
      },
      "id": "node/7150595172"
    },
    {
      "type": "Feature",
      "properties": {
        "@id": "node/7150596987",
        "NOM": "Centre De Santé La Miséricorde",
        "amenity": "clinic"
      },
      "geometry": {
        "type": "Point",
        "coordinates": [
          11.460763,
          3.889676
        ]
      },
      "id": "node/7150596987"
    },
    {
      "type": "Feature",
      "properties": {
        "@id": "node/7153143867",
        "amenity": "cafe"
      },
      "geometry": {
        "type": "Point",
        "coordinates": [
          11.4284179,
          3.8746011
        ]
      },
      "id": "node/7153143867"
    },
    {
      "type": "Feature",
      "properties": {
        "@id": "node/7153210029",
        "amenity": "cafe"
      },
      "geometry": {
        "type": "Point",
        "coordinates": [
          11.4318806,
          3.8819613
        ]
      },
      "id": "node/7153210029"
    },
    {
      "type": "Feature",
      "properties": {
        "@id": "node/7153211864",
        "amenity": "cafe"
      },
      "geometry": {
        "type": "Point",
        "coordinates": [
          11.4123179,
          3.8738658
        ]
      },
      "id": "node/7153211864"
    },
    {
      "type": "Feature",
      "properties": {
        "@id": "node/7153215701",
        "amenity": "cafe"
      },
      "geometry": {
        "type": "Point",
        "coordinates": [
          11.4124411,
          3.8744461
        ]
      },
      "id": "node/7153215701"
    },
    {
      "type": "Feature",
      "properties": {
        "@id": "node/7153215702",
        "amenity": "cafe"
      },
      "geometry": {
        "type": "Point",
        "coordinates": [
          11.4131844,
          3.8747601
        ]
      },
      "id": "node/7153215702"
    },
    {
      "type": "Feature",
      "properties": {
        "@id": "node/7153216555",
        "amenity": "cafe"
      },
      "geometry": {
        "type": "Point",
        "coordinates": [
          11.4518579,
          3.875024
        ]
      },
      "id": "node/7153216555"
    },
    {
      "type": "Feature",
      "properties": {
        "@id": "node/7153216556",
        "amenity": "cafe",
        "name": "Cafétériat La Cachette"
      },
      "geometry": {
        "type": "Point",
        "coordinates": [
          11.4517093,
          3.8757777
        ]
      },
      "id": "node/7153216556"
    },
    {
      "type": "Feature",
      "properties": {
        "@id": "node/7153217212",
        "amenity": "cafe"
      },
      "geometry": {
        "type": "Point",
        "coordinates": [
          11.4223929,
          3.8730386
        ]
      },
      "id": "node/7153217212"
    },
    {
      "type": "Feature",
      "properties": {
        "@id": "node/7153219072",
        "amenity": "cafe"
      },
      "geometry": {
        "type": "Point",
        "coordinates": [
          11.4321877,
          3.874766
        ]
      },
      "id": "node/7153219072"
    },
    {
      "type": "Feature",
      "properties": {
        "@id": "node/7153220193",
        "amenity": "cafe"
      },
      "geometry": {
        "type": "Point",
        "coordinates": [
          11.4216222,
          3.8783252
        ]
      },
      "id": "node/7153220193"
    },
    {
      "type": "Feature",
      "properties": {
        "@id": "node/7153220194",
        "amenity": "cafe"
      },
      "geometry": {
        "type": "Point",
        "coordinates": [
          11.4214026,
          3.8784635
        ]
      },
      "id": "node/7153220194"
    },
    {
      "type": "Feature",
      "properties": {
        "@id": "node/7153220195",
        "amenity": "cafe"
      },
      "geometry": {
        "type": "Point",
        "coordinates": [
          11.4216774,
          3.8780701
        ]
      },
      "id": "node/7153220195"
    },
    {
      "type": "Feature",
      "properties": {
        "@id": "node/7153221632",
        "amenity": "cafe"
      },
      "geometry": {
        "type": "Point",
        "coordinates": [
          11.4519127,
          3.8445478
        ]
      },
      "id": "node/7153221632"
    },
    {
      "type": "Feature",
      "properties": {
        "@id": "node/7153229232",
        "amenity": "cafe"
      },
      "geometry": {
        "type": "Point",
        "coordinates": [
          11.4680324,
          3.8834819
        ]
      },
      "id": "node/7153229232"
    },
    {
      "type": "Feature",
      "properties": {
        "@id": "node/7153231675",
        "amenity": "cafe"
      },
      "geometry": {
        "type": "Point",
        "coordinates": [
          11.4268287,
          3.8681407
        ]
      },
      "id": "node/7153231675"
    },
    {
      "type": "Feature",
      "properties": {
        "@id": "node/7153231917",
        "amenity": "cafe"
      },
      "geometry": {
        "type": "Point",
        "coordinates": [
          11.4463652,
          3.8712205
        ]
      },
      "id": "node/7153231917"
    },
    {
      "type": "Feature",
      "properties": {
        "@id": "node/7153236304",
        "amenity": "cafe"
      },
      "geometry": {
        "type": "Point",
        "coordinates": [
          11.4310065,
          3.8749908
        ]
      },
      "id": "node/7153236304"
    },
    {
      "type": "Feature",
      "properties": {
        "@id": "node/7153242192",
        "amenity": "cafe"
      },
      "geometry": {
        "type": "Point",
        "coordinates": [
          11.4497163,
          3.8753337
        ]
      },
      "id": "node/7153242192"
    },
    {
      "type": "Feature",
      "properties": {
        "@id": "node/7153242193",
        "amenity": "cafe"
      },
      "geometry": {
        "type": "Point",
        "coordinates": [
          11.4504344,
          3.8749108
        ]
      },
      "id": "node/7153242193"
    },
    {
      "type": "Feature",
      "properties": {
        "@id": "node/7153243130",
        "amenity": "cafe"
      },
      "geometry": {
        "type": "Point",
        "coordinates": [
          11.4652102,
          3.8742289
        ]
      },
      "id": "node/7153243130"
    },
    {
      "type": "Feature",
      "properties": {
        "@id": "node/7153243131",
        "amenity": "cafe"
      },
      "geometry": {
        "type": "Point",
        "coordinates": [
          11.4660368,
          3.8744328
        ]
      },
      "id": "node/7153243131"
    },
    {
      "type": "Feature",
      "properties": {
        "@id": "node/7153245454",
        "amenity": "cafe"
      },
      "geometry": {
        "type": "Point",
        "coordinates": [
          11.4613862,
          3.8652782
        ]
      },
      "id": "node/7153245454"
    },
    {
      "type": "Feature",
      "properties": {
        "@id": "node/7153247111",
        "amenity": "cafe"
      },
      "geometry": {
        "type": "Point",
        "coordinates": [
          11.4268494,
          3.8707823
        ]
      },
      "id": "node/7153247111"
    },
    {
      "type": "Feature",
      "properties": {
        "@id": "node/7153247606",
        "amenity": "cafe",
        "name": "Espoir Plus"
      },
      "geometry": {
        "type": "Point",
        "coordinates": [
          11.4491919,
          3.8530533
        ]
      },
      "id": "node/7153247606"
    },
    {
      "type": "Feature",
      "properties": {
        "@id": "node/7153250084",
        "amenity": "cafe"
      },
      "geometry": {
        "type": "Point",
        "coordinates": [
          11.4744929,
          3.8751409
        ]
      },
      "id": "node/7153250084"
    },
    {
      "type": "Feature",
      "properties": {
        "@id": "node/7153251407",
        "amenity": "cafe"
      },
      "geometry": {
        "type": "Point",
        "coordinates": [
          11.4824356,
          3.8793956
        ]
      },
      "id": "node/7153251407"
    },
    {
      "type": "Feature",
      "properties": {
        "@id": "node/7153258686",
        "amenity": "cafe"
      },
      "geometry": {
        "type": "Point",
        "coordinates": [
          11.4664879,
          3.8837682
        ]
      },
      "id": "node/7153258686"
    },
    {
      "type": "Feature",
      "properties": {
        "@id": "node/7153258687",
        "amenity": "cafe"
      },
      "geometry": {
        "type": "Point",
        "coordinates": [
          11.4664585,
          3.8832518
        ]
      },
      "id": "node/7153258687"
    },
    {
      "type": "Feature",
      "properties": {
        "@id": "node/7153258695",
        "amenity": "cafe"
      },
      "geometry": {
        "type": "Point",
        "coordinates": [
          11.4640876,
          3.8849681
        ]
      },
      "id": "node/7153258695"
    },
    {
      "type": "Feature",
      "properties": {
        "@id": "node/7153477358",
        "amenity": "clinic",
        "name": "Centre De Soins Spécialisés Ste Germaine"
      },
      "geometry": {
        "type": "Point",
        "coordinates": [
          11.4722706,
          3.8789383
        ]
      },
      "id": "node/7153477358"
    },
    {
      "type": "Feature",
      "properties": {
        "@id": "node/7153477359",
        "amenity": "clinic",
        "name": "La Providence"
      },
      "geometry": {
        "type": "Point",
        "coordinates": [
          11.4703076,
          3.8780328
        ]
      },
      "id": "node/7153477359"
    },
    {
      "type": "Feature",
      "properties": {
        "@id": "node/7153477360",
        "amenity": "clinic",
        "name": "Centre De Naturopathe"
      },
      "geometry": {
        "type": "Point",
        "coordinates": [
          11.4649884,
          3.8739334
        ]
      },
      "id": "node/7153477360"
    },
    {
      "type": "Feature",
      "properties": {
        "@id": "node/7153482081",
        "amenity": "clinic",
        "name": "Cabinet De Soin Au Coeur Uni"
      },
      "geometry": {
        "type": "Point",
        "coordinates": [
          11.4559266,
          3.8955886
        ]
      },
      "id": "node/7153482081"
    },
    {
      "type": "Feature",
      "properties": {
        "@id": "node/7153501911",
        "amenity": "clinic",
        "name": "Cabinets De Soins Teffeu"
      },
      "geometry": {
        "type": "Point",
        "coordinates": [
          11.4745451,
          3.8769834
        ]
      },
      "id": "node/7153501911"
    },
    {
      "type": "Feature",
      "properties": {
        "@id": "node/7153605071",
        "amenity": "doctors",
        "name": "Cabinet Medical Luceole"
      },
      "geometry": {
        "type": "Point",
        "coordinates": [
          11.4714506,
          3.8854464
        ]
      },
      "id": "node/7153605071"
    },
    {
      "type": "Feature",
      "properties": {
        "@id": "node/7153637348",
        "amenity": "hospital",
        "contact:phone": "(+237) 699025915",
        "name": "Le Samaritain Plus"
      },
      "geometry": {
        "type": "Point",
        "coordinates": [
          11.4531028,
          3.8442102
        ]
      },
      "id": "node/7153637348"
    },
    {
      "type": "Feature",
      "properties": {
        "@id": "node/7153901578",
        "amenity": "cafe"
      },
      "geometry": {
        "type": "Point",
        "coordinates": [
          11.4548839,
          3.8975378
        ]
      },
      "id": "node/7153901578"
    },
    {
      "type": "Feature",
      "properties": {
        "@id": "node/7153916934",
        "amenity": "cafe"
      },
      "geometry": {
        "type": "Point",
        "coordinates": [
          11.4643119,
          3.8716299
        ]
      },
      "id": "node/7153916934"
    },
    {
      "type": "Feature",
      "properties": {
        "@id": "node/7153927606",
        "amenity": "cafe"
      },
      "geometry": {
        "type": "Point",
        "coordinates": [
          11.4610114,
          3.8863774
        ]
      },
      "id": "node/7153927606"
    },
    {
      "type": "Feature",
      "properties": {
        "@id": "node/7153938070",
        "amenity": "cafe"
      },
      "geometry": {
        "type": "Point",
        "coordinates": [
          11.4542541,
          3.8982425
        ]
      },
      "id": "node/7153938070"
    },
    {
      "type": "Feature",
      "properties": {
        "@id": "node/7153938071",
        "amenity": "cafe"
      },
      "geometry": {
        "type": "Point",
        "coordinates": [
          11.4541532,
          3.8982881
        ]
      },
      "id": "node/7153938071"
    },
    {
      "type": "Feature",
      "properties": {
        "@id": "node/7153941877",
        "amenity": "cafe"
      },
      "geometry": {
        "type": "Point",
        "coordinates": [
          11.4533631,
          3.8844935
        ]
      },
      "id": "node/7153941877"
    },
    {
      "type": "Feature",
      "properties": {
        "@id": "node/7153943843",
        "amenity": "cafe"
      },
      "geometry": {
        "type": "Point",
        "coordinates": [
          11.4521254,
          3.8826743
        ]
      },
      "id": "node/7153943843"
    },
    {
      "type": "Feature",
      "properties": {
        "@id": "node/7153943844",
        "amenity": "cafe"
      },
      "geometry": {
        "type": "Point",
        "coordinates": [
          11.4526965,
          3.8836671
        ]
      },
      "id": "node/7153943844"
    },
    {
      "type": "Feature",
      "properties": {
        "@id": "node/7153944019",
        "amenity": "cafe"
      },
      "geometry": {
        "type": "Point",
        "coordinates": [
          11.4699,
          3.8761088
        ]
      },
      "id": "node/7153944019"
    },
    {
      "type": "Feature",
      "properties": {
        "@id": "node/7153944020",
        "amenity": "cafe"
      },
      "geometry": {
        "type": "Point",
        "coordinates": [
          11.4711335,
          3.8805154
        ]
      },
      "id": "node/7153944020"
    },
    {
      "type": "Feature",
      "properties": {
        "@id": "node/7153944021",
        "amenity": "cafe"
      },
      "geometry": {
        "type": "Point",
        "coordinates": [
          11.4714666,
          3.8767054
        ]
      },
      "id": "node/7153944021"
    },
    {
      "type": "Feature",
      "properties": {
        "@id": "node/7153944022",
        "amenity": "cafe"
      },
      "geometry": {
        "type": "Point",
        "coordinates": [
          11.4713586,
          3.8767585
        ]
      },
      "id": "node/7153944022"
    },
    {
      "type": "Feature",
      "properties": {
        "@id": "node/7153944023",
        "amenity": "cafe"
      },
      "geometry": {
        "type": "Point",
        "coordinates": [
          11.4725625,
          3.8786171
        ]
      },
      "id": "node/7153944023"
    },
    {
      "type": "Feature",
      "properties": {
        "@id": "node/7153944024",
        "amenity": "cafe"
      },
      "geometry": {
        "type": "Point",
        "coordinates": [
          11.4810167,
          3.8720166
        ]
      },
      "id": "node/7153944024"
    },
    {
      "type": "Feature",
      "properties": {
        "@id": "node/7153944094",
        "amenity": "cafe"
      },
      "geometry": {
        "type": "Point",
        "coordinates": [
          11.4558874,
          3.8892147
        ]
      },
      "id": "node/7153944094"
    },
    {
      "type": "Feature",
      "properties": {
        "@id": "node/7153949284",
        "amenity": "cafe"
      },
      "geometry": {
        "type": "Point",
        "coordinates": [
          11.4539572,
          3.885486
        ]
      },
      "id": "node/7153949284"
    },
    {
      "type": "Feature",
      "properties": {
        "@id": "node/7153951270",
        "amenity": "cafe"
      },
      "geometry": {
        "type": "Point",
        "coordinates": [
          11.4547437,
          3.8721611
        ]
      },
      "id": "node/7153951270"
    },
    {
      "type": "Feature",
      "properties": {
        "@id": "node/7153961809",
        "amenity": "cafe"
      },
      "geometry": {
        "type": "Point",
        "coordinates": [
          11.4754054,
          3.8747144
        ]
      },
      "id": "node/7153961809"
    },
    {
      "type": "Feature",
      "properties": {
        "@id": "node/7153961810",
        "amenity": "cafe"
      },
      "geometry": {
        "type": "Point",
        "coordinates": [
          11.4756158,
          3.8749119
        ]
      },
      "id": "node/7153961810"
    },
    {
      "type": "Feature",
      "properties": {
        "@id": "node/7153961811",
        "amenity": "cafe"
      },
      "geometry": {
        "type": "Point",
        "coordinates": [
          11.4758467,
          3.8748457
        ]
      },
      "id": "node/7153961811"
    },
    {
      "type": "Feature",
      "properties": {
        "@id": "node/7153961882",
        "amenity": "cafe"
      },
      "geometry": {
        "type": "Point",
        "coordinates": [
          11.4754464,
          3.8714399
        ]
      },
      "id": "node/7153961882"
    },
    {
      "type": "Feature",
      "properties": {
        "@id": "node/7153966178",
        "amenity": "cafe"
      },
      "geometry": {
        "type": "Point",
        "coordinates": [
          11.454504,
          3.8860894
        ]
      },
      "id": "node/7153966178"
    },
    {
      "type": "Feature",
      "properties": {
        "@id": "node/7153966901",
        "amenity": "cafe"
      },
      "geometry": {
        "type": "Point",
        "coordinates": [
          11.4571792,
          3.8963553
        ]
      },
      "id": "node/7153966901"
    },
    {
      "type": "Feature",
      "properties": {
        "@id": "node/7153968396",
        "amenity": "cafe"
      },
      "geometry": {
        "type": "Point",
        "coordinates": [
          11.4788823,
          3.8769139
        ]
      },
      "id": "node/7153968396"
    },
    {
      "type": "Feature",
      "properties": {
        "@id": "node/7153968533",
        "amenity": "cafe"
      },
      "geometry": {
        "type": "Point",
        "coordinates": [
          11.4630304,
          3.8924095
        ]
      },
      "id": "node/7153968533"
    },
    {
      "type": "Feature",
      "properties": {
        "@id": "node/7153972522",
        "amenity": "cafe"
      },
      "geometry": {
        "type": "Point",
        "coordinates": [
          11.4780768,
          3.8738741
        ]
      },
      "id": "node/7153972522"
    },
    {
      "type": "Feature",
      "properties": {
        "@id": "node/7153972523",
        "amenity": "cafe"
      },
      "geometry": {
        "type": "Point",
        "coordinates": [
          11.4764495,
          3.8745265
        ]
      },
      "id": "node/7153972523"
    },
    {
      "type": "Feature",
      "properties": {
        "@id": "node/7153975286",
        "amenity": "cafe"
      },
      "geometry": {
        "type": "Point",
        "coordinates": [
          11.4840734,
          3.8771336
        ]
      },
      "id": "node/7153975286"
    },
    {
      "type": "Feature",
      "properties": {
        "@id": "node/7153979319",
        "amenity": "cafe"
      },
      "geometry": {
        "type": "Point",
        "coordinates": [
          11.4660724,
          3.8896452
        ]
      },
      "id": "node/7153979319"
    },
    {
      "type": "Feature",
      "properties": {
        "@id": "node/7153993408",
        "amenity": "cafe"
      },
      "geometry": {
        "type": "Point",
        "coordinates": [
          11.4623559,
          3.8788165
        ]
      },
      "id": "node/7153993408"
    },
    {
      "type": "Feature",
      "properties": {
        "@id": "node/7156368581",
        "name": "Chapelle De Christ",
        "religion": "christian",
        "tourism": "attraction"
      },
      "geometry": {
        "type": "Point",
        "coordinates": [
          11.4508402,
          3.8462997
        ]
      },
      "id": "node/7156368581"
    },
    {
      "type": "Feature",
      "properties": {
        "@id": "node/7162007283",
        "amenity": "cafe"
      },
      "geometry": {
        "type": "Point",
        "coordinates": [
          11.5370363,
          3.875412
        ]
      },
      "id": "node/7162007283"
    },
    {
      "type": "Feature",
      "properties": {
        "@id": "node/7162007284",
        "amenity": "cafe"
      },
      "geometry": {
        "type": "Point",
        "coordinates": [
          11.5377399,
          3.8748371
        ]
      },
      "id": "node/7162007284"
    },
    {
      "type": "Feature",
      "properties": {
        "@id": "node/7162007440",
        "amenity": "cafe"
      },
      "geometry": {
        "type": "Point",
        "coordinates": [
          11.54327,
          3.874252
        ]
      },
      "id": "node/7162007440"
    },
    {
      "type": "Feature",
      "properties": {
        "@id": "node/7162007441",
        "amenity": "cafe",
        "name": "Full Option"
      },
      "geometry": {
        "type": "Point",
        "coordinates": [
          11.5422351,
          3.8738048
        ]
      },
      "id": "node/7162007441"
    },
    {
      "type": "Feature",
      "properties": {
        "@id": "node/7162019754",
        "amenity": "cafe",
        "name": "Chez Lucie"
      },
      "geometry": {
        "type": "Point",
        "coordinates": [
          11.5397923,
          3.8710893
        ]
      },
      "id": "node/7162019754"
    },
    {
      "type": "Feature",
      "properties": {
        "@id": "node/7162019755",
        "amenity": "cafe",
        "name": "Café Plus Le Rapido"
      },
      "geometry": {
        "type": "Point",
        "coordinates": [
          11.5399038,
          3.8720793
        ]
      },
      "id": "node/7162019755"
    },
    {
      "type": "Feature",
      "properties": {
        "@id": "node/7162019756",
        "amenity": "cafe"
      },
      "geometry": {
        "type": "Point",
        "coordinates": [
          11.5398687,
          3.8722308
        ]
      },
      "id": "node/7162019756"
    },
    {
      "type": "Feature",
      "properties": {
        "@id": "node/7162019757",
        "amenity": "cafe",
        "name": "Abz"
      },
      "geometry": {
        "type": "Point",
        "coordinates": [
          11.5400717,
          3.8717427
        ]
      },
      "id": "node/7162019757"
    },
    {
      "type": "Feature",
      "properties": {
        "@id": "node/7162019758",
        "amenity": "cafe"
      },
      "geometry": {
        "type": "Point",
        "coordinates": [
          11.5397428,
          3.8714648
        ]
      },
      "id": "node/7162019758"
    },
    {
      "type": "Feature",
      "properties": {
        "@id": "node/7162028385",
        "amenity": "cafe"
      },
      "geometry": {
        "type": "Point",
        "coordinates": [
          11.537615,
          3.8750086
        ]
      },
      "id": "node/7162028385"
    },
    {
      "type": "Feature",
      "properties": {
        "@id": "node/7162028386",
        "amenity": "cafe",
        "name": "Chez Issa"
      },
      "geometry": {
        "type": "Point",
        "coordinates": [
          11.5378711,
          3.8747857
        ]
      },
      "id": "node/7162028386"
    },
    {
      "type": "Feature",
      "properties": {
        "@id": "node/7162036576",
        "amenity": "cafe"
      },
      "geometry": {
        "type": "Point",
        "coordinates": [
          11.5402756,
          3.8742682
        ]
      },
      "id": "node/7162036576"
    },
    {
      "type": "Feature",
      "properties": {
        "@id": "node/7162036577",
        "amenity": "cafe",
        "indoor_seating": "yes",
        "outdoor_seating": "yes"
      },
      "geometry": {
        "type": "Point",
        "coordinates": [
          11.539965,
          3.874107
        ]
      },
      "id": "node/7162036577"
    },
    {
      "type": "Feature",
      "properties": {
        "@id": "node/7162036578",
        "amenity": "cafe"
      },
      "geometry": {
        "type": "Point",
        "coordinates": [
          11.5405495,
          3.8737953
        ]
      },
      "id": "node/7162036578"
    },
    {
      "type": "Feature",
      "properties": {
        "@id": "node/7162038214",
        "amenity": "cafe"
      },
      "geometry": {
        "type": "Point",
        "coordinates": [
          11.5403126,
          3.873363
        ]
      },
      "id": "node/7162038214"
    },
    {
      "type": "Feature",
      "properties": {
        "@id": "node/7162038215",
        "amenity": "cafe"
      },
      "geometry": {
        "type": "Point",
        "coordinates": [
          11.5407382,
          3.8733789
        ]
      },
      "id": "node/7162038215"
    },
    {
      "type": "Feature",
      "properties": {
        "@id": "node/7162038216",
        "amenity": "cafe"
      },
      "geometry": {
        "type": "Point",
        "coordinates": [
          11.5412426,
          3.8733619
        ]
      },
      "id": "node/7162038216"
    },
    {
      "type": "Feature",
      "properties": {
        "@id": "node/7162107431",
        "addr:postcode": "BP533YDE",
        "amenity": "dentist",
        "contact:email": "contact@bestdental.fr",
        "healthcare": "dentist"
      },
      "geometry": {
        "type": "Point",
        "coordinates": [
          11.5471606,
          3.9011634
        ]
      },
      "id": "node/7162107431"
    },
    {
      "type": "Feature",
      "properties": {
        "@id": "node/7162116784",
        "amenity": "doctors",
        "healthcare": "doctor"
      },
      "geometry": {
        "type": "Point",
        "coordinates": [
          11.5341385,
          3.8707388
        ]
      },
      "id": "node/7162116784"
    },
    {
      "type": "Feature",
      "properties": {
        "@id": "node/7162120542",
        "name": "Elle Cabana",
        "tourism": "hotel"
      },
      "geometry": {
        "type": "Point",
        "coordinates": [
          11.4553747,
          3.8931093
        ]
      },
      "id": "node/7162120542"
    },
    {
      "type": "Feature",
      "properties": {
        "@id": "node/7162122771",
        "amenity": "doctors"
      },
      "geometry": {
        "type": "Point",
        "coordinates": [
          11.5544575,
          3.8786179
        ]
      },
      "id": "node/7162122771"
    },
    {
      "type": "Feature",
      "properties": {
        "@id": "node/7162122772",
        "amenity": "doctors"
      },
      "geometry": {
        "type": "Point",
        "coordinates": [
          11.553563,
          3.8786108
        ]
      },
      "id": "node/7162122772"
    },
    {
      "type": "Feature",
      "properties": {
        "@id": "node/7162129861",
        "name": "Km Hôtel",
        "tourism": "hotel"
      },
      "geometry": {
        "type": "Point",
        "coordinates": [
          11.4560708,
          3.895327
        ]
      },
      "id": "node/7162129861"
    },
    {
      "type": "Feature",
      "properties": {
        "@id": "node/7162130138",
        "name": "Mo'o Sa'a Palace",
        "tourism": "hotel"
      },
      "geometry": {
        "type": "Point",
        "coordinates": [
          11.4740181,
          3.8718554
        ]
      },
      "id": "node/7162130138"
    },
    {
      "type": "Feature",
      "properties": {
        "@id": "node/7162136068",
        "addr:street": "Avenue Germaine Ahidjo",
        "amenity": "doctors",
        "healthcare": "doctor",
        "name": "Cabinet Dentaire MaSulamite"
      },
      "geometry": {
        "type": "Point",
        "coordinates": [
          11.5321803,
          3.8724395
        ]
      },
      "id": "node/7162136068"
    },
    {
      "type": "Feature",
      "properties": {
        "@id": "node/7162138641",
        "name": "Hôtel La Fleur",
        "tourism": "hotel"
      },
      "geometry": {
        "type": "Point",
        "coordinates": [
          11.4807015,
          3.8723612
        ]
      },
      "id": "node/7162138641"
    },
    {
      "type": "Feature",
      "properties": {
        "@id": "node/7162138646",
        "name": "Hôtel Bome",
        "tourism": "hotel"
      },
      "geometry": {
        "type": "Point",
        "coordinates": [
          11.4508049,
          3.8547423
        ]
      },
      "id": "node/7162138646"
    },
    {
      "type": "Feature",
      "properties": {
        "@id": "node/7162139038",
        "amenity": "doctors",
        "contact:phone": "(+237) 679313161",
        "healthcare": "doctor"
      },
      "geometry": {
        "type": "Point",
        "coordinates": [
          11.52787,
          3.8644971
        ]
      },
      "id": "node/7162139038"
    },
    {
      "type": "Feature",
      "properties": {
        "@id": "node/7162147728",
        "amenity": "doctors",
        "contact:phone": "(+237) 679313161",
        "healthcare": "doctor"
      },
      "geometry": {
        "type": "Point",
        "coordinates": [
          11.5263011,
          3.8632183
        ]
      },
      "id": "node/7162147728"
    },
    {
      "type": "Feature",
      "properties": {
        "@id": "node/7162149837",
        "contact:email": "belvichotel@yahoo.com",
        "name": "Belvic",
        "tourism": "hotel"
      },
      "geometry": {
        "type": "Point",
        "coordinates": [
          11.455366,
          3.8931401
        ]
      },
      "id": "node/7162149837"
    },
    {
      "type": "Feature",
      "properties": {
        "@id": "node/7162150183",
        "amenity": "doctors"
      },
      "geometry": {
        "type": "Point",
        "coordinates": [
          11.5611818,
          3.8767546
        ]
      },
      "id": "node/7162150183"
    },
    {
      "type": "Feature",
      "properties": {
        "@id": "node/7162157735",
        "name": "Petit Coin De Plaisir",
        "tourism": "hotel"
      },
      "geometry": {
        "type": "Point",
        "coordinates": [
          11.4751661,
          3.8751724
        ]
      },
      "id": "node/7162157735"
    },
    {
      "type": "Feature",
      "properties": {
        "@id": "node/7162157811",
        "name": "Cmr Intr'l Hotel",
        "tourism": "hotel"
      },
      "geometry": {
        "type": "Point",
        "coordinates": [
          11.44972,
          3.8701046
        ]
      },
      "id": "node/7162157811"
    },
    {
      "type": "Feature",
      "properties": {
        "@id": "node/7162158285",
        "amenity": "doctors",
        "healthcare": "doctor"
      },
      "geometry": {
        "type": "Point",
        "coordinates": [
          11.5360549,
          3.8721063
        ]
      },
      "id": "node/7162158285"
    },
    {
      "type": "Feature",
      "properties": {
        "@id": "node/7162162760",
        "name": "Elle Cabana",
        "tourism": "hotel"
      },
      "geometry": {
        "type": "Point",
        "coordinates": [
          11.4535082,
          3.8842994
        ]
      },
      "id": "node/7162162760"
    },
    {
      "type": "Feature",
      "properties": {
        "@id": "node/7162172569",
        "amenity": "cafe"
      },
      "geometry": {
        "type": "Point",
        "coordinates": [
          11.5237686,
          3.8616045
        ]
      },
      "id": "node/7162172569"
    },
    {
      "type": "Feature",
      "properties": {
        "@id": "node/7162172570",
        "amenity": "cafe",
        "indoor_seating": "yes",
        "outdoor_seating": "yes"
      },
      "geometry": {
        "type": "Point",
        "coordinates": [
          11.5268067,
          3.8636529
        ]
      },
      "id": "node/7162172570"
    },
    {
      "type": "Feature",
      "properties": {
        "@id": "node/7162172571",
        "amenity": "cafe"
      },
      "geometry": {
        "type": "Point",
        "coordinates": [
          11.5246256,
          3.8624505
        ]
      },
      "id": "node/7162172571"
    },
    {
      "type": "Feature",
      "properties": {
        "@id": "node/7162172572",
        "amenity": "cafe",
        "indoor_seating": "no",
        "outdoor_seating": "yes"
      },
      "geometry": {
        "type": "Point",
        "coordinates": [
          11.5258076,
          3.8629442
        ]
      },
      "id": "node/7162172572"
    },
    {
      "type": "Feature",
      "properties": {
        "@id": "node/7162202438",
        "amenity": "cafe"
      },
      "geometry": {
        "type": "Point",
        "coordinates": [
          11.5272518,
          3.8646665
        ]
      },
      "id": "node/7162202438"
    },
    {
      "type": "Feature",
      "properties": {
        "@id": "node/7162202439",
        "amenity": "cafe",
        "name": "Café Resto Guey Et Frere"
      },
      "geometry": {
        "type": "Point",
        "coordinates": [
          11.5253285,
          3.8654706
        ]
      },
      "id": "node/7162202439"
    },
    {
      "type": "Feature",
      "properties": {
        "@id": "node/7162202440",
        "amenity": "cafe",
        "indoor_seating": "yes",
        "name": "Cafetariat Ndombolo",
        "outdoor_seating": "yes"
      },
      "geometry": {
        "type": "Point",
        "coordinates": [
          11.5286168,
          3.8652868
        ]
      },
      "id": "node/7162202440"
    },
    {
      "type": "Feature",
      "properties": {
        "@id": "node/7162202441",
        "amenity": "cafe"
      },
      "geometry": {
        "type": "Point",
        "coordinates": [
          11.5287699,
          3.8655148
        ]
      },
      "id": "node/7162202441"
    },
    {
      "type": "Feature",
      "properties": {
        "@id": "node/7162203818",
        "amenity": "cafe"
      },
      "geometry": {
        "type": "Point",
        "coordinates": [
          11.5348777,
          3.8666083
        ]
      },
      "id": "node/7162203818"
    },
    {
      "type": "Feature",
      "properties": {
        "@id": "node/7162203819",
        "amenity": "cafe"
      },
      "geometry": {
        "type": "Point",
        "coordinates": [
          11.535085,
          3.866512
        ]
      },
      "id": "node/7162203819"
    },
    {
      "type": "Feature",
      "properties": {
        "@id": "node/7162203820",
        "amenity": "cafe"
      },
      "geometry": {
        "type": "Point",
        "coordinates": [
          11.534582,
          3.8650748
        ]
      },
      "id": "node/7162203820"
    },
    {
      "type": "Feature",
      "properties": {
        "@id": "node/7162203821",
        "amenity": "cafe"
      },
      "geometry": {
        "type": "Point",
        "coordinates": [
          11.5348588,
          3.866572
        ]
      },
      "id": "node/7162203821"
    },
    {
      "type": "Feature",
      "properties": {
        "@id": "node/7162211807",
        "amenity": "cafe",
        "name": "Shilo Resto"
      },
      "geometry": {
        "type": "Point",
        "coordinates": [
          11.5317853,
          3.8633257
        ]
      },
      "id": "node/7162211807"
    },
    {
      "type": "Feature",
      "properties": {
        "@id": "node/7162211808",
        "amenity": "cafe"
      },
      "geometry": {
        "type": "Point",
        "coordinates": [
          11.530344,
          3.8627276
        ]
      },
      "id": "node/7162211808"
    },
    {
      "type": "Feature",
      "properties": {
        "@id": "node/7162217914",
        "amenity": "cafe"
      },
      "geometry": {
        "type": "Point",
        "coordinates": [
          11.5311985,
          3.8671559
        ]
      },
      "id": "node/7162217914"
    },
    {
      "type": "Feature",
      "properties": {
        "@id": "node/7162217915",
        "amenity": "cafe"
      },
      "geometry": {
        "type": "Point",
        "coordinates": [
          11.5304172,
          3.8675312
        ]
      },
      "id": "node/7162217915"
    },
    {
      "type": "Feature",
      "properties": {
        "@id": "node/7162217916",
        "amenity": "cafe"
      },
      "geometry": {
        "type": "Point",
        "coordinates": [
          11.5303252,
          3.8673902
        ]
      },
      "id": "node/7162217916"
    },
    {
      "type": "Feature",
      "properties": {
        "@id": "node/7162217917",
        "amenity": "cafe"
      },
      "geometry": {
        "type": "Point",
        "coordinates": [
          11.5336585,
          3.8687839
        ]
      },
      "id": "node/7162217917"
    },
    {
      "type": "Feature",
      "properties": {
        "@id": "node/7162217918",
        "amenity": "cafe"
      },
      "geometry": {
        "type": "Point",
        "coordinates": [
          11.5331375,
          3.8684494
        ]
      },
      "id": "node/7162217918"
    },
    {
      "type": "Feature",
      "properties": {
        "@id": "node/7162223363",
        "amenity": "cafe"
      },
      "geometry": {
        "type": "Point",
        "coordinates": [
          11.5313993,
          3.8725146
        ]
      },
      "id": "node/7162223363"
    },
    {
      "type": "Feature",
      "properties": {
        "@id": "node/7162223364",
        "amenity": "cafe",
        "name": "Cafétéria"
      },
      "geometry": {
        "type": "Point",
        "coordinates": [
          11.5310433,
          3.8737795
        ]
      },
      "id": "node/7162223364"
    },
    {
      "type": "Feature",
      "properties": {
        "@id": "node/7162223365",
        "amenity": "cafe"
      },
      "geometry": {
        "type": "Point",
        "coordinates": [
          11.5313471,
          3.8724738
        ]
      },
      "id": "node/7162223365"
    },
    {
      "type": "Feature",
      "properties": {
        "@id": "node/7162223366",
        "amenity": "cafe"
      },
      "geometry": {
        "type": "Point",
        "coordinates": [
          11.5316887,
          3.8728512
        ]
      },
      "id": "node/7162223366"
    },
    {
      "type": "Feature",
      "properties": {
        "@id": "node/7162225789",
        "amenity": "cafe",
        "name": "Hottollo"
      },
      "geometry": {
        "type": "Point",
        "coordinates": [
          11.535365,
          3.8695137
        ]
      },
      "id": "node/7162225789"
    },
    {
      "type": "Feature",
      "properties": {
        "@id": "node/7162225790",
        "amenity": "cafe"
      },
      "geometry": {
        "type": "Point",
        "coordinates": [
          11.5355562,
          3.8699033
        ]
      },
      "id": "node/7162225790"
    },
    {
      "type": "Feature",
      "properties": {
        "@id": "node/7162225791",
        "amenity": "cafe"
      },
      "geometry": {
        "type": "Point",
        "coordinates": [
          11.5356223,
          3.8697602
        ]
      },
      "id": "node/7162225791"
    },
    {
      "type": "Feature",
      "properties": {
        "@id": "node/7162225792",
        "amenity": "cafe"
      },
      "geometry": {
        "type": "Point",
        "coordinates": [
          11.5347749,
          3.8698943
        ]
      },
      "id": "node/7162225792"
    },
    {
      "type": "Feature",
      "properties": {
        "@id": "node/7162229110",
        "amenity": "cafe",
        "name": "Eric's"
      },
      "geometry": {
        "type": "Point",
        "coordinates": [
          11.5337893,
          3.8709367
        ]
      },
      "id": "node/7162229110"
    },
    {
      "type": "Feature",
      "properties": {
        "@id": "node/7162229111",
        "amenity": "cafe"
      },
      "geometry": {
        "type": "Point",
        "coordinates": [
          11.5333533,
          3.8706327
        ]
      },
      "id": "node/7162229111"
    },
    {
      "type": "Feature",
      "properties": {
        "@id": "node/7162229112",
        "amenity": "cafe"
      },
      "geometry": {
        "type": "Point",
        "coordinates": [
          11.5367656,
          3.8722377
        ]
      },
      "id": "node/7162229112"
    },
    {
      "type": "Feature",
      "properties": {
        "@id": "node/7162229113",
        "amenity": "cafe",
        "name": "Café Restau Chez Amigo"
      },
      "geometry": {
        "type": "Point",
        "coordinates": [
          11.5355341,
          3.8718119
        ]
      },
      "id": "node/7162229113"
    },
    {
      "type": "Feature",
      "properties": {
        "@id": "node/7162229114",
        "amenity": "cafe"
      },
      "geometry": {
        "type": "Point",
        "coordinates": [
          11.5365963,
          3.8724653
        ]
      },
      "id": "node/7162229114"
    },
    {
      "type": "Feature",
      "properties": {
        "@id": "node/7162229801",
        "amenity": "cafe",
        "name": "Cafetariat Edouma"
      },
      "geometry": {
        "type": "Point",
        "coordinates": [
          11.5305073,
          3.8711273
        ]
      },
      "id": "node/7162229801"
    },
    {
      "type": "Feature",
      "properties": {
        "@id": "node/7162229802",
        "amenity": "cafe"
      },
      "geometry": {
        "type": "Point",
        "coordinates": [
          11.5291825,
          3.8701576
        ]
      },
      "id": "node/7162229802"
    },
    {
      "type": "Feature",
      "properties": {
        "@id": "node/7162246291",
        "amenity": "cafe"
      },
      "geometry": {
        "type": "Point",
        "coordinates": [
          11.5275839,
          3.8679893
        ]
      },
      "id": "node/7162246291"
    },
    {
      "type": "Feature",
      "properties": {
        "@id": "node/7162246292",
        "amenity": "cafe"
      },
      "geometry": {
        "type": "Point",
        "coordinates": [
          11.5274871,
          3.8680185
        ]
      },
      "id": "node/7162246292"
    },
    {
      "type": "Feature",
      "properties": {
        "@id": "node/7162246293",
        "amenity": "cafe"
      },
      "geometry": {
        "type": "Point",
        "coordinates": [
          11.5292738,
          3.868856
        ]
      },
      "id": "node/7162246293"
    },
    {
      "type": "Feature",
      "properties": {
        "@id": "node/7162247996",
        "amenity": "cafe"
      },
      "geometry": {
        "type": "Point",
        "coordinates": [
          11.5471994,
          3.8770774
        ]
      },
      "id": "node/7162247996"
    },
    {
      "type": "Feature",
      "properties": {
        "@id": "node/7162247997",
        "amenity": "cafe"
      },
      "geometry": {
        "type": "Point",
        "coordinates": [
          11.5468442,
          3.8765691
        ]
      },
      "id": "node/7162247997"
    },
    {
      "type": "Feature",
      "properties": {
        "@id": "node/7162247998",
        "amenity": "cafe",
        "indoor_seating": "yes",
        "outdoor_seating": "yes"
      },
      "geometry": {
        "type": "Point",
        "coordinates": [
          11.54715,
          3.8770305
        ]
      },
      "id": "node/7162247998"
    },
    {
      "type": "Feature",
      "properties": {
        "@id": "node/7162247999",
        "amenity": "cafe",
        "name": "Restau Jacqueline"
      },
      "geometry": {
        "type": "Point",
        "coordinates": [
          11.5467999,
          3.8765088
        ]
      },
      "id": "node/7162247999"
    },
    {
      "type": "Feature",
      "properties": {
        "@id": "node/7162254410",
        "amenity": "cafe"
      },
      "geometry": {
        "type": "Point",
        "coordinates": [
          11.5459331,
          3.8762472
        ]
      },
      "id": "node/7162254410"
    },
    {
      "type": "Feature",
      "properties": {
        "@id": "node/7162254411",
        "amenity": "cafe"
      },
      "geometry": {
        "type": "Point",
        "coordinates": [
          11.5462779,
          3.8756077
        ]
      },
      "id": "node/7162254411"
    },
    {
      "type": "Feature",
      "properties": {
        "@id": "node/7162254412",
        "amenity": "cafe",
        "name": "Bienvenue Chez Les Filles"
      },
      "geometry": {
        "type": "Point",
        "coordinates": [
          11.545459,
          3.8766987
        ]
      },
      "id": "node/7162254412"
    },
    {
      "type": "Feature",
      "properties": {
        "@id": "node/7162254413",
        "amenity": "cafe"
      },
      "geometry": {
        "type": "Point",
        "coordinates": [
          11.545805,
          3.8764074
        ]
      },
      "id": "node/7162254413"
    },
    {
      "type": "Feature",
      "properties": {
        "@id": "node/7162259442",
        "amenity": "cafe"
      },
      "geometry": {
        "type": "Point",
        "coordinates": [
          11.5426268,
          3.8765781
        ]
      },
      "id": "node/7162259442"
    },
    {
      "type": "Feature",
      "properties": {
        "@id": "node/7162259443",
        "amenity": "cafe"
      },
      "geometry": {
        "type": "Point",
        "coordinates": [
          11.5430754,
          3.8764117
        ]
      },
      "id": "node/7162259443"
    },
    {
      "type": "Feature",
      "properties": {
        "@id": "node/7162259444",
        "amenity": "cafe"
      },
      "geometry": {
        "type": "Point",
        "coordinates": [
          11.5452772,
          3.8748853
        ]
      },
      "id": "node/7162259444"
    },
    {
      "type": "Feature",
      "properties": {
        "@id": "node/7162481930",
        "name": "Les 3 Clés",
        "tourism": "motel"
      },
      "geometry": {
        "type": "Point",
        "coordinates": [
          11.4643333,
          3.8852525
        ]
      },
      "id": "node/7162481930"
    },
    {
      "type": "Feature",
      "properties": {
        "@id": "node/7162495819",
        "name": "La Rive",
        "tourism": "motel"
      },
      "geometry": {
        "type": "Point",
        "coordinates": [
          11.4641053,
          3.8750774
        ]
      },
      "id": "node/7162495819"
    },
    {
      "type": "Feature",
      "properties": {
        "@id": "node/7162495828",
        "name": "Séduction Motel",
        "tourism": "motel"
      },
      "geometry": {
        "type": "Point",
        "coordinates": [
          11.446329,
          3.8751012
        ]
      },
      "id": "node/7162495828"
    },
    {
      "type": "Feature",
      "properties": {
        "@id": "node/7162505230",
        "name": "La Papillote",
        "tourism": "motel"
      },
      "geometry": {
        "type": "Point",
        "coordinates": [
          11.4533054,
          3.8892826
        ]
      },
      "id": "node/7162505230"
    },
    {
      "type": "Feature",
      "properties": {
        "@id": "node/7162507419",
        "amenity": "cafe"
      },
      "geometry": {
        "type": "Point",
        "coordinates": [
          11.5504509,
          3.8783792
        ]
      },
      "id": "node/7162507419"
    },
    {
      "type": "Feature",
      "properties": {
        "@id": "node/7162507420",
        "amenity": "cafe",
        "name": "Restaurant Alidou"
      },
      "geometry": {
        "type": "Point",
        "coordinates": [
          11.5509893,
          3.8793655
        ]
      },
      "id": "node/7162507420"
    },
    {
      "type": "Feature",
      "properties": {
        "@id": "node/7162507421",
        "amenity": "cafe",
        "name": "La Mbamoise"
      },
      "geometry": {
        "type": "Point",
        "coordinates": [
          11.5510062,
          3.8785999
        ]
      },
      "id": "node/7162507421"
    },
    {
      "type": "Feature",
      "properties": {
        "@id": "node/7162507422",
        "amenity": "cafe"
      },
      "geometry": {
        "type": "Point",
        "coordinates": [
          11.5514795,
          3.879683
        ]
      },
      "id": "node/7162507422"
    },
    {
      "type": "Feature",
      "properties": {
        "@id": "node/7162507423",
        "amenity": "cafe"
      },
      "geometry": {
        "type": "Point",
        "coordinates": [
          11.551074,
          3.8785584
        ]
      },
      "id": "node/7162507423"
    },
    {
      "type": "Feature",
      "properties": {
        "@id": "node/7162507424",
        "amenity": "cafe"
      },
      "geometry": {
        "type": "Point",
        "coordinates": [
          11.5515404,
          3.8792394
        ]
      },
      "id": "node/7162507424"
    },
    {
      "type": "Feature",
      "properties": {
        "@id": "node/7162541322",
        "amenity": "cafe"
      },
      "geometry": {
        "type": "Point",
        "coordinates": [
          11.5572079,
          3.8811869
        ]
      },
      "id": "node/7162541322"
    },
    {
      "type": "Feature",
      "properties": {
        "@id": "node/7162541323",
        "amenity": "cafe"
      },
      "geometry": {
        "type": "Point",
        "coordinates": [
          11.5590514,
          3.881931
        ]
      },
      "id": "node/7162541323"
    },
    {
      "type": "Feature",
      "properties": {
        "@id": "node/7162541324",
        "amenity": "cafe"
      },
      "geometry": {
        "type": "Point",
        "coordinates": [
          11.5570037,
          3.881688
        ]
      },
      "id": "node/7162541324"
    },
    {
      "type": "Feature",
      "properties": {
        "@id": "node/7162541325",
        "amenity": "cafe",
        "name": "Chez Mury"
      },
      "geometry": {
        "type": "Point",
        "coordinates": [
          11.557296,
          3.8818588
        ]
      },
      "id": "node/7162541325"
    },
    {
      "type": "Feature",
      "properties": {
        "@id": "node/7162541326",
        "amenity": "cafe"
      },
      "geometry": {
        "type": "Point",
        "coordinates": [
          11.5598966,
          3.8826503
        ]
      },
      "id": "node/7162541326"
    },
    {
      "type": "Feature",
      "properties": {
        "@id": "node/7162541327",
        "amenity": "cafe"
      },
      "geometry": {
        "type": "Point",
        "coordinates": [
          11.5571694,
          3.8826013
        ]
      },
      "id": "node/7162541327"
    },
    {
      "type": "Feature",
      "properties": {
        "@id": "node/7162542551",
        "amenity": "cafe"
      },
      "geometry": {
        "type": "Point",
        "coordinates": [
          11.5647587,
          3.8832923
        ]
      },
      "id": "node/7162542551"
    },
    {
      "type": "Feature",
      "properties": {
        "@id": "node/7162542552",
        "amenity": "cafe"
      },
      "geometry": {
        "type": "Point",
        "coordinates": [
          11.5639848,
          3.8834105
        ]
      },
      "id": "node/7162542552"
    },
    {
      "type": "Feature",
      "properties": {
        "@id": "node/7162552407",
        "amenity": "cafe"
      },
      "geometry": {
        "type": "Point",
        "coordinates": [
          11.5595785,
          3.8865295
        ]
      },
      "id": "node/7162552407"
    },
    {
      "type": "Feature",
      "properties": {
        "@id": "node/7162552408",
        "amenity": "cafe"
      },
      "geometry": {
        "type": "Point",
        "coordinates": [
          11.5565969,
          3.8846723
        ]
      },
      "id": "node/7162552408"
    },
    {
      "type": "Feature",
      "properties": {
        "@id": "node/7162552409",
        "amenity": "cafe"
      },
      "geometry": {
        "type": "Point",
        "coordinates": [
          11.5590765,
          3.8860915
        ]
      },
      "id": "node/7162552409"
    },
    {
      "type": "Feature",
      "properties": {
        "@id": "node/7162552410",
        "amenity": "cafe"
      },
      "geometry": {
        "type": "Point",
        "coordinates": [
          11.5583052,
          3.8882069
        ]
      },
      "id": "node/7162552410"
    },
    {
      "type": "Feature",
      "properties": {
        "@id": "node/7162552411",
        "amenity": "cafe"
      },
      "geometry": {
        "type": "Point",
        "coordinates": [
          11.5625374,
          3.8862627
        ]
      },
      "id": "node/7162552411"
    },
    {
      "type": "Feature",
      "properties": {
        "@id": "node/7162554095",
        "amenity": "cafe",
        "name": "Cafe-restau Chez Abdoulaye"
      },
      "geometry": {
        "type": "Point",
        "coordinates": [
          11.5542105,
          3.879898
        ]
      },
      "id": "node/7162554095"
    },
    {
      "type": "Feature",
      "properties": {
        "@id": "node/7162554096",
        "amenity": "cafe"
      },
      "geometry": {
        "type": "Point",
        "coordinates": [
          11.5533991,
          3.8794116
        ]
      },
      "id": "node/7162554096"
    },
    {
      "type": "Feature",
      "properties": {
        "@id": "node/7162554097",
        "amenity": "cafe"
      },
      "geometry": {
        "type": "Point",
        "coordinates": [
          11.5555512,
          3.8803979
        ]
      },
      "id": "node/7162554097"
    },
    {
      "type": "Feature",
      "properties": {
        "@id": "node/7162554098",
        "amenity": "cafe"
      },
      "geometry": {
        "type": "Point",
        "coordinates": [
          11.5540416,
          3.8796545
        ]
      },
      "id": "node/7162554098"
    },
    {
      "type": "Feature",
      "properties": {
        "@id": "node/7162554099",
        "amenity": "cafe"
      },
      "geometry": {
        "type": "Point",
        "coordinates": [
          11.5544967,
          3.8796857
        ]
      },
      "id": "node/7162554099"
    },
    {
      "type": "Feature",
      "properties": {
        "@id": "node/7162554100",
        "amenity": "cafe"
      },
      "geometry": {
        "type": "Point",
        "coordinates": [
          11.5537778,
          3.8799581
        ]
      },
      "id": "node/7162554100"
    },
    {
      "type": "Feature",
      "properties": {
        "@id": "node/7162554101",
        "amenity": "cafe"
      },
      "geometry": {
        "type": "Point",
        "coordinates": [
          11.5563227,
          3.8794975
        ]
      },
      "id": "node/7162554101"
    },
    {
      "type": "Feature",
      "properties": {
        "@id": "node/7162585538",
        "amenity": "cafe"
      },
      "geometry": {
        "type": "Point",
        "coordinates": [
          11.5496973,
          3.8776771
        ]
      },
      "id": "node/7162585538"
    },
    {
      "type": "Feature",
      "properties": {
        "@id": "node/7162585539",
        "amenity": "cafe"
      },
      "geometry": {
        "type": "Point",
        "coordinates": [
          11.5522387,
          3.8776948
        ]
      },
      "id": "node/7162585539"
    },
    {
      "type": "Feature",
      "properties": {
        "@id": "node/7162585540",
        "amenity": "cafe"
      },
      "geometry": {
        "type": "Point",
        "coordinates": [
          11.5478176,
          3.8775904
        ]
      },
      "id": "node/7162585540"
    },
    {
      "type": "Feature",
      "properties": {
        "@id": "node/7162585541",
        "amenity": "cafe"
      },
      "geometry": {
        "type": "Point",
        "coordinates": [
          11.5524883,
          3.8770828
        ]
      },
      "id": "node/7162585541"
    },
    {
      "type": "Feature",
      "properties": {
        "@id": "node/7162585542",
        "amenity": "cafe"
      },
      "geometry": {
        "type": "Point",
        "coordinates": [
          11.5503072,
          3.8746211
        ]
      },
      "id": "node/7162585542"
    },
    {
      "type": "Feature",
      "properties": {
        "@id": "node/7162585543",
        "amenity": "cafe"
      },
      "geometry": {
        "type": "Point",
        "coordinates": [
          11.5501899,
          3.8745656
        ]
      },
      "id": "node/7162585543"
    },
    {
      "type": "Feature",
      "properties": {
        "@id": "node/7162585544",
        "amenity": "cafe"
      },
      "geometry": {
        "type": "Point",
        "coordinates": [
          11.5502078,
          3.8753883
        ]
      },
      "id": "node/7162585544"
    },
    {
      "type": "Feature",
      "properties": {
        "@id": "node/7162606901",
        "amenity": "cafe"
      },
      "geometry": {
        "type": "Point",
        "coordinates": [
          11.5443542,
          3.8798341
        ]
      },
      "id": "node/7162606901"
    },
    {
      "type": "Feature",
      "properties": {
        "@id": "node/7162606902",
        "amenity": "cafe"
      },
      "geometry": {
        "type": "Point",
        "coordinates": [
          11.5468034,
          3.881735
        ]
      },
      "id": "node/7162606902"
    },
    {
      "type": "Feature",
      "properties": {
        "@id": "node/7162620759",
        "amenity": "cafe"
      },
      "geometry": {
        "type": "Point",
        "coordinates": [
          11.5408585,
          3.8708923
        ]
      },
      "id": "node/7162620759"
    },
    {
      "type": "Feature",
      "properties": {
        "@id": "node/7162635923",
        "amenity": "cafe"
      },
      "geometry": {
        "type": "Point",
        "coordinates": [
          11.5433533,
          3.8711434
        ]
      },
      "id": "node/7162635923"
    },
    {
      "type": "Feature",
      "properties": {
        "@id": "node/7162635924",
        "amenity": "cafe"
      },
      "geometry": {
        "type": "Point",
        "coordinates": [
          11.5432765,
          3.8711305
        ]
      },
      "id": "node/7162635924"
    },
    {
      "type": "Feature",
      "properties": {
        "@id": "node/7162683452",
        "amenity": "cafe"
      },
      "geometry": {
        "type": "Point",
        "coordinates": [
          11.5397901,
          3.8730179
        ]
      },
      "id": "node/7162683452"
    },
    {
      "type": "Feature",
      "properties": {
        "@id": "node/7162683453",
        "amenity": "cafe"
      },
      "geometry": {
        "type": "Point",
        "coordinates": [
          11.5408002,
          3.8722374
        ]
      },
      "id": "node/7162683453"
    },
    {
      "type": "Feature",
      "properties": {
        "@id": "node/7162703999",
        "amenity": "cafe"
      },
      "geometry": {
        "type": "Point",
        "coordinates": [
          11.5453124,
          3.871311
        ]
      },
      "id": "node/7162703999"
    },
    {
      "type": "Feature",
      "properties": {
        "@id": "node/7162704000",
        "amenity": "cafe"
      },
      "geometry": {
        "type": "Point",
        "coordinates": [
          11.5467823,
          3.8719379
        ]
      },
      "id": "node/7162704000"
    },
    {
      "type": "Feature",
      "properties": {
        "@id": "node/7162736831",
        "amenity": "cafe"
      },
      "geometry": {
        "type": "Point",
        "coordinates": [
          11.5406132,
          3.8763329
        ]
      },
      "id": "node/7162736831"
    },
    {
      "type": "Feature",
      "properties": {
        "@id": "node/7162736832",
        "amenity": "cafe"
      },
      "geometry": {
        "type": "Point",
        "coordinates": [
          11.5406496,
          3.8763441
        ]
      },
      "id": "node/7162736832"
    },
    {
      "type": "Feature",
      "properties": {
        "@id": "node/7162736833",
        "amenity": "cafe"
      },
      "geometry": {
        "type": "Point",
        "coordinates": [
          11.5394082,
          3.8760437
        ]
      },
      "id": "node/7162736833"
    },
    {
      "type": "Feature",
      "properties": {
        "@id": "node/7162736834",
        "amenity": "cafe"
      },
      "geometry": {
        "type": "Point",
        "coordinates": [
          11.5407048,
          3.876362
        ]
      },
      "id": "node/7162736834"
    },
    {
      "type": "Feature",
      "properties": {
        "@id": "node/7162736835",
        "amenity": "cafe"
      },
      "geometry": {
        "type": "Point",
        "coordinates": [
          11.5394261,
          3.876248
        ]
      },
      "id": "node/7162736835"
    },
    {
      "type": "Feature",
      "properties": {
        "@id": "node/7162798188",
        "amenity": "cafe",
        "name": "Cafétéria"
      },
      "geometry": {
        "type": "Point",
        "coordinates": [
          11.5339249,
          3.8804398
        ]
      },
      "id": "node/7162798188"
    },
    {
      "type": "Feature",
      "properties": {
        "@id": "node/7162798189",
        "amenity": "cafe",
        "name": "Cafétéria"
      },
      "geometry": {
        "type": "Point",
        "coordinates": [
          11.5336834,
          3.8835256
        ]
      },
      "id": "node/7162798189"
    },
    {
      "type": "Feature",
      "properties": {
        "@id": "node/7162798190",
        "amenity": "cafe",
        "name": "Bookafé"
      },
      "geometry": {
        "type": "Point",
        "coordinates": [
          11.5335645,
          3.8790261
        ]
      },
      "id": "node/7162798190"
    },
    {
      "type": "Feature",
      "properties": {
        "@id": "node/7162798191",
        "amenity": "cafe",
        "name": "Bariso Bar"
      },
      "geometry": {
        "type": "Point",
        "coordinates": [
          11.5339037,
          3.8802253
        ]
      },
      "id": "node/7162798191"
    },
    {
      "type": "Feature",
      "properties": {
        "@id": "node/7162798192",
        "amenity": "cafe",
        "name": "Cafétéria"
      },
      "geometry": {
        "type": "Point",
        "coordinates": [
          11.5343429,
          3.8821483
        ]
      },
      "id": "node/7162798192"
    },
    {
      "type": "Feature",
      "properties": {
        "@id": "node/7163229397",
        "amenity": "clinic",
        "healthcare": "clinic",
        "name": "Centre Médical Ashyvic"
      },
      "geometry": {
        "type": "Point",
        "coordinates": [
          11.5297034,
          3.8619197
        ]
      },
      "id": "node/7163229397"
    },
    {
      "type": "Feature",
      "properties": {
        "@id": "node/7163242975",
        "amenity": "clinic",
        "healthcare": "clinic",
        "name": "Hôpital de District de Mvog Ada"
      },
      "geometry": {
        "type": "Point",
        "coordinates": [
          11.5272251,
          3.8637221
        ]
      },
      "id": "node/7163242975"
    },
    {
      "type": "Feature",
      "properties": {
        "@id": "node/7163243947",
        "amenity": "clinic",
        "healthcare": "clinic",
        "name": "Maeva Care Clinique"
      },
      "geometry": {
        "type": "Point",
        "coordinates": [
          11.5300085,
          3.8699567
        ]
      },
      "id": "node/7163243947"
    },
    {
      "type": "Feature",
      "properties": {
        "@id": "node/7163250219",
        "amenity": "clinic",
        "contact:phone": "(+237) 699338298",
        "healthcare": "clinic",
        "name": "Centre De Santé Main Douce-nhuka"
      },
      "geometry": {
        "type": "Point",
        "coordinates": [
          11.5326646,
          3.8663935
        ]
      },
      "id": "node/7163250219"
    },
    {
      "type": "Feature",
      "properties": {
        "@id": "node/7163252906",
        "amenity": "clinic",
        "healthcare": "clinic"
      },
      "geometry": {
        "type": "Point",
        "coordinates": [
          11.5382369,
          3.8693389
        ]
      },
      "id": "node/7163252906"
    },
    {
      "type": "Feature",
      "properties": {
        "@id": "node/7163267836",
        "amenity": "clinic",
        "healthcare": "clinic",
        "name": "Clinique Hope House"
      },
      "geometry": {
        "type": "Point",
        "coordinates": [
          11.5317453,
          3.869198
        ]
      },
      "id": "node/7163267836"
    },
    {
      "type": "Feature",
      "properties": {
        "@id": "node/7163299118",
        "amenity": "clinic",
        "healthcare": "clinic",
        "name": "Centre De Santé St Gok-pierre"
      },
      "geometry": {
        "type": "Point",
        "coordinates": [
          11.5378077,
          3.8696523
        ]
      },
      "id": "node/7163299118"
    },
    {
      "type": "Feature",
      "properties": {
        "@id": "node/7163309319",
        "amenity": "clinic",
        "healthcare": "clinic",
        "name": "Centre De Santé St Joseph"
      },
      "geometry": {
        "type": "Point",
        "coordinates": [
          11.5439741,
          3.8710118
        ]
      },
      "id": "node/7163309319"
    },
    {
      "type": "Feature",
      "properties": {
        "@id": "node/7163315005",
        "amenity": "clinic",
        "healthcare": "clinic"
      },
      "geometry": {
        "type": "Point",
        "coordinates": [
          11.5475053,
          3.8737788
        ]
      },
      "id": "node/7163315005"
    },
    {
      "type": "Feature",
      "properties": {
        "@id": "node/7163320099",
        "amenity": "clinic",
        "healthcare": "clinic"
      },
      "geometry": {
        "type": "Point",
        "coordinates": [
          11.5476823,
          3.8725037
        ]
      },
      "id": "node/7163320099"
    },
    {
      "type": "Feature",
      "properties": {
        "@id": "node/7163338070",
        "amenity": "clinic",
        "healthcare": "clinic",
        "name": "Centre Medical Sainte Bernadette"
      },
      "geometry": {
        "type": "Point",
        "coordinates": [
          11.5318559,
          3.8751938
        ]
      },
      "id": "node/7163338070"
    },
    {
      "type": "Feature",
      "properties": {
        "@id": "node/7163338977",
        "amenity": "clinic",
        "healthcare": "clinic",
        "name": "Sainte Thérèse"
      },
      "geometry": {
        "type": "Point",
        "coordinates": [
          11.5386553,
          3.8761726
        ]
      },
      "id": "node/7163338977"
    },
    {
      "type": "Feature",
      "properties": {
        "@id": "node/7163339590",
        "amenity": "clinic",
        "healthcare": "clinic",
        "name": "Maison De La Santé St Paul"
      },
      "geometry": {
        "type": "Point",
        "coordinates": [
          11.5433948,
          3.8757939
        ]
      },
      "id": "node/7163339590"
    },
    {
      "type": "Feature",
      "properties": {
        "@id": "node/7163354181",
        "amenity": "clinic",
        "healthcare": "clinic"
      },
      "geometry": {
        "type": "Point",
        "coordinates": [
          11.532448,
          3.8766001
        ]
      },
      "id": "node/7163354181"
    },
    {
      "type": "Feature",
      "properties": {
        "@id": "node/7163357955",
        "amenity": "clinic",
        "healthcare": "clinic",
        "name": "Kutenda Médical"
      },
      "geometry": {
        "type": "Point",
        "coordinates": [
          11.5411478,
          3.8760301
        ]
      },
      "id": "node/7163357955"
    },
    {
      "type": "Feature",
      "properties": {
        "@id": "node/7163372057",
        "amenity": "clinic",
        "name": "Virginia Anderson"
      },
      "geometry": {
        "type": "Point",
        "coordinates": [
          11.5560293,
          3.8792635
        ]
      },
      "id": "node/7163372057"
    },
    {
      "type": "Feature",
      "properties": {
        "@id": "node/7163373365",
        "amenity": "clinic",
        "healthcare": "clinic",
        "name": "Humanitaire"
      },
      "geometry": {
        "type": "Point",
        "coordinates": [
          11.5433519,
          3.8780485
        ]
      },
      "id": "node/7163373365"
    },
    {
      "type": "Feature",
      "properties": {
        "@id": "node/7163382839",
        "amenity": "clinic",
        "healthcare": "clinic",
        "name": "Cabinet Dentaire The Queen"
      },
      "geometry": {
        "type": "Point",
        "coordinates": [
          11.5388719,
          3.8805741
        ]
      },
      "id": "node/7163382839"
    },
    {
      "type": "Feature",
      "properties": {
        "@id": "node/7163386473",
        "amenity": "clinic",
        "healthcare": "clinic",
        "name": "St Thomas"
      },
      "geometry": {
        "type": "Point",
        "coordinates": [
          11.53314,
          3.8893227
        ]
      },
      "id": "node/7163386473"
    },
    {
      "type": "Feature",
      "properties": {
        "@id": "node/7163391027",
        "amenity": "clinic",
        "contact:phone": "(+237) 69223175",
        "healthcare": "clinic",
        "name": "Gasi"
      },
      "geometry": {
        "type": "Point",
        "coordinates": [
          11.5443527,
          3.8798816
        ]
      },
      "id": "node/7163391027"
    },
    {
      "type": "Feature",
      "properties": {
        "@id": "node/7163393385",
        "amenity": "clinic",
        "healthcare": "clinic",
        "name": "Gic Santé Moko Benis"
      },
      "geometry": {
        "type": "Point",
        "coordinates": [
          11.5330937,
          3.8831143
        ]
      },
      "id": "node/7163393385"
    },
    {
      "type": "Feature",
      "properties": {
        "@id": "node/7163393978",
        "amenity": "clinic",
        "name": "Le Bien-être De Nkolmesseng"
      },
      "geometry": {
        "type": "Point",
        "coordinates": [
          11.5601867,
          3.8782345
        ]
      },
      "id": "node/7163393978"
    },
    {
      "type": "Feature",
      "properties": {
        "@id": "node/7163395313",
        "amenity": "clinic",
        "healthcare": "clinic",
        "name": "Centre Médico Sanitaire De L'espoir"
      },
      "geometry": {
        "type": "Point",
        "coordinates": [
          11.5572692,
          3.8815749
        ]
      },
      "id": "node/7163395313"
    },
    {
      "type": "Feature",
      "properties": {
        "@id": "node/7163399807",
        "amenity": "clinic",
        "healthcare": "clinic",
        "name": "Citée Des Anges"
      },
      "geometry": {
        "type": "Point",
        "coordinates": [
          11.567194,
          3.8914776
        ]
      },
      "id": "node/7163399807"
    },
    {
      "type": "Feature",
      "properties": {
        "@id": "node/7163406522",
        "amenity": "clinic",
        "name": "La Main Douce Plus"
      },
      "geometry": {
        "type": "Point",
        "coordinates": [
          11.5616026,
          3.87999
        ]
      },
      "id": "node/7163406522"
    },
    {
      "type": "Feature",
      "properties": {
        "@id": "node/7163406954",
        "amenity": "clinic",
        "name": "L'espoir Santé"
      },
      "geometry": {
        "type": "Point",
        "coordinates": [
          11.5565852,
          3.8802372
        ]
      },
      "id": "node/7163406954"
    },
    {
      "type": "Feature",
      "properties": {
        "@id": "node/7163407162",
        "amenity": "clinic",
        "name": "Gic Santé"
      },
      "geometry": {
        "type": "Point",
        "coordinates": [
          11.5571572,
          3.8799472
        ]
      },
      "id": "node/7163407162"
    },
    {
      "type": "Feature",
      "properties": {
        "@id": "node/7163407358",
        "amenity": "clinic",
        "healthcare": "clinic"
      },
      "geometry": {
        "type": "Point",
        "coordinates": [
          11.5386323,
          3.8843195
        ]
      },
      "id": "node/7163407358"
    },
    {
      "type": "Feature",
      "properties": {
        "@id": "node/7163412436",
        "amenity": "clinic",
        "name": "Centre De Sante La Gloire De Dieu"
      },
      "geometry": {
        "type": "Point",
        "coordinates": [
          11.5554647,
          3.8803881
        ]
      },
      "id": "node/7163412436"
    },
    {
      "type": "Feature",
      "properties": {
        "@id": "node/7163416424",
        "amenity": "clinic",
        "healthcare": "clinic",
        "name": "Sainte Romaine"
      },
      "geometry": {
        "type": "Point",
        "coordinates": [
          11.5503507,
          3.8803282
        ]
      },
      "id": "node/7163416424"
    },
    {
      "type": "Feature",
      "properties": {
        "@id": "node/7163416455",
        "amenity": "clinic",
        "healthcare": "clinic",
        "name": "Centre De Santé Hoch"
      },
      "geometry": {
        "type": "Point",
        "coordinates": [
          11.5570707,
          3.8821195
        ]
      },
      "id": "node/7163416455"
    },
    {
      "type": "Feature",
      "properties": {
        "@id": "node/7163418248",
        "amenity": "clinic",
        "healthcare": "clinic"
      },
      "geometry": {
        "type": "Point",
        "coordinates": [
          11.5655565,
          3.8875472
        ]
      },
      "id": "node/7163418248"
    },
    {
      "type": "Feature",
      "properties": {
        "@id": "node/7163421043",
        "amenity": "clinic",
        "healthcare": "clinic"
      },
      "geometry": {
        "type": "Point",
        "coordinates": [
          11.5335014,
          3.8859489
        ]
      },
      "id": "node/7163421043"
    },
    {
      "type": "Feature",
      "properties": {
        "@id": "node/7163421656",
        "amenity": "clinic",
        "healthcare": "clinic"
      },
      "geometry": {
        "type": "Point",
        "coordinates": [
          11.5639479,
          3.8832561
        ]
      },
      "id": "node/7163421656"
    },
    {
      "type": "Feature",
      "properties": {
        "@id": "node/7163428860",
        "amenity": "clinic",
        "healthcare": "clinic",
        "name": "Centre De Santé Intégré Saint Maurice"
      },
      "geometry": {
        "type": "Point",
        "coordinates": [
          11.5355433,
          3.8853622
        ]
      },
      "id": "node/7163428860"
    },
    {
      "type": "Feature",
      "properties": {
        "@id": "node/7163431628",
        "amenity": "clinic",
        "healthcare": "clinic",
        "name": "La Paix Des Anges"
      },
      "geometry": {
        "type": "Point",
        "coordinates": [
          11.5610984,
          3.8847149
        ]
      },
      "id": "node/7163431628"
    },
    {
      "type": "Feature",
      "properties": {
        "@id": "node/7163432402",
        "amenity": "clinic",
        "healthcare": "clinic",
        "name": "Mal Barr"
      },
      "geometry": {
        "type": "Point",
        "coordinates": [
          11.5491327,
          3.8846109
        ]
      },
      "id": "node/7163432402"
    },
    {
      "type": "Feature",
      "properties": {
        "@id": "node/7163433218",
        "amenity": "clinic",
        "healthcare": "clinic"
      },
      "geometry": {
        "type": "Point",
        "coordinates": [
          11.5499038,
          3.8849427
        ]
      },
      "id": "node/7163433218"
    },
    {
      "type": "Feature",
      "properties": {
        "@id": "node/7163437886",
        "tourism": "museum"
      },
      "geometry": {
        "type": "Point",
        "coordinates": [
          11.4701804,
          3.8722988
        ]
      },
      "id": "node/7163437886"
    },
    {
      "type": "Feature",
      "properties": {
        "@id": "node/7163439197",
        "amenity": "cafe"
      },
      "geometry": {
        "type": "Point",
        "coordinates": [
          11.539718,
          3.8874666
        ]
      },
      "id": "node/7163439197"
    },
    {
      "type": "Feature",
      "properties": {
        "@id": "node/7163439198",
        "amenity": "cafe",
        "name": "Cafétéria"
      },
      "geometry": {
        "type": "Point",
        "coordinates": [
          11.5343726,
          3.8862424
        ]
      },
      "id": "node/7163439198"
    },
    {
      "type": "Feature",
      "properties": {
        "@id": "node/7163439199",
        "amenity": "cafe"
      },
      "geometry": {
        "type": "Point",
        "coordinates": [
          11.5403166,
          3.8881099
        ]
      },
      "id": "node/7163439199"
    },
    {
      "type": "Feature",
      "properties": {
        "@id": "node/7163439200",
        "amenity": "cafe"
      },
      "geometry": {
        "type": "Point",
        "coordinates": [
          11.5402291,
          3.8883926
        ]
      },
      "id": "node/7163439200"
    },
    {
      "type": "Feature",
      "properties": {
        "@id": "node/7163439201",
        "amenity": "cafe",
        "name": "Cafétéria"
      },
      "geometry": {
        "type": "Point",
        "coordinates": [
          11.5358478,
          3.8859557
        ]
      },
      "id": "node/7163439201"
    },
    {
      "type": "Feature",
      "properties": {
        "@id": "node/7163439202",
        "amenity": "cafe"
      },
      "geometry": {
        "type": "Point",
        "coordinates": [
          11.534278,
          3.887079
        ]
      },
      "id": "node/7163439202"
    },
    {
      "type": "Feature",
      "properties": {
        "@id": "node/7163439203",
        "amenity": "cafe",
        "name": "Cafétéria"
      },
      "geometry": {
        "type": "Point",
        "coordinates": [
          11.5370129,
          3.8857346
        ]
      },
      "id": "node/7163439203"
    },
    {
      "type": "Feature",
      "properties": {
        "@id": "node/7163439204",
        "amenity": "cafe",
        "name": "Cafetaria"
      },
      "geometry": {
        "type": "Point",
        "coordinates": [
          11.5361652,
          3.8854219
        ]
      },
      "id": "node/7163439204"
    },
    {
      "type": "Feature",
      "properties": {
        "@id": "node/7163440131",
        "contact:phone": "(+237) 675924304 / 2229144",
        "name": "Rustick-home Musée Tmc",
        "tourism": "museum"
      },
      "geometry": {
        "type": "Point",
        "coordinates": [
          11.4830667,
          3.8783899
        ]
      },
      "id": "node/7163440131"
    },
    {
      "type": "Feature",
      "properties": {
        "@id": "node/7163442245",
        "amenity": "cafe"
      },
      "geometry": {
        "type": "Point",
        "coordinates": [
          11.5331633,
          3.8909221
        ]
      },
      "id": "node/7163442245"
    },
    {
      "type": "Feature",
      "properties": {
        "@id": "node/7163475485",
        "amenity": "cafe"
      },
      "geometry": {
        "type": "Point",
        "coordinates": [
          11.5421693,
          3.8933305
        ]
      },
      "id": "node/7163475485"
    },
    {
      "type": "Feature",
      "properties": {
        "@id": "node/7163475486",
        "amenity": "cafe"
      },
      "geometry": {
        "type": "Point",
        "coordinates": [
          11.540176,
          3.8923014
        ]
      },
      "id": "node/7163475486"
    },
    {
      "type": "Feature",
      "properties": {
        "@id": "node/7163475487",
        "amenity": "cafe"
      },
      "geometry": {
        "type": "Point",
        "coordinates": [
          11.5389498,
          3.8931791
        ]
      },
      "id": "node/7163475487"
    },
    {
      "type": "Feature",
      "properties": {
        "@id": "node/7163475488",
        "amenity": "cafe",
        "name": "Cafe- Restau Super Kossam"
      },
      "geometry": {
        "type": "Point",
        "coordinates": [
          11.5389863,
          3.8933186
        ]
      },
      "id": "node/7163475488"
    },
    {
      "type": "Feature",
      "properties": {
        "@id": "node/7163475489",
        "amenity": "cafe"
      },
      "geometry": {
        "type": "Point",
        "coordinates": [
          11.5393918,
          3.8937917
        ]
      },
      "id": "node/7163475489"
    },
    {
      "type": "Feature",
      "properties": {
        "@id": "node/7163477307",
        "amenity": "cafe"
      },
      "geometry": {
        "type": "Point",
        "coordinates": [
          11.5455627,
          3.8896529
        ]
      },
      "id": "node/7163477307"
    },
    {
      "type": "Feature",
      "properties": {
        "@id": "node/7163477308",
        "amenity": "cafe"
      },
      "geometry": {
        "type": "Point",
        "coordinates": [
          11.5454266,
          3.8921264
        ]
      },
      "id": "node/7163477308"
    },
    {
      "type": "Feature",
      "properties": {
        "@id": "node/7163477309",
        "amenity": "cafe"
      },
      "geometry": {
        "type": "Point",
        "coordinates": [
          11.5470808,
          3.8929086
        ]
      },
      "id": "node/7163477309"
    },
    {
      "type": "Feature",
      "properties": {
        "@id": "node/7163477310",
        "amenity": "cafe",
        "name": "Motongor Café"
      },
      "geometry": {
        "type": "Point",
        "coordinates": [
          11.5470793,
          3.8921476
        ]
      },
      "id": "node/7163477310"
    },
    {
      "type": "Feature",
      "properties": {
        "@id": "node/7163492872",
        "amenity": "cafe"
      },
      "geometry": {
        "type": "Point",
        "coordinates": [
          11.5408781,
          3.8965807
        ]
      },
      "id": "node/7163492872"
    },
    {
      "type": "Feature",
      "properties": {
        "@id": "node/7163492873",
        "amenity": "cafe"
      },
      "geometry": {
        "type": "Point",
        "coordinates": [
          11.5407116,
          3.8970755
        ]
      },
      "id": "node/7163492873"
    },
    {
      "type": "Feature",
      "properties": {
        "@id": "node/7163492874",
        "amenity": "cafe"
      },
      "geometry": {
        "type": "Point",
        "coordinates": [
          11.5398242,
          3.8972415
        ]
      },
      "id": "node/7163492874"
    },
    {
      "type": "Feature",
      "properties": {
        "@id": "node/7163492875",
        "amenity": "cafe"
      },
      "geometry": {
        "type": "Point",
        "coordinates": [
          11.540698,
          3.8971181
        ]
      },
      "id": "node/7163492875"
    },
    {
      "type": "Feature",
      "properties": {
        "@id": "node/7163523122",
        "amenity": "cafe"
      },
      "geometry": {
        "type": "Point",
        "coordinates": [
          11.5391993,
          3.8963538
        ]
      },
      "id": "node/7163523122"
    },
    {
      "type": "Feature",
      "properties": {
        "@id": "node/7163523123",
        "amenity": "cafe"
      },
      "geometry": {
        "type": "Point",
        "coordinates": [
          11.5387286,
          3.8980993
        ]
      },
      "id": "node/7163523123"
    },
    {
      "type": "Feature",
      "properties": {
        "@id": "node/7163538204",
        "amenity": "cafe"
      },
      "geometry": {
        "type": "Point",
        "coordinates": [
          11.5448395,
          3.8990171
        ]
      },
      "id": "node/7163538204"
    },
    {
      "type": "Feature",
      "properties": {
        "@id": "node/7163538205",
        "amenity": "cafe"
      },
      "geometry": {
        "type": "Point",
        "coordinates": [
          11.5451255,
          3.8988798
        ]
      },
      "id": "node/7163538205"
    },
    {
      "type": "Feature",
      "properties": {
        "@id": "node/7163538206",
        "amenity": "cafe",
        "name": "Café Resto Rhema"
      },
      "geometry": {
        "type": "Point",
        "coordinates": [
          11.545252,
          3.8989332
        ]
      },
      "id": "node/7163538206"
    },
    {
      "type": "Feature",
      "properties": {
        "@id": "node/7163538207",
        "amenity": "cafe"
      },
      "geometry": {
        "type": "Point",
        "coordinates": [
          11.5453138,
          3.8989574
        ]
      },
      "id": "node/7163538207"
    },
    {
      "type": "Feature",
      "properties": {
        "@id": "node/7163538208",
        "amenity": "cafe"
      },
      "geometry": {
        "type": "Point",
        "coordinates": [
          11.5438691,
          3.8976842
        ]
      },
      "id": "node/7163538208"
    },
    {
      "type": "Feature",
      "properties": {
        "@id": "node/7163562958",
        "amenity": "cafe",
        "name": "Youssouf Wat Le Partener"
      },
      "geometry": {
        "type": "Point",
        "coordinates": [
          11.5468988,
          3.9007535
        ]
      },
      "id": "node/7163562958"
    },
    {
      "type": "Feature",
      "properties": {
        "@id": "node/7163562959",
        "amenity": "cafe"
      },
      "geometry": {
        "type": "Point",
        "coordinates": [
          11.5461578,
          3.9000594
        ]
      },
      "id": "node/7163562959"
    },
    {
      "type": "Feature",
      "properties": {
        "@id": "node/7163562960",
        "amenity": "cafe"
      },
      "geometry": {
        "type": "Point",
        "coordinates": [
          11.5458767,
          3.9002941
        ]
      },
      "id": "node/7163562960"
    },
    {
      "type": "Feature",
      "properties": {
        "@id": "node/7163562961",
        "amenity": "cafe",
        "name": "Café Resto Les Francins"
      },
      "geometry": {
        "type": "Point",
        "coordinates": [
          11.5469673,
          3.8998157
        ]
      },
      "id": "node/7163562961"
    },
    {
      "type": "Feature",
      "properties": {
        "@id": "node/7163637660",
        "amenity": "cafe",
        "name": "Cafétéria"
      },
      "geometry": {
        "type": "Point",
        "coordinates": [
          11.5468427,
          3.9014747
        ]
      },
      "id": "node/7163637660"
    },
    {
      "type": "Feature",
      "properties": {
        "@id": "node/7163637661",
        "amenity": "cafe"
      },
      "geometry": {
        "type": "Point",
        "coordinates": [
          11.5462984,
          3.9023026
        ]
      },
      "id": "node/7163637661"
    },
    {
      "type": "Feature",
      "properties": {
        "@id": "node/7163637662",
        "amenity": "cafe"
      },
      "geometry": {
        "type": "Point",
        "coordinates": [
          11.5455814,
          3.9022873
        ]
      },
      "id": "node/7163637662"
    },
    {
      "type": "Feature",
      "properties": {
        "@id": "node/7163637663",
        "amenity": "cafe"
      },
      "geometry": {
        "type": "Point",
        "coordinates": [
          11.5456245,
          3.9016199
        ]
      },
      "id": "node/7163637663"
    },
    {
      "type": "Feature",
      "properties": {
        "@id": "node/7163637664",
        "amenity": "cafe"
      },
      "geometry": {
        "type": "Point",
        "coordinates": [
          11.5467196,
          3.9023883
        ]
      },
      "id": "node/7163637664"
    },
    {
      "type": "Feature",
      "properties": {
        "@id": "node/7163681642",
        "amenity": "cafe"
      },
      "geometry": {
        "type": "Point",
        "coordinates": [
          11.5491961,
          3.8984526
        ]
      },
      "id": "node/7163681642"
    },
    {
      "type": "Feature",
      "properties": {
        "@id": "node/7163681643",
        "amenity": "cafe",
        "name": "Cafétéria"
      },
      "geometry": {
        "type": "Point",
        "coordinates": [
          11.5498438,
          3.8971422
        ]
      },
      "id": "node/7163681643"
    },
    {
      "type": "Feature",
      "properties": {
        "@id": "node/7163681644",
        "amenity": "cafe"
      },
      "geometry": {
        "type": "Point",
        "coordinates": [
          11.5489316,
          3.8967348
        ]
      },
      "id": "node/7163681644"
    },
    {
      "type": "Feature",
      "properties": {
        "@id": "node/7163681645",
        "amenity": "cafe"
      },
      "geometry": {
        "type": "Point",
        "coordinates": [
          11.5494471,
          3.8964234
        ]
      },
      "id": "node/7163681645"
    },
    {
      "type": "Feature",
      "properties": {
        "@id": "node/7163681646",
        "amenity": "cafe"
      },
      "geometry": {
        "type": "Point",
        "coordinates": [
          11.5497483,
          3.8963016
        ]
      },
      "id": "node/7163681646"
    },
    {
      "type": "Feature",
      "properties": {
        "@id": "node/7163681647",
        "amenity": "cafe"
      },
      "geometry": {
        "type": "Point",
        "coordinates": [
          11.5488055,
          3.8980417
        ]
      },
      "id": "node/7163681647"
    },
    {
      "type": "Feature",
      "properties": {
        "@id": "node/7163700941",
        "amenity": "cafe",
        "name": "Cafétéria"
      },
      "geometry": {
        "type": "Point",
        "coordinates": [
          11.5500082,
          3.8994244
        ]
      },
      "id": "node/7163700941"
    },
    {
      "type": "Feature",
      "properties": {
        "@id": "node/7163700942",
        "amenity": "cafe",
        "name": "Cafétéria"
      },
      "geometry": {
        "type": "Point",
        "coordinates": [
          11.5516045,
          3.899274
        ]
      },
      "id": "node/7163700942"
    },
    {
      "type": "Feature",
      "properties": {
        "@id": "node/7163700943",
        "amenity": "cafe",
        "name": "Cafétéria"
      },
      "geometry": {
        "type": "Point",
        "coordinates": [
          11.550817,
          3.8993538
        ]
      },
      "id": "node/7163700943"
    },
    {
      "type": "Feature",
      "properties": {
        "@id": "node/7163727140",
        "amenity": "cafe"
      },
      "geometry": {
        "type": "Point",
        "coordinates": [
          11.5583488,
          3.9006871
        ]
      },
      "id": "node/7163727140"
    },
    {
      "type": "Feature",
      "properties": {
        "@id": "node/7163727141",
        "amenity": "cafe"
      },
      "geometry": {
        "type": "Point",
        "coordinates": [
          11.5582123,
          3.9006328
        ]
      },
      "id": "node/7163727141"
    },
    {
      "type": "Feature",
      "properties": {
        "@id": "node/7163727142",
        "amenity": "cafe"
      },
      "geometry": {
        "type": "Point",
        "coordinates": [
          11.558244,
          3.9006413
        ]
      },
      "id": "node/7163727142"
    },
    {
      "type": "Feature",
      "properties": {
        "@id": "node/7163727143",
        "amenity": "cafe"
      },
      "geometry": {
        "type": "Point",
        "coordinates": [
          11.5582692,
          3.900651
        ]
      },
      "id": "node/7163727143"
    },
    {
      "type": "Feature",
      "properties": {
        "@id": "node/7163727144",
        "amenity": "cafe"
      },
      "geometry": {
        "type": "Point",
        "coordinates": [
          11.5582993,
          3.9006635
        ]
      },
      "id": "node/7163727144"
    },
    {
      "type": "Feature",
      "properties": {
        "@id": "node/7163727145",
        "amenity": "cafe"
      },
      "geometry": {
        "type": "Point",
        "coordinates": [
          11.5583778,
          3.9006964
        ]
      },
      "id": "node/7163727145"
    },
    {
      "type": "Feature",
      "properties": {
        "@id": "node/7163730505",
        "amenity": "cafe"
      },
      "geometry": {
        "type": "Point",
        "coordinates": [
          11.5599083,
          3.9015626
        ]
      },
      "id": "node/7163730505"
    },
    {
      "type": "Feature",
      "properties": {
        "@id": "node/7163730506",
        "amenity": "cafe",
        "name": "Cafétéria"
      },
      "geometry": {
        "type": "Point",
        "coordinates": [
          11.5583033,
          3.9017276
        ]
      },
      "id": "node/7163730506"
    },
    {
      "type": "Feature",
      "properties": {
        "@id": "node/7163774153",
        "amenity": "cafe"
      },
      "geometry": {
        "type": "Point",
        "coordinates": [
          11.5665704,
          3.9073309
        ]
      },
      "id": "node/7163774153"
    },
    {
      "type": "Feature",
      "properties": {
        "@id": "node/7163776642",
        "amenity": "cafe",
        "name": "Cafétéria"
      },
      "geometry": {
        "type": "Point",
        "coordinates": [
          11.5559763,
          3.8998703
        ]
      },
      "id": "node/7163776642"
    },
    {
      "type": "Feature",
      "properties": {
        "@id": "node/7163776643",
        "amenity": "cafe"
      },
      "geometry": {
        "type": "Point",
        "coordinates": [
          11.5564565,
          3.9004208
        ]
      },
      "id": "node/7163776643"
    },
    {
      "type": "Feature",
      "properties": {
        "@id": "node/7163805262",
        "amenity": "cafe"
      },
      "geometry": {
        "type": "Point",
        "coordinates": [
          11.5591205,
          3.9026426
        ]
      },
      "id": "node/7163805262"
    },
    {
      "type": "Feature",
      "properties": {
        "@id": "node/7163805263",
        "amenity": "cafe"
      },
      "geometry": {
        "type": "Point",
        "coordinates": [
          11.5599357,
          3.9039073
        ]
      },
      "id": "node/7163805263"
    },
    {
      "type": "Feature",
      "properties": {
        "@id": "node/7163813242",
        "amenity": "cafe"
      },
      "geometry": {
        "type": "Point",
        "coordinates": [
          11.5620654,
          3.9018295
        ]
      },
      "id": "node/7163813242"
    },
    {
      "type": "Feature",
      "properties": {
        "@id": "node/7163813243",
        "amenity": "cafe"
      },
      "geometry": {
        "type": "Point",
        "coordinates": [
          11.562275,
          3.9013222
        ]
      },
      "id": "node/7163813243"
    },
    {
      "type": "Feature",
      "properties": {
        "@id": "node/7163822335",
        "amenity": "cafe"
      },
      "geometry": {
        "type": "Point",
        "coordinates": [
          11.5652242,
          3.906616
        ]
      },
      "id": "node/7163822335"
    },
    {
      "type": "Feature",
      "properties": {
        "@id": "node/7163822336",
        "amenity": "cafe",
        "name": "K M"
      },
      "geometry": {
        "type": "Point",
        "coordinates": [
          11.5635661,
          3.9077457
        ]
      },
      "id": "node/7163822336"
    },
    {
      "type": "Feature",
      "properties": {
        "@id": "node/7163822337",
        "amenity": "cafe"
      },
      "geometry": {
        "type": "Point",
        "coordinates": [
          11.5627801,
          3.9056764
        ]
      },
      "id": "node/7163822337"
    },
    {
      "type": "Feature",
      "properties": {
        "@id": "node/7163841596",
        "amenity": "cafe"
      },
      "geometry": {
        "type": "Point",
        "coordinates": [
          11.5686697,
          3.9083257
        ]
      },
      "id": "node/7163841596"
    },
    {
      "type": "Feature",
      "properties": {
        "@id": "node/7163841597",
        "amenity": "cafe"
      },
      "geometry": {
        "type": "Point",
        "coordinates": [
          11.5695186,
          3.9088572
        ]
      },
      "id": "node/7163841597"
    },
    {
      "type": "Feature",
      "properties": {
        "@id": "node/7163841598",
        "amenity": "cafe",
        "name": "Chez M.a"
      },
      "geometry": {
        "type": "Point",
        "coordinates": [
          11.569598,
          3.9086542
        ]
      },
      "id": "node/7163841598"
    },
    {
      "type": "Feature",
      "properties": {
        "@id": "node/7163841599",
        "amenity": "cafe"
      },
      "geometry": {
        "type": "Point",
        "coordinates": [
          11.5691466,
          3.9091877
        ]
      },
      "id": "node/7163841599"
    },
    {
      "type": "Feature",
      "properties": {
        "@id": "node/7163841600",
        "amenity": "cafe"
      },
      "geometry": {
        "type": "Point",
        "coordinates": [
          11.5693594,
          3.9093199
        ]
      },
      "id": "node/7163841600"
    },
    {
      "type": "Feature",
      "properties": {
        "@id": "node/7163869858",
        "amenity": "cafe",
        "name": "Café Le Pelerin"
      },
      "geometry": {
        "type": "Point",
        "coordinates": [
          11.5615616,
          3.9114062
        ]
      },
      "id": "node/7163869858"
    },
    {
      "type": "Feature",
      "properties": {
        "@id": "node/7163869859",
        "amenity": "cafe"
      },
      "geometry": {
        "type": "Point",
        "coordinates": [
          11.5617302,
          3.9125972
        ]
      },
      "id": "node/7163869859"
    },
    {
      "type": "Feature",
      "properties": {
        "@id": "node/7163869860",
        "amenity": "cafe"
      },
      "geometry": {
        "type": "Point",
        "coordinates": [
          11.5644873,
          3.9131944
        ]
      },
      "id": "node/7163869860"
    },
    {
      "type": "Feature",
      "properties": {
        "@id": "node/7163869861",
        "amenity": "cafe",
        "name": "Cafe Resto Dilan"
      },
      "geometry": {
        "type": "Point",
        "coordinates": [
          11.5611959,
          3.9110369
        ]
      },
      "id": "node/7163869861"
    },
    {
      "type": "Feature",
      "properties": {
        "@id": "node/7163893784",
        "amenity": "cafe"
      },
      "geometry": {
        "type": "Point",
        "coordinates": [
          11.5674521,
          3.8913834
        ]
      },
      "id": "node/7163893784"
    },
    {
      "type": "Feature",
      "properties": {
        "@id": "node/7163903822",
        "amenity": "cafe",
        "name": "Delice Cafe Akwa Chez Pasto"
      },
      "geometry": {
        "type": "Point",
        "coordinates": [
          11.5686095,
          3.8989767
        ]
      },
      "id": "node/7163903822"
    },
    {
      "type": "Feature",
      "properties": {
        "@id": "node/7163903823",
        "amenity": "cafe"
      },
      "geometry": {
        "type": "Point",
        "coordinates": [
          11.5691989,
          3.8979093
        ]
      },
      "id": "node/7163903823"
    },
    {
      "type": "Feature",
      "properties": {
        "@id": "node/7163903824",
        "amenity": "cafe"
      },
      "geometry": {
        "type": "Point",
        "coordinates": [
          11.5686305,
          3.8985447
        ]
      },
      "id": "node/7163903824"
    },
    {
      "type": "Feature",
      "properties": {
        "@id": "node/7163903825",
        "amenity": "cafe"
      },
      "geometry": {
        "type": "Point",
        "coordinates": [
          11.5686906,
          3.8969345
        ]
      },
      "id": "node/7163903825"
    },
    {
      "type": "Feature",
      "properties": {
        "@id": "node/7163903826",
        "amenity": "cafe"
      },
      "geometry": {
        "type": "Point",
        "coordinates": [
          11.568465,
          3.8989418
        ]
      },
      "id": "node/7163903826"
    },
    {
      "type": "Feature",
      "properties": {
        "@id": "node/7163905542",
        "amenity": "cafe"
      },
      "geometry": {
        "type": "Point",
        "coordinates": [
          11.5658122,
          3.8996081
        ]
      },
      "id": "node/7163905542"
    },
    {
      "type": "Feature",
      "properties": {
        "@id": "node/7163943485",
        "amenity": "cafe"
      },
      "geometry": {
        "type": "Point",
        "coordinates": [
          11.5704043,
          3.8894057
        ]
      },
      "id": "node/7163943485"
    },
    {
      "type": "Feature",
      "properties": {
        "@id": "node/7163943486",
        "amenity": "cafe"
      },
      "geometry": {
        "type": "Point",
        "coordinates": [
          11.5686093,
          3.8897063
        ]
      },
      "id": "node/7163943486"
    },
    {
      "type": "Feature",
      "properties": {
        "@id": "node/7163943487",
        "amenity": "cafe"
      },
      "geometry": {
        "type": "Point",
        "coordinates": [
          11.5668036,
          3.8913508
        ]
      },
      "id": "node/7163943487"
    },
    {
      "type": "Feature",
      "properties": {
        "@id": "node/7163943488",
        "amenity": "cafe"
      },
      "geometry": {
        "type": "Point",
        "coordinates": [
          11.5651203,
          3.8914073
        ]
      },
      "id": "node/7163943488"
    },
    {
      "type": "Feature",
      "properties": {
        "@id": "node/7163943489",
        "amenity": "cafe"
      },
      "geometry": {
        "type": "Point",
        "coordinates": [
          11.5649231,
          3.8913806
        ]
      },
      "id": "node/7163943489"
    },
    {
      "type": "Feature",
      "properties": {
        "@id": "node/7164472394",
        "name": "Parc",
        "tourism": "zoo"
      },
      "geometry": {
        "type": "Point",
        "coordinates": [
          11.4517609,
          3.8731325
        ]
      },
      "id": "node/7164472394"
    },
    {
      "type": "Feature",
      "properties": {
        "@id": "node/7164532395",
        "amenity": "pharmacy"
      },
      "geometry": {
        "type": "Point",
        "coordinates": [
          11.4506443,
          3.9005657
        ]
      },
      "id": "node/7164532395"
    },
    {
      "type": "Feature",
      "properties": {
        "@id": "node/7164533753",
        "amenity": "pharmacy",
        "name": "Pharmacie Du Bleu"
      },
      "geometry": {
        "type": "Point",
        "coordinates": [
          11.4506189,
          3.880537
        ]
      },
      "id": "node/7164533753"
    },
    {
      "type": "Feature",
      "properties": {
        "@id": "node/7164535317",
        "amenity": "pharmacy"
      },
      "geometry": {
        "type": "Point",
        "coordinates": [
          11.4607343,
          3.889715
        ]
      },
      "id": "node/7164535317"
    },
    {
      "type": "Feature",
      "properties": {
        "@id": "node/7164538741",
        "amenity": "pharmacy"
      },
      "geometry": {
        "type": "Point",
        "coordinates": [
          11.4549969,
          3.8972828
        ]
      },
      "id": "node/7164538741"
    },
    {
      "type": "Feature",
      "properties": {
        "@id": "node/7164542361",
        "amenity": "pharmacy",
        "healthcare": "pharmacy",
        "name": "La Renaissance"
      },
      "geometry": {
        "type": "Point",
        "coordinates": [
          11.4679932,
          3.8825423
        ]
      },
      "id": "node/7164542361"
    },
    {
      "type": "Feature",
      "properties": {
        "@id": "node/7165640044",
        "amenity": "clinic",
        "healthcare": "clinic",
        "name": "Clinique Du 6ème Bonheur"
      },
      "geometry": {
        "type": "Point",
        "coordinates": [
          11.5416349,
          3.8732088
        ]
      },
      "id": "node/7165640044"
    },
    {
      "type": "Feature",
      "properties": {
        "@id": "node/7165640045",
        "amenity": "clinic",
        "healthcare": "clinic",
        "name": "En Elyon"
      },
      "geometry": {
        "type": "Point",
        "coordinates": [
          11.5432261,
          3.8730818
        ]
      },
      "id": "node/7165640045"
    },
    {
      "type": "Feature",
      "properties": {
        "@id": "node/7165664871",
        "amenity": "clinic",
        "healthcare": "clinic",
        "name": "Clinique Médicale Enfants Malades"
      },
      "geometry": {
        "type": "Point",
        "coordinates": [
          11.5307381,
          3.8722548
        ]
      },
      "id": "node/7165664871"
    },
    {
      "type": "Feature",
      "properties": {
        "@id": "node/7165682017",
        "addr:postcode": "Bp. 4676 yaoundé",
        "amenity": "clinic",
        "contact:phone": "(+237) 2012337",
        "healthcare": "clinic",
        "name": "Centre Médico Chirurgical De L'espoir"
      },
      "geometry": {
        "type": "Point",
        "coordinates": [
          11.5359462,
          3.8731241
        ]
      },
      "id": "node/7165682017"
    },
    {
      "type": "Feature",
      "properties": {
        "@id": "node/7165682018",
        "amenity": "clinic",
        "healthcare": "clinic",
        "name": "Medicy"
      },
      "geometry": {
        "type": "Point",
        "coordinates": [
          11.5363297,
          3.8723065
        ]
      },
      "id": "node/7165682018"
    },
    {
      "type": "Feature",
      "properties": {
        "@id": "node/7165682019",
        "amenity": "clinic",
        "contact:phone": "(+237) 655039953",
        "healthcare": "clinic",
        "name": "La Grâce De Dieu"
      },
      "geometry": {
        "type": "Point",
        "coordinates": [
          11.5378514,
          3.8719565
        ]
      },
      "id": "node/7165682019"
    },
    {
      "type": "Feature",
      "properties": {
        "@id": "node/7165700314",
        "amenity": "clinic",
        "contact:phone": "(+237) 242131391",
        "healthcare": "clinic",
        "name": "Centre Médico Chirurgical D'essos"
      },
      "geometry": {
        "type": "Point",
        "coordinates": [
          11.5462344,
          3.877622
        ]
      },
      "id": "node/7165700314"
    },
    {
      "type": "Feature",
      "properties": {
        "@id": "node/7165700315",
        "amenity": "clinic",
        "healthcare": "clinic",
        "name": "Frot"
      },
      "geometry": {
        "type": "Point",
        "coordinates": [
          11.5447823,
          3.8779191
        ]
      },
      "id": "node/7165700315"
    },
    {
      "type": "Feature",
      "properties": {
        "@id": "node/7165700316",
        "amenity": "clinic",
        "healthcare": "clinic",
        "name": "Cabinet Dentaire"
      },
      "geometry": {
        "type": "Point",
        "coordinates": [
          11.5460952,
          3.8777672
        ]
      },
      "id": "node/7165700316"
    },
    {
      "type": "Feature",
      "properties": {
        "@id": "node/7165700317",
        "amenity": "clinic",
        "healthcare": "clinic",
        "name": "Clinique De L'espoir"
      },
      "geometry": {
        "type": "Point",
        "coordinates": [
          11.547554,
          3.8785092
        ]
      },
      "id": "node/7165700317"
    },
    {
      "type": "Feature",
      "properties": {
        "@id": "node/7165800678",
        "amenity": "clinic",
        "healthcare": "clinic",
        "name": "Fondation Médicale De La Paix"
      },
      "geometry": {
        "type": "Point",
        "coordinates": [
          11.5648873,
          3.8911056
        ]
      },
      "id": "node/7165800678"
    },
    {
      "type": "Feature",
      "properties": {
        "@id": "node/7165819472",
        "amenity": "clinic",
        "healthcare": "clinic"
      },
      "geometry": {
        "type": "Point",
        "coordinates": [
          11.5398442,
          3.8907919
        ]
      },
      "id": "node/7165819472"
    },
    {
      "type": "Feature",
      "properties": {
        "@id": "node/7165822166",
        "amenity": "clinic",
        "contact:phone": "(+237) 695375331",
        "healthcare": "clinic",
        "name": "Centre De Sante La Reference"
      },
      "geometry": {
        "type": "Point",
        "coordinates": [
          11.5582381,
          3.8878215
        ]
      },
      "id": "node/7165822166"
    },
    {
      "type": "Feature",
      "properties": {
        "@id": "node/7165825149",
        "amenity": "clinic",
        "healthcare": "clinic",
        "name": "Espoir Et Vie"
      },
      "geometry": {
        "type": "Point",
        "coordinates": [
          11.5632445,
          3.8909832
        ]
      },
      "id": "node/7165825149"
    },
    {
      "type": "Feature",
      "properties": {
        "@id": "node/7165838224",
        "amenity": "clinic",
        "healthcare": "clinic",
        "name": "Clinique Dutrelle"
      },
      "geometry": {
        "type": "Point",
        "coordinates": [
          11.5398341,
          3.8879058
        ]
      },
      "id": "node/7165838224"
    },
    {
      "type": "Feature",
      "properties": {
        "@id": "node/7165839652",
        "amenity": "clinic",
        "healthcare": "clinic",
        "name": "Apsad"
      },
      "geometry": {
        "type": "Point",
        "coordinates": [
          11.5404356,
          3.897514
        ]
      },
      "id": "node/7165839652"
    },
    {
      "type": "Feature",
      "properties": {
        "@id": "node/7165842012",
        "amenity": "clinic",
        "healthcare": "clinic",
        "name": "Fondation Medical Bio Santé"
      },
      "geometry": {
        "type": "Point",
        "coordinates": [
          11.552871,
          3.8918475
        ]
      },
      "id": "node/7165842012"
    },
    {
      "type": "Feature",
      "properties": {
        "@id": "node/7165843261",
        "amenity": "clinic",
        "healthcare": "clinic",
        "name": "Centre De Santé Le Premier Secours."
      },
      "geometry": {
        "type": "Point",
        "coordinates": [
          11.5598877,
          3.8929655
        ]
      },
      "id": "node/7165843261"
    },
    {
      "type": "Feature",
      "properties": {
        "@id": "node/7165843697",
        "amenity": "clinic",
        "contact:phone": "(+237) 675076277",
        "healthcare": "clinic",
        "name": "Centre De Santé Santé Pour Tous"
      },
      "geometry": {
        "type": "Point",
        "coordinates": [
          11.5580883,
          3.8912876
        ]
      },
      "id": "node/7165843697"
    },
    {
      "type": "Feature",
      "properties": {
        "@id": "node/7165844905",
        "amenity": "clinic",
        "healthcare": "clinic",
        "name": "Espoir Et Vie"
      },
      "geometry": {
        "type": "Point",
        "coordinates": [
          11.5587719,
          3.8902613
        ]
      },
      "id": "node/7165844905"
    },
    {
      "type": "Feature",
      "properties": {
        "@id": "node/7165846995",
        "amenity": "clinic",
        "healthcare": "clinic",
        "name": "Centre De Sante La Paix"
      },
      "geometry": {
        "type": "Point",
        "coordinates": [
          11.5584621,
          3.8915906
        ]
      },
      "id": "node/7165846995"
    },
    {
      "type": "Feature",
      "properties": {
        "@id": "node/7165847712",
        "amenity": "clinic",
        "healthcare": "clinic",
        "name": "Action Santé Développement"
      },
      "geometry": {
        "type": "Point",
        "coordinates": [
          11.5401808,
          3.8922476
        ]
      },
      "id": "node/7165847712"
    },
    {
      "type": "Feature",
      "properties": {
        "@id": "node/7165850136",
        "amenity": "clinic",
        "healthcare": "clinic",
        "name": "Fondation Medical Saint Raphaël"
      },
      "geometry": {
        "type": "Point",
        "coordinates": [
          11.5491079,
          3.887788
        ]
      },
      "id": "node/7165850136"
    },
    {
      "type": "Feature",
      "properties": {
        "@id": "node/7165854544",
        "amenity": "clinic",
        "contact:phone": "(+237) 699604922",
        "healthcare": "clinic",
        "name": "Centre De Santé Sainte Monique"
      },
      "geometry": {
        "type": "Point",
        "coordinates": [
          11.5679544,
          3.898757
        ]
      },
      "id": "node/7165854544"
    },
    {
      "type": "Feature",
      "properties": {
        "@id": "node/7165854606",
        "amenity": "clinic",
        "healthcare": "clinic",
        "name": "Le Toubib"
      },
      "geometry": {
        "type": "Point",
        "coordinates": [
          11.5478251,
          3.8926229
        ]
      },
      "id": "node/7165854606"
    },
    {
      "type": "Feature",
      "properties": {
        "@id": "node/7165854971",
        "amenity": "clinic",
        "healthcare": "clinic",
        "name": "Cabinet De Soins Jehovat Jiré"
      },
      "geometry": {
        "type": "Point",
        "coordinates": [
          11.5411109,
          3.8944781
        ]
      },
      "id": "node/7165854971"
    },
    {
      "type": "Feature",
      "properties": {
        "@id": "node/7165855640",
        "amenity": "clinic",
        "healthcare": "clinic",
        "name": "Centre De Santé Communautaire De Ngousso"
      },
      "geometry": {
        "type": "Point",
        "coordinates": [
          11.5392682,
          3.8969761
        ]
      },
      "id": "node/7165855640"
    },
    {
      "type": "Feature",
      "properties": {
        "@id": "node/7165857943",
        "amenity": "clinic",
        "contact:phone": "(+237) 674330617",
        "healthcare": "clinic",
        "name": "Centre De Sante Providence"
      },
      "geometry": {
        "type": "Point",
        "coordinates": [
          11.5617069,
          3.8985898
        ]
      },
      "id": "node/7165857943"
    },
    {
      "type": "Feature",
      "properties": {
        "@id": "node/7165857944",
        "amenity": "clinic",
        "healthcare": "clinic",
        "name": "Fondation Médical Anchel"
      },
      "geometry": {
        "type": "Point",
        "coordinates": [
          11.5650898,
          3.9029215
        ]
      },
      "id": "node/7165857944"
    },
    {
      "type": "Feature",
      "properties": {
        "@id": "node/7165858950",
        "amenity": "clinic",
        "healthcare": "clinic",
        "name": "Le Magnificat"
      },
      "geometry": {
        "type": "Point",
        "coordinates": [
          11.5446554,
          3.8921466
        ]
      },
      "id": "node/7165858950"
    },
    {
      "type": "Feature",
      "properties": {
        "@id": "node/7165859579",
        "amenity": "clinic",
        "healthcare": "clinic",
        "name": "Sainte Glanie"
      },
      "geometry": {
        "type": "Point",
        "coordinates": [
          11.5568383,
          3.9006379
        ]
      },
      "id": "node/7165859579"
    },
    {
      "type": "Feature",
      "properties": {
        "@id": "node/7165860052",
        "amenity": "clinic",
        "healthcare": "clinic",
        "name": "La Référence"
      },
      "geometry": {
        "type": "Point",
        "coordinates": [
          11.541949,
          3.8932779
        ]
      },
      "id": "node/7165860052"
    },
    {
      "type": "Feature",
      "properties": {
        "@id": "node/7165860155",
        "amenity": "clinic",
        "contact:phone": "(+237) 658682527",
        "healthcare": "clinic",
        "name": "Centre Médical Sainte Victoire"
      },
      "geometry": {
        "type": "Point",
        "coordinates": [
          11.5621682,
          3.9014042
        ]
      },
      "id": "node/7165860155"
    },
    {
      "type": "Feature",
      "properties": {
        "@id": "node/7165861106",
        "amenity": "clinic",
        "healthcare": "clinic",
        "name": "Fondation Sigba"
      },
      "geometry": {
        "type": "Point",
        "coordinates": [
          11.5667716,
          3.8982526
        ]
      },
      "id": "node/7165861106"
    },
    {
      "type": "Feature",
      "properties": {
        "@id": "node/7165861248",
        "amenity": "clinic",
        "healthcare": "clinic",
        "name": "Centre De Santé Apsad"
      },
      "geometry": {
        "type": "Point",
        "coordinates": [
          11.5664474,
          3.8995869
        ]
      },
      "id": "node/7165861248"
    },
    {
      "type": "Feature",
      "properties": {
        "@id": "node/7165861433",
        "amenity": "clinic",
        "healthcare": "clinic"
      },
      "geometry": {
        "type": "Point",
        "coordinates": [
          11.5690803,
          3.8970464
        ]
      },
      "id": "node/7165861433"
    },
    {
      "type": "Feature",
      "properties": {
        "@id": "node/7165865757",
        "amenity": "clinic",
        "healthcare": "clinic",
        "name": "Centre De Santé De Sainte Pancrace"
      },
      "geometry": {
        "type": "Point",
        "coordinates": [
          11.5618993,
          3.9016163
        ]
      },
      "id": "node/7165865757"
    },
    {
      "type": "Feature",
      "properties": {
        "@id": "node/7165865997",
        "amenity": "clinic",
        "contact:email": "sourcedecore@gmail.com",
        "contact:phone": "(+237) 673958460",
        "healthcare": "clinic",
        "name": "Centre De Soins Hospitalier Source De Core"
      },
      "geometry": {
        "type": "Point",
        "coordinates": [
          11.5578606,
          3.8945791
        ]
      },
      "id": "node/7165865997"
    },
    {
      "type": "Feature",
      "properties": {
        "@id": "node/7165867241",
        "amenity": "clinic",
        "healthcare": "clinic"
      },
      "geometry": {
        "type": "Point",
        "coordinates": [
          11.5680295,
          3.896168
        ]
      },
      "id": "node/7165867241"
    },
    {
      "type": "Feature",
      "properties": {
        "@id": "node/7165868795",
        "amenity": "clinic",
        "contact:phone": "(+237) 678620411",
        "healthcare": "clinic",
        "name": "Les Merveilles De Dieu"
      },
      "geometry": {
        "type": "Point",
        "coordinates": [
          11.567078,
          3.8984847
        ]
      },
      "id": "node/7165868795"
    },
    {
      "type": "Feature",
      "properties": {
        "@id": "node/7165873083",
        "amenity": "clinic",
        "healthcare": "clinic"
      },
      "geometry": {
        "type": "Point",
        "coordinates": [
          11.5641128,
          3.9030714
        ]
      },
      "id": "node/7165873083"
    },
    {
      "type": "Feature",
      "properties": {
        "@id": "node/7165883561",
        "amenity": "clinic",
        "healthcare": "clinic",
        "name": "Centre De Santé Le Divin"
      },
      "geometry": {
        "type": "Point",
        "coordinates": [
          11.5649825,
          3.9070974
        ]
      },
      "id": "node/7165883561"
    },
    {
      "type": "Feature",
      "properties": {
        "@id": "node/7165885468",
        "amenity": "cafe"
      },
      "geometry": {
        "type": "Point",
        "coordinates": [
          11.5426607,
          3.9085398
        ]
      },
      "id": "node/7165885468"
    },
    {
      "type": "Feature",
      "properties": {
        "@id": "node/7165885469",
        "amenity": "cafe"
      },
      "geometry": {
        "type": "Point",
        "coordinates": [
          11.5430587,
          3.9086925
        ]
      },
      "id": "node/7165885469"
    },
    {
      "type": "Feature",
      "properties": {
        "@id": "node/7165885471",
        "amenity": "cafe",
        "name": "Cafétéria"
      },
      "geometry": {
        "type": "Point",
        "coordinates": [
          11.5423416,
          3.9074028
        ]
      },
      "id": "node/7165885471"
    },
    {
      "type": "Feature",
      "properties": {
        "@id": "node/7165887201",
        "amenity": "clinic",
        "contact:phone": "(+237) 678322332",
        "healthcare": "clinic",
        "name": "Centre Médical Ange David"
      },
      "geometry": {
        "type": "Point",
        "coordinates": [
          11.5607393,
          3.90172
        ]
      },
      "id": "node/7165887201"
    },
    {
      "type": "Feature",
      "properties": {
        "@id": "node/7165888460",
        "amenity": "clinic",
        "healthcare": "clinic",
        "name": "Centre Se Sante Grace Divine"
      },
      "geometry": {
        "type": "Point",
        "coordinates": [
          11.5638245,
          3.9013701
        ]
      },
      "id": "node/7165888460"
    },
    {
      "type": "Feature",
      "properties": {
        "@id": "node/7165890880",
        "amenity": "cafe"
      },
      "geometry": {
        "type": "Point",
        "coordinates": [
          11.5594074,
          3.9271043
        ]
      },
      "id": "node/7165890880"
    },
    {
      "type": "Feature",
      "properties": {
        "@id": "node/7165893920",
        "amenity": "clinic",
        "healthcare": "clinic",
        "name": "Les Premiers Secours De Ngoulmekong - Fosapps"
      },
      "geometry": {
        "type": "Point",
        "coordinates": [
          11.5632441,
          3.9063986
        ]
      },
      "id": "node/7165893920"
    },
    {
      "type": "Feature",
      "properties": {
        "@id": "node/7165895334",
        "amenity": "clinic",
        "contact:email": "josyloven85@gmail.com",
        "healthcare": "clinic",
        "name": "Centre De Santé Josepha"
      },
      "geometry": {
        "type": "Point",
        "coordinates": [
          11.5554138,
          3.900665
        ]
      },
      "id": "node/7165895334"
    },
    {
      "type": "Feature",
      "properties": {
        "@id": "node/7165897245",
        "amenity": "clinic",
        "healthcare": "clinic",
        "name": "Cabinet De Soins De Santé - A C S A S"
      },
      "geometry": {
        "type": "Point",
        "coordinates": [
          11.5684305,
          3.9080996
        ]
      },
      "id": "node/7165897245"
    },
    {
      "type": "Feature",
      "properties": {
        "@id": "node/7165900799",
        "amenity": "cafe"
      },
      "geometry": {
        "type": "Point",
        "coordinates": [
          11.5529601,
          3.9295124
        ]
      },
      "id": "node/7165900799"
    },
    {
      "type": "Feature",
      "properties": {
        "@id": "node/7165900800",
        "amenity": "cafe"
      },
      "geometry": {
        "type": "Point",
        "coordinates": [
          11.5522962,
          3.9295574
        ]
      },
      "id": "node/7165900800"
    },
    {
      "type": "Feature",
      "properties": {
        "@id": "node/7165915401",
        "amenity": "cafe"
      },
      "geometry": {
        "type": "Point",
        "coordinates": [
          11.5488974,
          3.9095811
        ]
      },
      "id": "node/7165915401"
    },
    {
      "type": "Feature",
      "properties": {
        "@id": "node/7165915402",
        "amenity": "cafe"
      },
      "geometry": {
        "type": "Point",
        "coordinates": [
          11.549299,
          3.9099715
        ]
      },
      "id": "node/7165915402"
    },
    {
      "type": "Feature",
      "properties": {
        "@id": "node/7165915403",
        "amenity": "cafe"
      },
      "geometry": {
        "type": "Point",
        "coordinates": [
          11.5489479,
          3.9099347
        ]
      },
      "id": "node/7165915403"
    },
    {
      "type": "Feature",
      "properties": {
        "@id": "node/7165920183",
        "amenity": "cafe"
      },
      "geometry": {
        "type": "Point",
        "coordinates": [
          11.5609932,
          3.9199818
        ]
      },
      "id": "node/7165920183"
    },
    {
      "type": "Feature",
      "properties": {
        "@id": "node/7165920184",
        "amenity": "cafe"
      },
      "geometry": {
        "type": "Point",
        "coordinates": [
          11.5607622,
          3.920395
        ]
      },
      "id": "node/7165920184"
    },
    {
      "type": "Feature",
      "properties": {
        "@id": "node/7165924885",
        "amenity": "cafe"
      },
      "geometry": {
        "type": "Point",
        "coordinates": [
          11.5603809,
          3.9238725
        ]
      },
      "id": "node/7165924885"
    },
    {
      "type": "Feature",
      "properties": {
        "@id": "node/7165929621",
        "amenity": "cafe",
        "name": "Chez Mohamed"
      },
      "geometry": {
        "type": "Point",
        "coordinates": [
          11.5583223,
          3.891858
        ]
      },
      "id": "node/7165929621"
    },
    {
      "type": "Feature",
      "properties": {
        "@id": "node/7165929622",
        "amenity": "cafe"
      },
      "geometry": {
        "type": "Point",
        "coordinates": [
          11.5583989,
          3.8911866
        ]
      },
      "id": "node/7165929622"
    },
    {
      "type": "Feature",
      "properties": {
        "@id": "node/7165930774",
        "amenity": "cafe",
        "name": "Cafétéria"
      },
      "geometry": {
        "type": "Point",
        "coordinates": [
          11.5388999,
          3.9179418
        ]
      },
      "id": "node/7165930774"
    },
    {
      "type": "Feature",
      "properties": {
        "@id": "node/7165930775",
        "amenity": "cafe",
        "name": "Cafetariat"
      },
      "geometry": {
        "type": "Point",
        "coordinates": [
          11.5413531,
          3.9178588
        ]
      },
      "id": "node/7165930775"
    },
    {
      "type": "Feature",
      "properties": {
        "@id": "node/7165930866",
        "amenity": "cafe"
      },
      "geometry": {
        "type": "Point",
        "coordinates": [
          11.5618853,
          3.8793601
        ]
      },
      "id": "node/7165930866"
    },
    {
      "type": "Feature",
      "properties": {
        "@id": "node/7165940181",
        "amenity": "cafe"
      },
      "geometry": {
        "type": "Point",
        "coordinates": [
          11.5501897,
          3.8800178
        ]
      },
      "id": "node/7165940181"
    },
    {
      "type": "Feature",
      "properties": {
        "@id": "node/7165940182",
        "amenity": "cafe"
      },
      "geometry": {
        "type": "Point",
        "coordinates": [
          11.550555,
          3.8816431
        ]
      },
      "id": "node/7165940182"
    },
    {
      "type": "Feature",
      "properties": {
        "@id": "node/7165940183",
        "amenity": "cafe"
      },
      "geometry": {
        "type": "Point",
        "coordinates": [
          11.5503677,
          3.8843374
        ]
      },
      "id": "node/7165940183"
    },
    {
      "type": "Feature",
      "properties": {
        "@id": "node/7165940184",
        "amenity": "cafe"
      },
      "geometry": {
        "type": "Point",
        "coordinates": [
          11.5537422,
          3.8812653
        ]
      },
      "id": "node/7165940184"
    },
    {
      "type": "Feature",
      "properties": {
        "@id": "node/7165951256",
        "amenity": "cafe"
      },
      "geometry": {
        "type": "Point",
        "coordinates": [
          11.545628,
          3.895796
        ]
      },
      "id": "node/7165951256"
    },
    {
      "type": "Feature",
      "properties": {
        "@id": "node/7165951483",
        "amenity": "cafe"
      },
      "geometry": {
        "type": "Point",
        "coordinates": [
          11.5385483,
          3.8698824
        ]
      },
      "id": "node/7165951483"
    },
    {
      "type": "Feature",
      "properties": {
        "@id": "node/7165955906",
        "amenity": "cafe"
      },
      "geometry": {
        "type": "Point",
        "coordinates": [
          11.542683,
          3.90345
        ]
      },
      "id": "node/7165955906"
    },
    {
      "type": "Feature",
      "properties": {
        "@id": "node/7165959917",
        "amenity": "cafe"
      },
      "geometry": {
        "type": "Point",
        "coordinates": [
          11.542327,
          3.8880966
        ]
      },
      "id": "node/7165959917"
    },
    {
      "type": "Feature",
      "properties": {
        "@id": "node/7165964070",
        "amenity": "clinic",
        "healthcare": "clinic",
        "name": "La Patience"
      },
      "geometry": {
        "type": "Point",
        "coordinates": [
          11.5443298,
          3.8997478
        ]
      },
      "id": "node/7165964070"
    },
    {
      "type": "Feature",
      "properties": {
        "@id": "node/7165964071",
        "addr:postcode": "BP5702YDE",
        "amenity": "clinic",
        "contact:email": "cinermabrindsilf@gmail.com",
        "healthcare": "clinic",
        "name": "Josephina Médical Space Al . Technologie (cabinet Médicalisé De Beauté Et De Bien-etre)"
      },
      "geometry": {
        "type": "Point",
        "coordinates": [
          11.5472562,
          3.9004507
        ]
      },
      "id": "node/7165964071"
    },
    {
      "type": "Feature",
      "properties": {
        "@id": "node/7165964072",
        "amenity": "clinic",
        "healthcare": "clinic",
        "name": "Radiographie -échographie"
      },
      "geometry": {
        "type": "Point",
        "coordinates": [
          11.54746,
          3.8999357
        ]
      },
      "id": "node/7165964072"
    },
    {
      "type": "Feature",
      "properties": {
        "@id": "node/7165964073",
        "amenity": "clinic",
        "healthcare": "clinic",
        "name": "Sgi Sarl (vente De Produits De Santé Traditionnel)"
      },
      "geometry": {
        "type": "Point",
        "coordinates": [
          11.5471041,
          3.9009373
        ]
      },
      "id": "node/7165964073"
    },
    {
      "type": "Feature",
      "properties": {
        "@id": "node/7165964350",
        "amenity": "clinic",
        "healthcare": "clinic",
        "name": "Centre Médical Espoir Solidarité"
      },
      "geometry": {
        "type": "Point",
        "coordinates": [
          11.5463633,
          3.8739896
        ]
      },
      "id": "node/7165964350"
    },
    {
      "type": "Feature",
      "properties": {
        "@id": "node/7165966141",
        "amenity": "clinic",
        "healthcare": "clinic",
        "name": "Fohow International Vip( l Univers Bio De Votre Santé )"
      },
      "geometry": {
        "type": "Point",
        "coordinates": [
          11.546997,
          3.8869317
        ]
      },
      "id": "node/7165966141"
    },
    {
      "type": "Feature",
      "properties": {
        "@id": "node/7165969036",
        "amenity": "clinic",
        "healthcare": "clinic",
        "name": "Polyclinic Sende"
      },
      "geometry": {
        "type": "Point",
        "coordinates": [
          11.5523413,
          3.8880449
        ]
      },
      "id": "node/7165969036"
    },
    {
      "type": "Feature",
      "properties": {
        "@id": "node/7165983529",
        "amenity": "clinic",
        "contact:phone": "(+237) 222225052",
        "healthcare": "clinic",
        "name": "Centre Médical Au Bois D'amour"
      },
      "geometry": {
        "type": "Point",
        "coordinates": [
          11.5489776,
          3.8765846
        ]
      },
      "id": "node/7165983529"
    },
    {
      "type": "Feature",
      "properties": {
        "@id": "node/7165983530",
        "amenity": "clinic",
        "healthcare": "clinic",
        "name": "Avicenne"
      },
      "geometry": {
        "type": "Point",
        "coordinates": [
          11.5491966,
          3.8760991
        ]
      },
      "id": "node/7165983530"
    },
    {
      "type": "Feature",
      "properties": {
        "@id": "node/7165985534",
        "amenity": "clinic",
        "healthcare": "clinic",
        "name": "La Solidarité"
      },
      "geometry": {
        "type": "Point",
        "coordinates": [
          11.5469132,
          3.8818114
        ]
      },
      "id": "node/7165985534"
    },
    {
      "type": "Feature",
      "properties": {
        "@id": "node/7165996429",
        "amenity": "clinic",
        "name": "Clinique Vétérinaire De Ngousso"
      },
      "geometry": {
        "type": "Point",
        "coordinates": [
          11.5548139,
          3.8998703
        ]
      },
      "id": "node/7165996429"
    },
    {
      "type": "Feature",
      "properties": {
        "@id": "node/7165996430",
        "amenity": "clinic",
        "healthcare": "clinic",
        "name": "Longrich Health & Wealth Home"
      },
      "geometry": {
        "type": "Point",
        "coordinates": [
          11.5507065,
          3.8985988
        ]
      },
      "id": "node/7165996430"
    },
    {
      "type": "Feature",
      "properties": {
        "@id": "node/7165996431",
        "amenity": "clinic",
        "contact:email": "centremedicalstluc@yahoo.fr",
        "healthcare": "clinic",
        "name": "Centre Médical Saint Luc De Ngousso"
      },
      "geometry": {
        "type": "Point",
        "coordinates": [
          11.5517564,
          3.8993284
        ]
      },
      "id": "node/7165996431"
    },
    {
      "type": "Feature",
      "properties": {
        "@id": "node/7165998327",
        "amenity": "clinic",
        "healthcare": "clinic",
        "name": "Bb Diagnostics"
      },
      "geometry": {
        "type": "Point",
        "coordinates": [
          11.5422226,
          3.8895542
        ]
      },
      "id": "node/7165998327"
    },
    {
      "type": "Feature",
      "properties": {
        "@id": "node/7166000695",
        "amenity": "clinic",
        "contact:website": "www.exact.cm",
        "healthcare": "clinic",
        "name": "Exact( Laboratoire, Consultation, Radiographie, Échographie )"
      },
      "geometry": {
        "type": "Point",
        "coordinates": [
          11.5399057,
          3.8806093
        ]
      },
      "id": "node/7166000695"
    },
    {
      "type": "Feature",
      "properties": {
        "@id": "node/7166000696",
        "amenity": "clinic",
        "healthcare": "clinic",
        "name": "Centre De Recherche Sur Les Filarioses Et Autres Maladies Tropicales"
      },
      "geometry": {
        "type": "Point",
        "coordinates": [
          11.5366505,
          3.8800549
        ]
      },
      "id": "node/7166000696"
    },
    {
      "type": "Feature",
      "properties": {
        "@id": "node/7166000697",
        "addr:postcode": "BP25076YDE",
        "amenity": "clinic",
        "healthcare": "clinic",
        "name": "Cap Santé. Centre Medico-chirurgical"
      },
      "geometry": {
        "type": "Point",
        "coordinates": [
          11.5390568,
          3.8800211
        ]
      },
      "id": "node/7166000697"
    },
    {
      "type": "Feature",
      "properties": {
        "@id": "node/7166000698",
        "addr:postcode": "BP3394YDE",
        "amenity": "clinic",
        "healthcare": "clinic",
        "name": "Clinique: St Joseph Cancer Center"
      },
      "geometry": {
        "type": "Point",
        "coordinates": [
          11.5369151,
          3.8795672
        ]
      },
      "id": "node/7166000698"
    },
    {
      "type": "Feature",
      "properties": {
        "@id": "node/7166000699",
        "addr:postcode": "BP11400YDE",
        "amenity": "clinic",
        "healthcare": "clinic",
        "name": "Medical Services"
      },
      "geometry": {
        "type": "Point",
        "coordinates": [
          11.5396953,
          3.8788984
        ]
      },
      "id": "node/7166000699"
    },
    {
      "type": "Feature",
      "properties": {
        "@id": "node/7166043515",
        "amenity": "clinic",
        "healthcare": "clinic",
        "name": "Cemrio"
      },
      "geometry": {
        "type": "Point",
        "coordinates": [
          11.5370917,
          3.8869193
        ]
      },
      "id": "node/7166043515"
    },
    {
      "type": "Feature",
      "properties": {
        "@id": "node/7166043516",
        "addr:postcode": "Rue 1.502 omnisport-mfandena",
        "amenity": "clinic",
        "healthcare": "clinic",
        "name": "Naroge Medical & Services"
      },
      "geometry": {
        "type": "Point",
        "coordinates": [
          11.5380343,
          3.8884962
        ]
      },
      "id": "node/7166043516"
    },
    {
      "type": "Feature",
      "properties": {
        "@id": "node/7166043517",
        "amenity": "clinic",
        "contact:website": "www.cabinet-lamat.com",
        "healthcare": "clinic",
        "name": "Centre Médical Lamat Centre Cadio Vasculaire"
      },
      "geometry": {
        "type": "Point",
        "coordinates": [
          11.5367912,
          3.8856983
        ]
      },
      "id": "node/7166043517"
    },
    {
      "type": "Feature",
      "properties": {
        "@id": "node/7166045007",
        "amenity": "clinic",
        "healthcare": "clinic",
        "name": "Cabinet Médical Dilma"
      },
      "geometry": {
        "type": "Point",
        "coordinates": [
          11.5386773,
          3.8831333
        ]
      },
      "id": "node/7166045007"
    },
    {
      "type": "Feature",
      "properties": {
        "@id": "node/7166050930",
        "addr:postcode": "BP11877YDE",
        "amenity": "clinic",
        "healthcare": "clinic",
        "name": "Centre De Thérapie Du Langage Orthophonie-logopedie"
      },
      "geometry": {
        "type": "Point",
        "coordinates": [
          11.5405905,
          3.9086637
        ]
      },
      "id": "node/7166050930"
    },
    {
      "type": "Feature",
      "properties": {
        "@id": "node/7166050931",
        "amenity": "clinic",
        "healthcare": "clinic",
        "name": "Esperance Cabinet De Lunetterie"
      },
      "geometry": {
        "type": "Point",
        "coordinates": [
          11.5379948,
          3.9084924
        ]
      },
      "id": "node/7166050931"
    },
    {
      "type": "Feature",
      "properties": {
        "@id": "node/7166052663",
        "amenity": "clinic",
        "healthcare": "clinic",
        "name": "Casesco"
      },
      "geometry": {
        "type": "Point",
        "coordinates": [
          11.5347339,
          3.8889882
        ]
      },
      "id": "node/7166052663"
    },
    {
      "type": "Feature",
      "properties": {
        "@id": "node/7166058122",
        "amenity": "clinic",
        "healthcare": "clinic",
        "name": "Cabinet De Dépistage"
      },
      "geometry": {
        "type": "Point",
        "coordinates": [
          11.5387136,
          3.8981843
        ]
      },
      "id": "node/7166058122"
    },
    {
      "type": "Feature",
      "properties": {
        "@id": "node/7166060832",
        "addr:postcode": "B.p: 13704 Yaoundé - cameroun",
        "amenity": "restaurant",
        "name": "Saint Monaco"
      },
      "geometry": {
        "type": "Point",
        "coordinates": [
          11.4810902,
          3.871548
        ]
      },
      "id": "node/7166060832"
    },
    {
      "type": "Feature",
      "properties": {
        "@id": "node/7166060833",
        "amenity": "restaurant"
      },
      "geometry": {
        "type": "Point",
        "coordinates": [
          11.4795731,
          3.8726153
        ]
      },
      "id": "node/7166060833"
    },
    {
      "type": "Feature",
      "properties": {
        "@id": "node/7166060834",
        "amenity": "restaurant"
      },
      "geometry": {
        "type": "Point",
        "coordinates": [
          11.4813591,
          3.8715944
        ]
      },
      "id": "node/7166060834"
    },
    {
      "type": "Feature",
      "properties": {
        "@id": "node/7166060835",
        "amenity": "restaurant"
      },
      "geometry": {
        "type": "Point",
        "coordinates": [
          11.4794701,
          3.8729378
        ]
      },
      "id": "node/7166060835"
    },
    {
      "type": "Feature",
      "properties": {
        "@id": "node/7166060836",
        "amenity": "restaurant",
        "contact:phone": "(+237) 675120246",
        "name": "Restaurant Sael"
      },
      "geometry": {
        "type": "Point",
        "coordinates": [
          11.4824689,
          3.8718128
        ]
      },
      "id": "node/7166060836"
    },
    {
      "type": "Feature",
      "properties": {
        "@id": "node/7166060837",
        "amenity": "restaurant"
      },
      "geometry": {
        "type": "Point",
        "coordinates": [
          11.4822635,
          3.8718091
        ]
      },
      "id": "node/7166060837"
    },
    {
      "type": "Feature",
      "properties": {
        "@id": "node/7166061354",
        "amenity": "restaurant"
      },
      "geometry": {
        "type": "Point",
        "coordinates": [
          11.4835658,
          3.8768945
        ]
      },
      "id": "node/7166061354"
    },
    {
      "type": "Feature",
      "properties": {
        "@id": "node/7166061355",
        "amenity": "restaurant",
        "name": "La Joie De Vivre"
      },
      "geometry": {
        "type": "Point",
        "coordinates": [
          11.4840462,
          3.8767312
        ]
      },
      "id": "node/7166061355"
    },
    {
      "type": "Feature",
      "properties": {
        "@id": "node/7166063769",
        "amenity": "restaurant",
        "name": "Super Kossam"
      },
      "geometry": {
        "type": "Point",
        "coordinates": [
          11.4743225,
          3.8751755
        ]
      },
      "id": "node/7166063769"
    },
    {
      "type": "Feature",
      "properties": {
        "@id": "node/7166063770",
        "amenity": "restaurant"
      },
      "geometry": {
        "type": "Point",
        "coordinates": [
          11.474149,
          3.875307
        ]
      },
      "id": "node/7166063770"
    },
    {
      "type": "Feature",
      "properties": {
        "@id": "node/7166063771",
        "amenity": "restaurant",
        "name": "Connexion"
      },
      "geometry": {
        "type": "Point",
        "coordinates": [
          11.4734427,
          3.8756305
        ]
      },
      "id": "node/7166063771"
    },
    {
      "type": "Feature",
      "properties": {
        "@id": "node/7166063772",
        "amenity": "restaurant"
      },
      "geometry": {
        "type": "Point",
        "coordinates": [
          11.4732832,
          3.8759069
        ]
      },
      "id": "node/7166063772"
    },
    {
      "type": "Feature",
      "properties": {
        "@id": "node/7166063773",
        "amenity": "restaurant"
      },
      "geometry": {
        "type": "Point",
        "coordinates": [
          11.473214,
          3.8755012
        ]
      },
      "id": "node/7166063773"
    },
    {
      "type": "Feature",
      "properties": {
        "@id": "node/7166066680",
        "amenity": "restaurant"
      },
      "geometry": {
        "type": "Point",
        "coordinates": [
          11.4712112,
          3.8768693
        ]
      },
      "id": "node/7166066680"
    },
    {
      "type": "Feature",
      "properties": {
        "@id": "node/7166066681",
        "amenity": "restaurant"
      },
      "geometry": {
        "type": "Point",
        "coordinates": [
          11.4715831,
          3.8766703
        ]
      },
      "id": "node/7166066681"
    },
    {
      "type": "Feature",
      "properties": {
        "@id": "node/7166066682",
        "amenity": "restaurant"
      },
      "geometry": {
        "type": "Point",
        "coordinates": [
          11.472679,
          3.8786831
        ]
      },
      "id": "node/7166066682"
    },
    {
      "type": "Feature",
      "properties": {
        "@id": "node/7166067886",
        "amenity": "restaurant"
      },
      "geometry": {
        "type": "Point",
        "coordinates": [
          11.4671442,
          3.8715633
        ]
      },
      "id": "node/7166067886"
    },
    {
      "type": "Feature",
      "properties": {
        "@id": "node/7166067887",
        "amenity": "restaurant"
      },
      "geometry": {
        "type": "Point",
        "coordinates": [
          11.4672756,
          3.8743416
        ]
      },
      "id": "node/7166067887"
    },
    {
      "type": "Feature",
      "properties": {
        "@id": "node/7166067888",
        "amenity": "restaurant"
      },
      "geometry": {
        "type": "Point",
        "coordinates": [
          11.4653973,
          3.8740279
        ]
      },
      "id": "node/7166067888"
    },
    {
      "type": "Feature",
      "properties": {
        "@id": "node/7166075138",
        "amenity": "clinic",
        "healthcare": "clinic"
      },
      "geometry": {
        "type": "Point",
        "coordinates": [
          11.5351074,
          3.8938974
        ]
      },
      "id": "node/7166075138"
    },
    {
      "type": "Feature",
      "properties": {
        "@id": "node/7166080737",
        "amenity": "restaurant",
        "name": "Vas Et Viens"
      },
      "geometry": {
        "type": "Point",
        "coordinates": [
          11.4813008,
          3.8774554
        ]
      },
      "id": "node/7166080737"
    },
    {
      "type": "Feature",
      "properties": {
        "@id": "node/7166080738",
        "amenity": "restaurant",
        "name": "Rustic-home"
      },
      "geometry": {
        "type": "Point",
        "coordinates": [
          11.4830674,
          3.8783339
        ]
      },
      "id": "node/7166080738"
    },
    {
      "type": "Feature",
      "properties": {
        "@id": "node/7166083409",
        "amenity": "restaurant"
      },
      "geometry": {
        "type": "Point",
        "coordinates": [
          11.4551566,
          3.8989098
        ]
      },
      "id": "node/7166083409"
    },
    {
      "type": "Feature",
      "properties": {
        "@id": "node/7166083410",
        "amenity": "restaurant",
        "contact:phone": "(+237)699646539",
        "name": "Ets Katamour"
      },
      "geometry": {
        "type": "Point",
        "coordinates": [
          11.4555468,
          3.89706
        ]
      },
      "id": "node/7166083410"
    },
    {
      "type": "Feature",
      "properties": {
        "@id": "node/7166083411",
        "amenity": "restaurant"
      },
      "geometry": {
        "type": "Point",
        "coordinates": [
          11.4545226,
          3.8981261
        ]
      },
      "id": "node/7166083411"
    },
    {
      "type": "Feature",
      "properties": {
        "@id": "node/7166083412",
        "amenity": "restaurant"
      },
      "geometry": {
        "type": "Point",
        "coordinates": [
          11.4547122,
          3.8979828
        ]
      },
      "id": "node/7166083412"
    },
    {
      "type": "Feature",
      "properties": {
        "@id": "node/7166085255",
        "amenity": "restaurant"
      },
      "geometry": {
        "type": "Point",
        "coordinates": [
          11.4497335,
          3.853139
        ]
      },
      "id": "node/7166085255"
    },
    {
      "type": "Feature",
      "properties": {
        "@id": "node/7166085256",
        "amenity": "restaurant"
      },
      "geometry": {
        "type": "Point",
        "coordinates": [
          11.4497505,
          3.8531622
        ]
      },
      "id": "node/7166085256"
    },
    {
      "type": "Feature",
      "properties": {
        "@id": "node/7166085257",
        "amenity": "restaurant"
      },
      "geometry": {
        "type": "Point",
        "coordinates": [
          11.456692,
          3.8485755
        ]
      },
      "id": "node/7166085257"
    },
    {
      "type": "Feature",
      "properties": {
        "@id": "node/7166085258",
        "amenity": "restaurant"
      },
      "geometry": {
        "type": "Point",
        "coordinates": [
          11.4516771,
          3.8454543
        ]
      },
      "id": "node/7166085258"
    },
    {
      "type": "Feature",
      "properties": {
        "@id": "node/7166085259",
        "amenity": "restaurant"
      },
      "geometry": {
        "type": "Point",
        "coordinates": [
          11.4496747,
          3.8530738
        ]
      },
      "id": "node/7166085259"
    },
    {
      "type": "Feature",
      "properties": {
        "@id": "node/7166085260",
        "amenity": "restaurant"
      },
      "geometry": {
        "type": "Point",
        "coordinates": [
          11.4497153,
          3.8531134
        ]
      },
      "id": "node/7166085260"
    },
    {
      "type": "Feature",
      "properties": {
        "@id": "node/7166092153",
        "amenity": "restaurant",
        "contact:phone": "(+237) 681560120",
        "name": "Chez Fimbus"
      },
      "geometry": {
        "type": "Point",
        "coordinates": [
          11.4764385,
          3.8743352
        ]
      },
      "id": "node/7166092153"
    },
    {
      "type": "Feature",
      "properties": {
        "@id": "node/7166092154",
        "amenity": "restaurant",
        "name": "Chez Maimouna"
      },
      "geometry": {
        "type": "Point",
        "coordinates": [
          11.476409,
          3.8745432
        ]
      },
      "id": "node/7166092154"
    },
    {
      "type": "Feature",
      "properties": {
        "@id": "node/7166092155",
        "amenity": "restaurant"
      },
      "geometry": {
        "type": "Point",
        "coordinates": [
          11.4766462,
          3.8744112
        ]
      },
      "id": "node/7166092155"
    },
    {
      "type": "Feature",
      "properties": {
        "@id": "node/7166096866",
        "amenity": "restaurant",
        "name": "Maa Tu Resto"
      },
      "geometry": {
        "type": "Point",
        "coordinates": [
          11.4537572,
          3.8846103
        ]
      },
      "id": "node/7166096866"
    },
    {
      "type": "Feature",
      "properties": {
        "@id": "node/7166096867",
        "amenity": "restaurant",
        "contact:phone": "(+237) 694181722",
        "name": "Maa Nina"
      },
      "geometry": {
        "type": "Point",
        "coordinates": [
          11.4535764,
          3.8843952
        ]
      },
      "id": "node/7166096867"
    },
    {
      "type": "Feature",
      "properties": {
        "@id": "node/7166096868",
        "amenity": "restaurant"
      },
      "geometry": {
        "type": "Point",
        "coordinates": [
          11.4535675,
          3.8843784
        ]
      },
      "id": "node/7166096868"
    },
    {
      "type": "Feature",
      "properties": {
        "@id": "node/7166096869",
        "amenity": "restaurant"
      },
      "geometry": {
        "type": "Point",
        "coordinates": [
          11.4533404,
          3.8840956
        ]
      },
      "id": "node/7166096869"
    },
    {
      "type": "Feature",
      "properties": {
        "@id": "node/7166103083",
        "amenity": "restaurant"
      },
      "geometry": {
        "type": "Point",
        "coordinates": [
          11.4679411,
          3.8920975
        ]
      },
      "id": "node/7166103083"
    },
    {
      "type": "Feature",
      "properties": {
        "@id": "node/7166103084",
        "amenity": "restaurant"
      },
      "geometry": {
        "type": "Point",
        "coordinates": [
          11.4677815,
          3.8921506
        ]
      },
      "id": "node/7166103084"
    },
    {
      "type": "Feature",
      "properties": {
        "@id": "node/7166108469",
        "amenity": "restaurant",
        "name": "Liobot Resto"
      },
      "geometry": {
        "type": "Point",
        "coordinates": [
          11.4577611,
          3.8876827
        ]
      },
      "id": "node/7166108469"
    },
    {
      "type": "Feature",
      "properties": {
        "@id": "node/7166108470",
        "amenity": "restaurant"
      },
      "geometry": {
        "type": "Point",
        "coordinates": [
          11.4582072,
          3.8879997
        ]
      },
      "id": "node/7166108470"
    },
    {
      "type": "Feature",
      "properties": {
        "@id": "node/7166109546",
        "amenity": "restaurant"
      },
      "geometry": {
        "type": "Point",
        "coordinates": [
          11.4471719,
          3.8641128
        ]
      },
      "id": "node/7166109546"
    },
    {
      "type": "Feature",
      "properties": {
        "@id": "node/7166113668",
        "amenity": "restaurant"
      },
      "geometry": {
        "type": "Point",
        "coordinates": [
          11.4523587,
          3.8822119
        ]
      },
      "id": "node/7166113668"
    },
    {
      "type": "Feature",
      "properties": {
        "@id": "node/7166113669",
        "amenity": "restaurant",
        "name": "Club Bêtis Resto"
      },
      "geometry": {
        "type": "Point",
        "coordinates": [
          11.4518587,
          3.882394
        ]
      },
      "id": "node/7166113669"
    },
    {
      "type": "Feature",
      "properties": {
        "@id": "node/7166115066",
        "amenity": "restaurant"
      },
      "geometry": {
        "type": "Point",
        "coordinates": [
          11.4448786,
          3.8826995
        ]
      },
      "id": "node/7166115066"
    },
    {
      "type": "Feature",
      "properties": {
        "@id": "node/7166117685",
        "amenity": "restaurant"
      },
      "geometry": {
        "type": "Point",
        "coordinates": [
          11.4718513,
          3.8925101
        ]
      },
      "id": "node/7166117685"
    },
    {
      "type": "Feature",
      "properties": {
        "@id": "node/7166122074",
        "amenity": "restaurant",
        "name": "Ks"
      },
      "geometry": {
        "type": "Point",
        "coordinates": [
          11.4561407,
          3.8901208
        ]
      },
      "id": "node/7166122074"
    },
    {
      "type": "Feature",
      "properties": {
        "@id": "node/7166122075",
        "amenity": "restaurant"
      },
      "geometry": {
        "type": "Point",
        "coordinates": [
          11.462696,
          3.8893998
        ]
      },
      "id": "node/7166122075"
    },
    {
      "type": "Feature",
      "properties": {
        "@id": "node/7166123692",
        "amenity": "restaurant",
        "name": "Resto"
      },
      "geometry": {
        "type": "Point",
        "coordinates": [
          11.4494861,
          3.875706
        ]
      },
      "id": "node/7166123692"
    },
    {
      "type": "Feature",
      "properties": {
        "@id": "node/7166123693",
        "amenity": "restaurant",
        "name": "Le Cendrillon Cafe Restau"
      },
      "geometry": {
        "type": "Point",
        "coordinates": [
          11.4481682,
          3.8752488
        ]
      },
      "id": "node/7166123693"
    },
    {
      "type": "Feature",
      "properties": {
        "@id": "node/7166123694",
        "amenity": "restaurant",
        "name": "Nyango Restaurant"
      },
      "geometry": {
        "type": "Point",
        "coordinates": [
          11.4511625,
          3.8778289
        ]
      },
      "id": "node/7166123694"
    },
    {
      "type": "Feature",
      "properties": {
        "@id": "node/7166123695",
        "amenity": "restaurant",
        "name": "Restaurant Le Bien Etre"
      },
      "geometry": {
        "type": "Point",
        "coordinates": [
          11.4511115,
          3.8765399
        ]
      },
      "id": "node/7166123695"
    },
    {
      "type": "Feature",
      "properties": {
        "@id": "node/7166123696",
        "amenity": "restaurant",
        "check_date": "2023-12-26",
        "name": "Grillade de Dame NAMA NTSE"
      },
      "geometry": {
        "type": "Point",
        "coordinates": [
          11.4519369,
          3.8751405
        ]
      },
      "id": "node/7166123696"
    },
    {
      "type": "Feature",
      "properties": {
        "@id": "node/7166123697",
        "amenity": "restaurant"
      },
      "geometry": {
        "type": "Point",
        "coordinates": [
          11.4495967,
          3.8755334
        ]
      },
      "id": "node/7166123697"
    },
    {
      "type": "Feature",
      "properties": {
        "@id": "node/7166134786",
        "amenity": "restaurant",
        "name": "Jeda Space"
      },
      "geometry": {
        "type": "Point",
        "coordinates": [
          11.4326546,
          3.8750274
        ]
      },
      "id": "node/7166134786"
    },
    {
      "type": "Feature",
      "properties": {
        "@id": "node/7166134787",
        "amenity": "restaurant",
        "name": "G-black"
      },
      "geometry": {
        "type": "Point",
        "coordinates": [
          11.4327562,
          3.8745112
        ]
      },
      "id": "node/7166134787"
    },
    {
      "type": "Feature",
      "properties": {
        "@id": "node/7166134835",
        "amenity": "restaurant"
      },
      "geometry": {
        "type": "Point",
        "coordinates": [
          11.4268282,
          3.8681908
        ]
      },
      "id": "node/7166134835"
    },
    {
      "type": "Feature",
      "properties": {
        "@id": "node/7166134836",
        "amenity": "restaurant"
      },
      "geometry": {
        "type": "Point",
        "coordinates": [
          11.4268236,
          3.8682699
        ]
      },
      "id": "node/7166134836"
    },
    {
      "type": "Feature",
      "properties": {
        "@id": "node/7166136501",
        "amenity": "restaurant",
        "name": "Bar Restaurant"
      },
      "geometry": {
        "type": "Point",
        "coordinates": [
          11.4602325,
          3.862874
        ]
      },
      "id": "node/7166136501"
    },
    {
      "type": "Feature",
      "properties": {
        "@id": "node/7166136502",
        "amenity": "restaurant"
      },
      "geometry": {
        "type": "Point",
        "coordinates": [
          11.4551617,
          3.8659201
        ]
      },
      "id": "node/7166136502"
    },
    {
      "type": "Feature",
      "properties": {
        "@id": "node/7166136503",
        "amenity": "restaurant",
        "name": "Le Bazar Du Camp Africain"
      },
      "geometry": {
        "type": "Point",
        "coordinates": [
          11.4615865,
          3.8661541
        ]
      },
      "id": "node/7166136503"
    },
    {
      "type": "Feature",
      "properties": {
        "@id": "node/7166136687",
        "amenity": "restaurant",
        "check_date": "2023-12-26",
        "cuisine": "pizza;regional",
        "name": "Flavour Jcs",
        "phone": "+237 6 70 49 62 33; +237 6 77 65 28 01",
        "wheelchair": "no"
      },
      "geometry": {
        "type": "Point",
        "coordinates": [
          11.4553457,
          3.8725944
        ]
      },
      "id": "node/7166136687"
    },
    {
      "type": "Feature",
      "properties": {
        "@id": "node/7166136688",
        "amenity": "restaurant"
      },
      "geometry": {
        "type": "Point",
        "coordinates": [
          11.4540917,
          3.8742221
        ]
      },
      "id": "node/7166136688"
    },
    {
      "type": "Feature",
      "properties": {
        "@id": "node/7166136689",
        "amenity": "restaurant"
      },
      "geometry": {
        "type": "Point",
        "coordinates": [
          11.4528754,
          3.8727899
        ]
      },
      "id": "node/7166136689"
    },
    {
      "type": "Feature",
      "properties": {
        "@id": "node/7166136690",
        "amenity": "restaurant",
        "name": "Ets Maison Rose"
      },
      "geometry": {
        "type": "Point",
        "coordinates": [
          11.4590422,
          3.8730594
        ]
      },
      "id": "node/7166136690"
    },
    {
      "type": "Feature",
      "properties": {
        "@id": "node/7166141390",
        "amenity": "restaurant"
      },
      "geometry": {
        "type": "Point",
        "coordinates": [
          11.4810549,
          3.8831973
        ]
      },
      "id": "node/7166141390"
    },
    {
      "type": "Feature",
      "properties": {
        "@id": "node/7166152011",
        "amenity": "restaurant",
        "name": "Le Dogel"
      },
      "geometry": {
        "type": "Point",
        "coordinates": [
          11.4688817,
          3.8814324
        ]
      },
      "id": "node/7166152011"
    },
    {
      "type": "Feature",
      "properties": {
        "@id": "node/7166153922",
        "amenity": "restaurant"
      },
      "geometry": {
        "type": "Point",
        "coordinates": [
          11.4133197,
          3.8745696
        ]
      },
      "id": "node/7166153922"
    },
    {
      "type": "Feature",
      "properties": {
        "@id": "node/7166154016",
        "amenity": "restaurant"
      },
      "geometry": {
        "type": "Point",
        "coordinates": [
          11.4310125,
          3.8827994
        ]
      },
      "id": "node/7166154016"
    },
    {
      "type": "Feature",
      "properties": {
        "@id": "node/7166154017",
        "amenity": "restaurant"
      },
      "geometry": {
        "type": "Point",
        "coordinates": [
          11.4227816,
          3.8770743
        ]
      },
      "id": "node/7166154017"
    },
    {
      "type": "Feature",
      "properties": {
        "@id": "node/7166168187",
        "amenity": "restaurant",
        "name": "Husline Restaurant"
      },
      "geometry": {
        "type": "Point",
        "coordinates": [
          11.4743185,
          3.8717818
        ]
      },
      "id": "node/7166168187"
    },
    {
      "type": "Feature",
      "properties": {
        "@id": "node/7166605683",
        "amenity": "clinic",
        "healthcare": "clinic",
        "name": "Maloine Sarl"
      },
      "geometry": {
        "type": "Point",
        "coordinates": [
          11.5643611,
          3.9141651
        ]
      },
      "id": "node/7166605683"
    },
    {
      "type": "Feature",
      "properties": {
        "@id": "node/7166605684",
        "amenity": "clinic",
        "healthcare": "clinic",
        "name": "Espoir Et Vie"
      },
      "geometry": {
        "type": "Point",
        "coordinates": [
          11.5594925,
          3.9129131
        ]
      },
      "id": "node/7166605684"
    },
    {
      "type": "Feature",
      "properties": {
        "@id": "node/7166621371",
        "amenity": "clinic",
        "healthcare": "clinic",
        "name": "Laboratoire Bourgeois"
      },
      "geometry": {
        "type": "Point",
        "coordinates": [
          11.562709,
          3.9072911
        ]
      },
      "id": "node/7166621371"
    },
    {
      "type": "Feature",
      "properties": {
        "@id": "node/7166621918",
        "amenity": "clinic",
        "healthcare": "clinic",
        "name": "Centre Medical Sainte Victoire"
      },
      "geometry": {
        "type": "Point",
        "coordinates": [
          11.5623374,
          3.9013021
        ]
      },
      "id": "node/7166621918"
    },
    {
      "type": "Feature",
      "properties": {
        "@id": "node/7166624253",
        "amenity": "clinic",
        "name": "Cabinet Médico Sanitaire - La Voix Du Seigneur M'appelle"
      },
      "geometry": {
        "type": "Point",
        "coordinates": [
          11.5548994,
          3.9305908
        ]
      },
      "id": "node/7166624253"
    },
    {
      "type": "Feature",
      "properties": {
        "@id": "node/7166633934",
        "amenity": "clinic"
      },
      "geometry": {
        "type": "Point",
        "coordinates": [
          11.5526149,
          3.9188495
        ]
      },
      "id": "node/7166633934"
    },
    {
      "type": "Feature",
      "properties": {
        "@id": "node/7166700178",
        "amenity": "clinic",
        "healthcare": "clinic",
        "name": "Grâce Divine"
      },
      "geometry": {
        "type": "Point",
        "coordinates": [
          11.5487384,
          3.8987818
        ]
      },
      "id": "node/7166700178"
    },
    {
      "type": "Feature",
      "properties": {
        "@id": "node/7166736348",
        "amenity": "clinic",
        "healthcare": "clinic",
        "name": "La Bienfaisance"
      },
      "geometry": {
        "type": "Point",
        "coordinates": [
          11.5441559,
          3.8987948
        ]
      },
      "id": "node/7166736348"
    },
    {
      "type": "Feature",
      "properties": {
        "@id": "node/7166739995",
        "amenity": "clinic",
        "healthcare": "clinic",
        "name": "La Miséricorde"
      },
      "geometry": {
        "type": "Point",
        "coordinates": [
          11.5468434,
          3.9025583
        ]
      },
      "id": "node/7166739995"
    },
    {
      "type": "Feature",
      "properties": {
        "@id": "node/7166740373",
        "amenity": "clinic",
        "healthcare": "clinic",
        "name": "La Miséricorde"
      },
      "geometry": {
        "type": "Point",
        "coordinates": [
          11.5372042,
          3.907082
        ]
      },
      "id": "node/7166740373"
    },
    {
      "type": "Feature",
      "properties": {
        "@id": "node/7166741483",
        "amenity": "clinic",
        "healthcare": "clinic",
        "name": "Djamtabo"
      },
      "geometry": {
        "type": "Point",
        "coordinates": [
          11.5401942,
          3.8981987
        ]
      },
      "id": "node/7166741483"
    },
    {
      "type": "Feature",
      "properties": {
        "@id": "node/7166742324",
        "amenity": "clinic",
        "healthcare": "clinic",
        "name": "Le Bien Être De Ngousso"
      },
      "geometry": {
        "type": "Point",
        "coordinates": [
          11.5458594,
          3.8993397
        ]
      },
      "id": "node/7166742324"
    },
    {
      "type": "Feature",
      "properties": {
        "@id": "node/7166747876",
        "amenity": "clinic",
        "healthcare": "clinic",
        "name": "Alliance Divine"
      },
      "geometry": {
        "type": "Point",
        "coordinates": [
          11.5364271,
          3.8987353
        ]
      },
      "id": "node/7166747876"
    },
    {
      "type": "Feature",
      "properties": {
        "@id": "node/7166749513",
        "amenity": "clinic",
        "healthcare": "clinic"
      },
      "geometry": {
        "type": "Point",
        "coordinates": [
          11.5468924,
          3.9076172
        ]
      },
      "id": "node/7166749513"
    },
    {
      "type": "Feature",
      "properties": {
        "@id": "node/7166751943",
        "amenity": "clinic",
        "healthcare": "clinic",
        "name": "Centre De Santé La Roche"
      },
      "geometry": {
        "type": "Point",
        "coordinates": [
          11.5483756,
          3.9089686
        ]
      },
      "id": "node/7166751943"
    },
    {
      "type": "Feature",
      "properties": {
        "@id": "node/7166756459",
        "amenity": "clinic",
        "healthcare": "clinic",
        "name": "Go For Humanity"
      },
      "geometry": {
        "type": "Point",
        "coordinates": [
          11.5502824,
          3.9112097
        ]
      },
      "id": "node/7166756459"
    },
    {
      "type": "Feature",
      "properties": {
        "@id": "node/7166767479",
        "amenity": "clinic",
        "healthcare": "clinic",
        "name": "La Gaieté"
      },
      "geometry": {
        "type": "Point",
        "coordinates": [
          11.5464391,
          3.91015
        ]
      },
      "id": "node/7166767479"
    },
    {
      "type": "Feature",
      "properties": {
        "@id": "node/7166782793",
        "amenity": "clinic",
        "healthcare": "clinic",
        "name": "La Fraternité"
      },
      "geometry": {
        "type": "Point",
        "coordinates": [
          11.5430474,
          3.9102932
        ]
      },
      "id": "node/7166782793"
    },
    {
      "type": "Feature",
      "properties": {
        "@id": "node/7166787429",
        "amenity": "clinic"
      },
      "geometry": {
        "type": "Point",
        "coordinates": [
          11.5460441,
          3.9141546
        ]
      },
      "id": "node/7166787429"
    },
    {
      "type": "Feature",
      "properties": {
        "@id": "node/7166788590",
        "amenity": "clinic",
        "name": "En Saïd"
      },
      "geometry": {
        "type": "Point",
        "coordinates": [
          11.5412544,
          3.9163823
        ]
      },
      "id": "node/7166788590"
    },
    {
      "type": "Feature",
      "properties": {
        "@id": "node/7166790480",
        "amenity": "clinic",
        "name": "Zogo Abena"
      },
      "geometry": {
        "type": "Point",
        "coordinates": [
          11.5422984,
          3.9163179
        ]
      },
      "id": "node/7166790480"
    },
    {
      "type": "Feature",
      "properties": {
        "@id": "node/7166793232",
        "amenity": "clinic",
        "name": "La Grâce Du Rédempteur"
      },
      "geometry": {
        "type": "Point",
        "coordinates": [
          11.5422763,
          3.9305366
        ]
      },
      "id": "node/7166793232"
    },
    {
      "type": "Feature",
      "properties": {
        "@id": "node/7166799775",
        "amenity": "clinic",
        "name": "Cabinet De Soins Espoir,santé & Vie"
      },
      "geometry": {
        "type": "Point",
        "coordinates": [
          11.5396799,
          3.9210953
        ]
      },
      "id": "node/7166799775"
    },
    {
      "type": "Feature",
      "properties": {
        "@id": "node/7166803744",
        "amenity": "clinic",
        "name": "Shalom"
      },
      "geometry": {
        "type": "Point",
        "coordinates": [
          11.5438863,
          3.9247279
        ]
      },
      "id": "node/7166803744"
    },
    {
      "type": "Feature",
      "properties": {
        "@id": "node/7166804631",
        "amenity": "clinic",
        "name": "Holly Anna'health Center"
      },
      "geometry": {
        "type": "Point",
        "coordinates": [
          11.5389135,
          3.9176908
        ]
      },
      "id": "node/7166804631"
    },
    {
      "type": "Feature",
      "properties": {
        "@id": "node/7166805434",
        "amenity": "clinic",
        "name": "Tamoud"
      },
      "geometry": {
        "type": "Point",
        "coordinates": [
          11.5432241,
          3.9216195
        ]
      },
      "id": "node/7166805434"
    },
    {
      "type": "Feature",
      "properties": {
        "@id": "node/7166808715",
        "amenity": "clinic",
        "name": "Propharmacie"
      },
      "geometry": {
        "type": "Point",
        "coordinates": [
          11.5418889,
          3.9200654
        ]
      },
      "id": "node/7166808715"
    },
    {
      "type": "Feature",
      "properties": {
        "@id": "node/7166808979",
        "amenity": "clinic",
        "name": "Tamoude"
      },
      "geometry": {
        "type": "Point",
        "coordinates": [
          11.54285,
          3.9215892
        ]
      },
      "id": "node/7166808979"
    },
    {
      "type": "Feature",
      "properties": {
        "@id": "node/7166810543",
        "amenity": "clinic",
        "name": "St Germaine"
      },
      "geometry": {
        "type": "Point",
        "coordinates": [
          11.5419933,
          3.9196908
        ]
      },
      "id": "node/7166810543"
    },
    {
      "type": "Feature",
      "properties": {
        "@id": "node/7166812917",
        "amenity": "clinic",
        "name": "Centre De Santé Don De Guérison"
      },
      "geometry": {
        "type": "Point",
        "coordinates": [
          11.5425301,
          3.9303664
        ]
      },
      "id": "node/7166812917"
    },
    {
      "type": "Feature",
      "properties": {
        "@id": "node/7166814055",
        "amenity": "clinic",
        "name": "Centee De Santé God's Will"
      },
      "geometry": {
        "type": "Point",
        "coordinates": [
          11.5407112,
          3.9206437
        ]
      },
      "id": "node/7166814055"
    },
    {
      "type": "Feature",
      "properties": {
        "@id": "node/7166815402",
        "amenity": "clinic",
        "name": "La Gloire"
      },
      "geometry": {
        "type": "Point",
        "coordinates": [
          11.5566328,
          3.9288521
        ]
      },
      "id": "node/7166815402"
    },
    {
      "type": "Feature",
      "properties": {
        "@id": "node/7166815918",
        "amenity": "clinic",
        "name": "Les Merveilles"
      },
      "geometry": {
        "type": "Point",
        "coordinates": [
          11.5423338,
          3.9216914
        ]
      },
      "id": "node/7166815918"
    },
    {
      "type": "Feature",
      "properties": {
        "@id": "node/7166818126",
        "amenity": "clinic",
        "name": "Samaritain"
      },
      "geometry": {
        "type": "Point",
        "coordinates": [
          11.5485634,
          3.9242094
        ]
      },
      "id": "node/7166818126"
    },
    {
      "type": "Feature",
      "properties": {
        "@id": "node/7171631844",
        "amenity": "hospital",
        "healthcare": "hospital",
        "name": "abe"
      },
      "geometry": {
        "type": "Point",
        "coordinates": [
          11.5205968,
          3.8824412
        ]
      },
      "id": "node/7171631844"
    },
    {
      "type": "Feature",
      "properties": {
        "@id": "node/7176969885",
        "amenity": "restaurant",
        "cuisine": "barbecue;steak_house;fish;local",
        "email": "sylvainonguene7@gmail.com",
        "name": "Pieds dans l'eau",
        "opening_hours": "Mo-Su 07:30-00:00",
        "phone": "677357155"
      },
      "geometry": {
        "type": "Point",
        "coordinates": [
          11.6048335,
          3.992253
        ]
      },
      "id": "node/7176969885"
    },
    {
      "type": "Feature",
      "properties": {
        "@id": "node/7178909385",
        "addr:street": "Rue 4.413",
        "name": "5 étoiles house",
        "tourism": "guest_house"
      },
      "geometry": {
        "type": "Point",
        "coordinates": [
          11.5929911,
          3.8408454
        ]
      },
      "id": "node/7178909385"
    },
    {
      "type": "Feature",
      "properties": {
        "@id": "node/7179451285",
        "addr:street": "Rue 4.610",
        "amenity": "clinic",
        "name": "Fondation médicale Mine et Da Sylva"
      },
      "geometry": {
        "type": "Point",
        "coordinates": [
          11.5951909,
          3.8401909
        ]
      },
      "id": "node/7179451285"
    },
    {
      "type": "Feature",
      "properties": {
        "@id": "node/7181642953",
        "name": "Hôtel Le Paradis",
        "tourism": "hotel"
      },
      "geometry": {
        "type": "Point",
        "coordinates": [
          11.5442302,
          3.898489
        ]
      },
      "id": "node/7181642953"
    },
    {
      "type": "Feature",
      "properties": {
        "@id": "node/7181643351",
        "name": "Hotêl Intel International",
        "tourism": "hotel"
      },
      "geometry": {
        "type": "Point",
        "coordinates": [
          11.5452167,
          3.9010702
        ]
      },
      "id": "node/7181643351"
    },
    {
      "type": "Feature",
      "properties": {
        "@id": "node/7181643352",
        "name": "Graces Hotel",
        "tourism": "hotel"
      },
      "geometry": {
        "type": "Point",
        "coordinates": [
          11.5469075,
          3.9001223
        ]
      },
      "id": "node/7181643352"
    },
    {
      "type": "Feature",
      "properties": {
        "@id": "node/7181651729",
        "name": "Hôtel Mansel",
        "tourism": "hotel"
      },
      "geometry": {
        "type": "Point",
        "coordinates": [
          11.5343208,
          3.8824618
        ]
      },
      "id": "node/7181651729"
    },
    {
      "type": "Feature",
      "properties": {
        "@id": "node/7181653261",
        "name": "Complexe De La Capitale",
        "tourism": "hotel"
      },
      "geometry": {
        "type": "Point",
        "coordinates": [
          11.534024,
          3.8799195
        ]
      },
      "id": "node/7181653261"
    },
    {
      "type": "Feature",
      "properties": {
        "@id": "node/7181653262",
        "name": "Hotel Meli Melo Sarl",
        "tourism": "hotel"
      },
      "geometry": {
        "type": "Point",
        "coordinates": [
          11.5336528,
          3.8798946
        ]
      },
      "id": "node/7181653262"
    },
    {
      "type": "Feature",
      "properties": {
        "@id": "node/7181655129",
        "name": "Hôtel Jardin D'eden",
        "tourism": "hotel"
      },
      "geometry": {
        "type": "Point",
        "coordinates": [
          11.5459992,
          3.8991485
        ]
      },
      "id": "node/7181655129"
    },
    {
      "type": "Feature",
      "properties": {
        "@id": "node/7181671369",
        "name": "Ndiadji Hôtel",
        "tourism": "hotel"
      },
      "geometry": {
        "type": "Point",
        "coordinates": [
          11.5347334,
          3.8793745
        ]
      },
      "id": "node/7181671369"
    },
    {
      "type": "Feature",
      "properties": {
        "@id": "node/7181673199",
        "tourism": "hotel"
      },
      "geometry": {
        "type": "Point",
        "coordinates": [
          11.5366643,
          3.8870384
        ]
      },
      "id": "node/7181673199"
    },
    {
      "type": "Feature",
      "properties": {
        "@id": "node/7181680280",
        "name": "Nostra Venusa Sarl Motel Salvador",
        "tourism": "hotel"
      },
      "geometry": {
        "type": "Point",
        "coordinates": [
          11.5355121,
          3.8845865
        ]
      },
      "id": "node/7181680280"
    },
    {
      "type": "Feature",
      "properties": {
        "@id": "node/7181699571",
        "name": "Olympic Hotel",
        "tourism": "hotel"
      },
      "geometry": {
        "type": "Point",
        "coordinates": [
          11.5452562,
          3.8765252
        ]
      },
      "id": "node/7181699571"
    },
    {
      "type": "Feature",
      "properties": {
        "@id": "node/7181721038",
        "name": "Jeunesse Hôtel",
        "tourism": "hotel"
      },
      "geometry": {
        "type": "Point",
        "coordinates": [
          11.5436512,
          3.8746487
        ]
      },
      "id": "node/7181721038"
    },
    {
      "type": "Feature",
      "properties": {
        "@id": "node/7181721039",
        "contact:phone": "(+237) 690745313",
        "name": "Travel Lodges",
        "tourism": "hotel"
      },
      "geometry": {
        "type": "Point",
        "coordinates": [
          11.5429289,
          3.8748374
        ]
      },
      "id": "node/7181721039"
    },
    {
      "type": "Feature",
      "properties": {
        "@id": "node/7181721374",
        "contact:phone": "(+237) 222223689",
        "name": "Matonsi Hôtel",
        "tourism": "hotel"
      },
      "geometry": {
        "type": "Point",
        "coordinates": [
          11.5478258,
          3.8772149
        ]
      },
      "id": "node/7181721374"
    },
    {
      "type": "Feature",
      "properties": {
        "@id": "node/7181722385",
        "contact:phone": "(+237) 222227169",
        "name": "Le Papyrus",
        "tourism": "hotel"
      },
      "geometry": {
        "type": "Point",
        "coordinates": [
          11.5439995,
          3.8771933
        ]
      },
      "id": "node/7181722385"
    },
    {
      "type": "Feature",
      "properties": {
        "@id": "node/7181722386",
        "contact:phone": "(+237) 652569528",
        "name": "Montadieu",
        "tourism": "hotel"
      },
      "geometry": {
        "type": "Point",
        "coordinates": [
          11.5448299,
          3.8779193
        ]
      },
      "id": "node/7181722386"
    },
    {
      "type": "Feature",
      "properties": {
        "@id": "node/7181722387",
        "name": "Résidence Manlõn",
        "tourism": "hotel"
      },
      "geometry": {
        "type": "Point",
        "coordinates": [
          11.5445856,
          3.8781059
        ]
      },
      "id": "node/7181722387"
    },
    {
      "type": "Feature",
      "properties": {
        "@id": "node/7181722388",
        "name": "Luxxor Hôtel",
        "tourism": "hotel"
      },
      "geometry": {
        "type": "Point",
        "coordinates": [
          11.5435327,
          3.8769515
        ]
      },
      "id": "node/7181722388"
    },
    {
      "type": "Feature",
      "properties": {
        "@id": "node/7181744122",
        "name": "Appartements Victoire",
        "tourism": "hotel"
      },
      "geometry": {
        "type": "Point",
        "coordinates": [
          11.541569,
          3.8734236
        ]
      },
      "id": "node/7181744122"
    },
    {
      "type": "Feature",
      "properties": {
        "@id": "node/7181753490",
        "addr:postcode": "Bp. 709 yaoundé",
        "contact:phone": "(+237) 672240892",
        "name": "Badenk",
        "tourism": "hotel"
      },
      "geometry": {
        "type": "Point",
        "coordinates": [
          11.537842,
          3.8725667
        ]
      },
      "id": "node/7181753490"
    },
    {
      "type": "Feature",
      "properties": {
        "@id": "node/7181753491",
        "addr:postcode": "Bp.1853",
        "contact:phone": "(+237) 22228688",
        "name": "Maguy",
        "tourism": "hotel"
      },
      "geometry": {
        "type": "Point",
        "coordinates": [
          11.5371692,
          3.8737132
        ]
      },
      "id": "node/7181753491"
    },
    {
      "type": "Feature",
      "properties": {
        "@id": "node/7181762635",
        "name": "La Life",
        "tourism": "hotel"
      },
      "geometry": {
        "type": "Point",
        "coordinates": [
          11.5328374,
          3.8699742
        ]
      },
      "id": "node/7181762635"
    },
    {
      "type": "Feature",
      "properties": {
        "@id": "node/7181762636",
        "name": "Washington Hôtel",
        "tourism": "hotel"
      },
      "geometry": {
        "type": "Point",
        "coordinates": [
          11.5342785,
          3.8717202
        ]
      },
      "id": "node/7181762636"
    },
    {
      "type": "Feature",
      "properties": {
        "@id": "node/7181762637",
        "contact:phone": "(+237) 222133977",
        "name": "République Hôtel",
        "tourism": "hotel"
      },
      "geometry": {
        "type": "Point",
        "coordinates": [
          11.5337143,
          3.8710299
        ]
      },
      "id": "node/7181762637"
    },
    {
      "type": "Feature",
      "properties": {
        "@id": "node/7181762638",
        "addr:postcode": "Bp:3108",
        "contact:phone": "(+237) 67424046",
        "name": "Hôtel De L'avenir",
        "tourism": "hotel"
      },
      "geometry": {
        "type": "Point",
        "coordinates": [
          11.5481302,
          3.8773246
        ]
      },
      "id": "node/7181762638"
    },
    {
      "type": "Feature",
      "properties": {
        "@id": "node/7191216882",
        "name": "Motel Quart De Tour",
        "opening_hours": "true",
        "tourism": "motel"
      },
      "geometry": {
        "type": "Point",
        "coordinates": [
          11.5514822,
          3.8850152
        ]
      },
      "id": "node/7191216882"
    },
    {
      "type": "Feature",
      "properties": {
        "@id": "node/7191216883",
        "name": "Motel Rosa Blanca",
        "tourism": "motel"
      },
      "geometry": {
        "type": "Point",
        "coordinates": [
          11.5529586,
          3.8840042
        ]
      },
      "id": "node/7191216883"
    },
    {
      "type": "Feature",
      "properties": {
        "@id": "node/7191223832",
        "contact:phone": "(+237) 650586915",
        "name": "Motel Jakarta City",
        "tourism": "motel"
      },
      "geometry": {
        "type": "Point",
        "coordinates": [
          11.5687215,
          3.9005566
        ]
      },
      "id": "node/7191223832"
    },
    {
      "type": "Feature",
      "properties": {
        "@id": "node/7191225350",
        "name": "Motel La Griffe",
        "tourism": "motel"
      },
      "geometry": {
        "type": "Point",
        "coordinates": [
          11.5417763,
          3.8754941
        ]
      },
      "id": "node/7191225350"
    },
    {
      "type": "Feature",
      "properties": {
        "@id": "node/7191225351",
        "name": "Le Marseillais",
        "tourism": "motel"
      },
      "geometry": {
        "type": "Point",
        "coordinates": [
          11.5411478,
          3.8752839
        ]
      },
      "id": "node/7191225351"
    },
    {
      "type": "Feature",
      "properties": {
        "@id": "node/7191228540",
        "name": "Le Baroko Vip",
        "tourism": "motel"
      },
      "geometry": {
        "type": "Point",
        "coordinates": [
          11.5513814,
          3.8995959
        ]
      },
      "id": "node/7191228540"
    },
    {
      "type": "Feature",
      "properties": {
        "@id": "node/7191260347",
        "name": "Le Métro",
        "tourism": "motel"
      },
      "geometry": {
        "type": "Point",
        "coordinates": [
          11.5380223,
          3.8721531
        ]
      },
      "id": "node/7191260347"
    },
    {
      "type": "Feature",
      "properties": {
        "@id": "node/7191268854",
        "name": "Motel Chat Blanc",
        "tourism": "motel"
      },
      "geometry": {
        "type": "Point",
        "coordinates": [
          11.5472149,
          3.8921439
        ]
      },
      "id": "node/7191268854"
    },
    {
      "type": "Feature",
      "properties": {
        "@id": "node/7191273311",
        "name": "Motel Cousin Castor",
        "tourism": "motel"
      },
      "geometry": {
        "type": "Point",
        "coordinates": [
          11.5310714,
          3.869552
        ]
      },
      "id": "node/7191273311"
    },
    {
      "type": "Feature",
      "properties": {
        "@id": "node/7192779250",
        "amenity": "pharmacy",
        "name": "Pharmacie d'Oyom-Abang"
      },
      "geometry": {
        "type": "Point",
        "coordinates": [
          11.4754035,
          3.8750506
        ]
      },
      "id": "node/7192779250"
    },
    {
      "type": "Feature",
      "properties": {
        "@id": "node/7192964946",
        "name": "Taf Sport",
        "tourism": "hotel"
      },
      "geometry": {
        "type": "Point",
        "coordinates": [
          11.5354926,
          3.8898648
        ]
      },
      "id": "node/7192964946"
    },
    {
      "type": "Feature",
      "properties": {
        "@id": "node/7192969414",
        "name": "Felidac Hotel",
        "tourism": "hotel"
      },
      "geometry": {
        "type": "Point",
        "coordinates": [
          11.5406683,
          3.8790045
        ]
      },
      "id": "node/7192969414"
    },
    {
      "type": "Feature",
      "properties": {
        "@id": "node/7192992511",
        "name": "Hôtel La Renardière",
        "tourism": "hotel"
      },
      "geometry": {
        "type": "Point",
        "coordinates": [
          11.5466208,
          3.8877462
        ]
      },
      "id": "node/7192992511"
    },
    {
      "type": "Feature",
      "properties": {
        "@id": "node/7193000727",
        "name": "Michou Hôtel",
        "tourism": "hotel"
      },
      "geometry": {
        "type": "Point",
        "coordinates": [
          11.5441337,
          3.8955157
        ]
      },
      "id": "node/7193000727"
    },
    {
      "type": "Feature",
      "properties": {
        "@id": "node/7193001111",
        "name": "Mfandena",
        "tourism": "hotel"
      },
      "geometry": {
        "type": "Point",
        "coordinates": [
          11.537109,
          3.888608
        ]
      },
      "id": "node/7193001111"
    },
    {
      "type": "Feature",
      "properties": {
        "@id": "node/7193030669",
        "addr:postcode": "BP4112 yaounde-cameroun",
        "name": "Hotel Blanco",
        "note:nombre de chambres": "16",
        "number_of_apartments": "4",
        "source": "survey:PFE(IT3) ENSTP Yaounde 2010",
        "stars": "1",
        "tourism": "hotel"
      },
      "geometry": {
        "type": "Point",
        "coordinates": [
          11.5409057,
          3.9085993
        ]
      },
      "id": "node/7193030669"
    },
    {
      "type": "Feature",
      "properties": {
        "@id": "node/7193040053",
        "name": "Maison D'hôte Clin D'oeil",
        "tourism": "hotel"
      },
      "geometry": {
        "type": "Point",
        "coordinates": [
          11.5477617,
          3.8821208
        ]
      },
      "id": "node/7193040053"
    },
    {
      "type": "Feature",
      "properties": {
        "@id": "node/7193048413",
        "contact:website": "www.segmadhotel.com",
        "name": "Segmad Hôtel",
        "tourism": "hotel"
      },
      "geometry": {
        "type": "Point",
        "coordinates": [
          11.5399059,
          3.9093949
        ]
      },
      "id": "node/7193048413"
    },
    {
      "type": "Feature",
      "properties": {
        "@id": "node/7193052519",
        "name": "Hotel Misa",
        "tourism": "hotel"
      },
      "geometry": {
        "type": "Point",
        "coordinates": [
          11.5638531,
          3.9088177
        ]
      },
      "id": "node/7193052519"
    },
    {
      "type": "Feature",
      "properties": {
        "@id": "node/7193079368",
        "addr:postcode": "BP: 12811 YAOUNDE",
        "contact:phone": "(+237) 22226648/",
        "name": "Hotel Miradir Sarl",
        "tourism": "hotel"
      },
      "geometry": {
        "type": "Point",
        "coordinates": [
          11.5248005,
          3.862052
        ]
      },
      "id": "node/7193079368"
    },
    {
      "type": "Feature",
      "properties": {
        "@id": "node/7193085259",
        "name": "Hôtel Jouvence 2000",
        "tourism": "hotel"
      },
      "geometry": {
        "type": "Point",
        "coordinates": [
          11.5308395,
          3.8758337
        ]
      },
      "id": "node/7193085259"
    },
    {
      "type": "Feature",
      "properties": {
        "@id": "node/7193086295",
        "addr:postcode": "BP 367",
        "contact:phone": "(+237) 222 22 34 91",
        "name": "Hôtel les Pyramides",
        "note:nombre de chambres": "22",
        "source": "survey:PFE(IT3) ENSTP Yaounde 2010",
        "stars": "1",
        "tourism": "hotel"
      },
      "geometry": {
        "type": "Point",
        "coordinates": [
          11.5539117,
          3.8800007
        ]
      },
      "id": "node/7193086295"
    },
    {
      "type": "Feature",
      "properties": {
        "@id": "node/7193087518",
        "contact:phone": "(+237) 222225634",
        "name": "Hôtel Succès Plus",
        "tourism": "hotel"
      },
      "geometry": {
        "type": "Point",
        "coordinates": [
          11.5280971,
          3.8631531
        ]
      },
      "id": "node/7193087518"
    },
    {
      "type": "Feature",
      "properties": {
        "@id": "node/7193092766",
        "check_date": "2026-03-22",
        "name": "Hôtel Jouvence International",
        "tourism": "hotel"
      },
      "geometry": {
        "type": "Point",
        "coordinates": [
          11.5283382,
          3.8713812
        ]
      },
      "id": "node/7193092766"
    },
    {
      "type": "Feature",
      "properties": {
        "@id": "node/7207653154",
        "amenity": "pharmacy",
        "healthcare": "pharmacy"
      },
      "geometry": {
        "type": "Point",
        "coordinates": [
          11.5447866,
          3.8890955
        ]
      },
      "id": "node/7207653154"
    },
    {
      "type": "Feature",
      "properties": {
        "@id": "node/7207669077",
        "amenity": "pharmacy",
        "healthcare": "pharmacy"
      },
      "geometry": {
        "type": "Point",
        "coordinates": [
          11.5462451,
          3.9024474
        ]
      },
      "id": "node/7207669077"
    },
    {
      "type": "Feature",
      "properties": {
        "@id": "node/7207678393",
        "amenity": "pharmacy",
        "contact:email": "caphavet@yahoo.fr",
        "healthcare": "pharmacy",
        "name": "Capha Vet Sarl Pharmacie Vétérinaires"
      },
      "geometry": {
        "type": "Point",
        "coordinates": [
          11.5342397,
          3.886491
        ]
      },
      "id": "node/7207678393"
    },
    {
      "type": "Feature",
      "properties": {
        "@id": "node/7207680779",
        "amenity": "pharmacy",
        "healthcare": "pharmacy",
        "name": "La Sante"
      },
      "geometry": {
        "type": "Point",
        "coordinates": [
          11.5322239,
          3.8724589
        ]
      },
      "id": "node/7207680779"
    },
    {
      "type": "Feature",
      "properties": {
        "@id": "node/7207683699",
        "amenity": "pharmacy",
        "healthcare": "pharmacy",
        "name": "Pharmacie Montesquieu (espace Conseils)"
      },
      "geometry": {
        "type": "Point",
        "coordinates": [
          11.5249993,
          3.8625442
        ]
      },
      "id": "node/7207683699"
    },
    {
      "type": "Feature",
      "properties": {
        "@id": "node/7207683786",
        "amenity": "pharmacy",
        "contact:phone": "(+237) 673673033",
        "healthcare": "pharmacy",
        "name": "Dr.iguedo's Goko"
      },
      "geometry": {
        "type": "Point",
        "coordinates": [
          11.5399355,
          3.8722753
        ]
      },
      "id": "node/7207683786"
    },
    {
      "type": "Feature",
      "properties": {
        "@id": "node/7207684672",
        "amenity": "pharmacy",
        "healthcare": "pharmacy",
        "name": "Pharmacie Mvog Ada"
      },
      "geometry": {
        "type": "Point",
        "coordinates": [
          11.5277271,
          3.8643785
        ]
      },
      "id": "node/7207684672"
    },
    {
      "type": "Feature",
      "properties": {
        "@id": "node/7207684673",
        "amenity": "pharmacy",
        "healthcare": "pharmacy",
        "name": "Pharmacie De L'arche"
      },
      "geometry": {
        "type": "Point",
        "coordinates": [
          11.5295865,
          3.8663421
        ]
      },
      "id": "node/7207684673"
    },
    {
      "type": "Feature",
      "properties": {
        "@id": "node/7207685052",
        "amenity": "pharmacy",
        "contact:email": "pbodio@yahoo.fr",
        "healthcare": "pharmacy",
        "name": "Pharmacie Le Bon Berger"
      },
      "geometry": {
        "type": "Point",
        "coordinates": [
          11.5388462,
          3.8813214
        ]
      },
      "id": "node/7207685052"
    },
    {
      "type": "Feature",
      "properties": {
        "@id": "node/7207686738",
        "amenity": "pharmacy",
        "healthcare": "pharmacy",
        "name": "Pharmacie De La Rosée"
      },
      "geometry": {
        "type": "Point",
        "coordinates": [
          11.5568303,
          3.9002316
        ]
      },
      "id": "node/7207686738"
    },
    {
      "type": "Feature",
      "properties": {
        "@id": "node/7207690222",
        "amenity": "pharmacy",
        "healthcare": "pharmacy",
        "name": "Pharmacie de La Chapelle"
      },
      "geometry": {
        "type": "Point",
        "coordinates": [
          11.5497167,
          3.8988401
        ]
      },
      "id": "node/7207690222"
    },
    {
      "type": "Feature",
      "properties": {
        "@id": "node/7207698014",
        "amenity": "pharmacy",
        "contact:phone": "(+237) 222222968",
        "healthcare": "pharmacy",
        "name": "Pharmacie Le Cygne"
      },
      "geometry": {
        "type": "Point",
        "coordinates": [
          11.5303784,
          3.8618149
        ]
      },
      "id": "node/7207698014"
    },
    {
      "type": "Feature",
      "properties": {
        "@id": "node/7207698555",
        "amenity": "pharmacy",
        "healthcare": "pharmacy",
        "name": "Complexe Miss Ngou"
      },
      "geometry": {
        "type": "Point",
        "coordinates": [
          11.5583002,
          3.8878926
        ]
      },
      "id": "node/7207698555"
    },
    {
      "type": "Feature",
      "properties": {
        "@id": "node/7207700174",
        "amenity": "pharmacy",
        "healthcare": "pharmacy",
        "name": "Pharmacie De La Cité"
      },
      "geometry": {
        "type": "Point",
        "coordinates": [
          11.5517932,
          3.8851982
        ]
      },
      "id": "node/7207700174"
    },
    {
      "type": "Feature",
      "properties": {
        "@id": "node/7207701109",
        "amenity": "pharmacy",
        "healthcare": "pharmacy",
        "name": "Médicament Vétérinaire"
      },
      "geometry": {
        "type": "Point",
        "coordinates": [
          11.5277825,
          3.8689175
        ]
      },
      "id": "node/7207701109"
    },
    {
      "type": "Feature",
      "properties": {
        "@id": "node/7207703602",
        "amenity": "pharmacy",
        "healthcare": "pharmacy",
        "name": "Pharmacie du Lycée Bilingue"
      },
      "geometry": {
        "type": "Point",
        "coordinates": [
          11.5496417,
          3.8785935
        ]
      },
      "id": "node/7207703602"
    },
    {
      "type": "Feature",
      "properties": {
        "@id": "node/7207705090",
        "amenity": "pharmacy",
        "healthcare": "pharmacy",
        "name": "Phamarcie Athera"
      },
      "geometry": {
        "type": "Point",
        "coordinates": [
          11.5474852,
          3.8867912
        ]
      },
      "id": "node/7207705090"
    },
    {
      "type": "Feature",
      "properties": {
        "@id": "node/7207711955",
        "amenity": "pharmacy",
        "healthcare": "pharmacy",
        "name": "Pro-pharmacie"
      },
      "geometry": {
        "type": "Point",
        "coordinates": [
          11.5665114,
          3.9071578
        ]
      },
      "id": "node/7207711955"
    },
    {
      "type": "Feature",
      "properties": {
        "@id": "node/7207713949",
        "amenity": "pharmacy",
        "healthcare": "pharmacy",
        "name": "Santé St Victor"
      },
      "geometry": {
        "type": "Point",
        "coordinates": [
          11.5616834,
          3.9128037
        ]
      },
      "id": "node/7207713949"
    },
    {
      "type": "Feature",
      "properties": {
        "@id": "node/7207718237",
        "amenity": "pharmacy",
        "name": "La Médecine Naturelle De Maman Nettoyage"
      },
      "geometry": {
        "type": "Point",
        "coordinates": [
          11.56052,
          3.924255
        ]
      },
      "id": "node/7207718237"
    },
    {
      "type": "Feature",
      "properties": {
        "@id": "node/7218847179",
        "amenity": "restaurant"
      },
      "geometry": {
        "type": "Point",
        "coordinates": [
          11.561442,
          3.915803
        ]
      },
      "id": "node/7218847179"
    },
    {
      "type": "Feature",
      "properties": {
        "@id": "node/7218893655",
        "amenity": "restaurant"
      },
      "geometry": {
        "type": "Point",
        "coordinates": [
          11.5393477,
          3.9219329
        ]
      },
      "id": "node/7218893655"
    },
    {
      "type": "Feature",
      "properties": {
        "@id": "node/7218911227",
        "amenity": "restaurant"
      },
      "geometry": {
        "type": "Point",
        "coordinates": [
          11.5446118,
          3.9312822
        ]
      },
      "id": "node/7218911227"
    },
    {
      "type": "Feature",
      "properties": {
        "@id": "node/7218917097",
        "amenity": "restaurant"
      },
      "geometry": {
        "type": "Point",
        "coordinates": [
          11.5389242,
          3.9219897
        ]
      },
      "id": "node/7218917097"
    },
    {
      "type": "Feature",
      "properties": {
        "@id": "node/7218919937",
        "amenity": "restaurant",
        "name": "Restaurant Wurey Bay"
      },
      "geometry": {
        "type": "Point",
        "coordinates": [
          11.5389557,
          3.9177577
        ]
      },
      "id": "node/7218919937"
    },
    {
      "type": "Feature",
      "properties": {
        "@id": "node/7218921088",
        "amenity": "restaurant",
        "name": "Guyso Café Resto"
      },
      "geometry": {
        "type": "Point",
        "coordinates": [
          11.5432265,
          3.9311661
        ]
      },
      "id": "node/7218921088"
    },
    {
      "type": "Feature",
      "properties": {
        "@id": "node/7218924287",
        "amenity": "restaurant",
        "name": "Restaurant Zili Vip"
      },
      "geometry": {
        "type": "Point",
        "coordinates": [
          11.5389892,
          3.9179265
        ]
      },
      "id": "node/7218924287"
    },
    {
      "type": "Feature",
      "properties": {
        "@id": "node/7218927825",
        "amenity": "restaurant"
      },
      "geometry": {
        "type": "Point",
        "coordinates": [
          11.5614071,
          3.9172995
        ]
      },
      "id": "node/7218927825"
    },
    {
      "type": "Feature",
      "properties": {
        "@id": "node/7218928030",
        "amenity": "restaurant"
      },
      "geometry": {
        "type": "Point",
        "coordinates": [
          11.5611181,
          3.9173597
        ]
      },
      "id": "node/7218928030"
    },
    {
      "type": "Feature",
      "properties": {
        "@id": "node/7218951700",
        "amenity": "restaurant"
      },
      "geometry": {
        "type": "Point",
        "coordinates": [
          11.561201,
          3.9111799
        ]
      },
      "id": "node/7218951700"
    },
    {
      "type": "Feature",
      "properties": {
        "@id": "node/7218954417",
        "amenity": "restaurant"
      },
      "geometry": {
        "type": "Point",
        "coordinates": [
          11.5615905,
          3.9143496
        ]
      },
      "id": "node/7218954417"
    },
    {
      "type": "Feature",
      "properties": {
        "@id": "node/7218980545",
        "amenity": "restaurant"
      },
      "geometry": {
        "type": "Point",
        "coordinates": [
          11.562362,
          3.9083551
        ]
      },
      "id": "node/7218980545"
    },
    {
      "type": "Feature",
      "properties": {
        "@id": "node/7218992325",
        "amenity": "restaurant",
        "name": "La Touche De La Mère"
      },
      "geometry": {
        "type": "Point",
        "coordinates": [
          11.5665919,
          3.9073295
        ]
      },
      "id": "node/7218992325"
    },
    {
      "type": "Feature",
      "properties": {
        "@id": "node/7219017333",
        "amenity": "restaurant"
      },
      "geometry": {
        "type": "Point",
        "coordinates": [
          11.5695778,
          3.9089993
        ]
      },
      "id": "node/7219017333"
    },
    {
      "type": "Feature",
      "properties": {
        "@id": "node/7219032555",
        "amenity": "restaurant"
      },
      "geometry": {
        "type": "Point",
        "coordinates": [
          11.5658261,
          3.9072961
        ]
      },
      "id": "node/7219032555"
    },
    {
      "type": "Feature",
      "properties": {
        "@id": "node/7219112401",
        "amenity": "restaurant"
      },
      "geometry": {
        "type": "Point",
        "coordinates": [
          11.5652829,
          3.9065013
        ]
      },
      "id": "node/7219112401"
    },
    {
      "type": "Feature",
      "properties": {
        "@id": "node/7219151587",
        "amenity": "restaurant",
        "name": "Cafe Restaurant Le Bon Goût"
      },
      "geometry": {
        "type": "Point",
        "coordinates": [
          11.5623788,
          3.906983
        ]
      },
      "id": "node/7219151587"
    },
    {
      "type": "Feature",
      "properties": {
        "@id": "node/7219183915",
        "amenity": "restaurant"
      },
      "geometry": {
        "type": "Point",
        "coordinates": [
          11.5605716,
          3.9048262
        ]
      },
      "id": "node/7219183915"
    },
    {
      "type": "Feature",
      "properties": {
        "@id": "node/7219190812",
        "amenity": "restaurant",
        "name": "Dubai Bar"
      },
      "geometry": {
        "type": "Point",
        "coordinates": [
          11.568688,
          3.8988253
        ]
      },
      "id": "node/7219190812"
    },
    {
      "type": "Feature",
      "properties": {
        "@id": "node/7219228946",
        "amenity": "restaurant"
      },
      "geometry": {
        "type": "Point",
        "coordinates": [
          11.5680476,
          3.8989229
        ]
      },
      "id": "node/7219228946"
    },
    {
      "type": "Feature",
      "properties": {
        "@id": "node/7219253429",
        "amenity": "restaurant"
      },
      "geometry": {
        "type": "Point",
        "coordinates": [
          11.5669459,
          3.899509
        ]
      },
      "id": "node/7219253429"
    },
    {
      "type": "Feature",
      "properties": {
        "@id": "node/7219263960",
        "amenity": "restaurant",
        "name": "Daly Resto-bar"
      },
      "geometry": {
        "type": "Point",
        "coordinates": [
          11.5655673,
          3.8995307
        ]
      },
      "id": "node/7219263960"
    },
    {
      "type": "Feature",
      "properties": {
        "@id": "node/7219266122",
        "amenity": "restaurant"
      },
      "geometry": {
        "type": "Point",
        "coordinates": [
          11.5662713,
          3.8998147
        ]
      },
      "id": "node/7219266122"
    },
    {
      "type": "Feature",
      "properties": {
        "@id": "node/7219339259",
        "amenity": "restaurant"
      },
      "geometry": {
        "type": "Point",
        "coordinates": [
          11.5644652,
          3.9020963
        ]
      },
      "id": "node/7219339259"
    },
    {
      "type": "Feature",
      "properties": {
        "@id": "node/7219345999",
        "amenity": "restaurant"
      },
      "geometry": {
        "type": "Point",
        "coordinates": [
          11.5639817,
          3.9004422
        ]
      },
      "id": "node/7219345999"
    },
    {
      "type": "Feature",
      "properties": {
        "@id": "node/7219387563",
        "amenity": "restaurant"
      },
      "geometry": {
        "type": "Point",
        "coordinates": [
          11.5671689,
          3.8928096
        ]
      },
      "id": "node/7219387563"
    },
    {
      "type": "Feature",
      "properties": {
        "@id": "node/7219395827",
        "amenity": "restaurant"
      },
      "geometry": {
        "type": "Point",
        "coordinates": [
          11.5509197,
          3.9099052
        ]
      },
      "id": "node/7219395827"
    },
    {
      "type": "Feature",
      "properties": {
        "@id": "node/7219412642",
        "amenity": "restaurant"
      },
      "geometry": {
        "type": "Point",
        "coordinates": [
          11.566157,
          3.8927249
        ]
      },
      "id": "node/7219412642"
    },
    {
      "type": "Feature",
      "properties": {
        "@id": "node/7219464938",
        "amenity": "restaurant",
        "name": "Le Doublon"
      },
      "geometry": {
        "type": "Point",
        "coordinates": [
          11.5655605,
          3.8915137
        ]
      },
      "id": "node/7219464938"
    },
    {
      "type": "Feature",
      "properties": {
        "@id": "node/7219483374",
        "amenity": "restaurant"
      },
      "geometry": {
        "type": "Point",
        "coordinates": [
          11.5615081,
          3.8798411
        ]
      },
      "id": "node/7219483374"
    },
    {
      "type": "Feature",
      "properties": {
        "@id": "node/7229936372",
        "addr:city": "Yaoundé VI",
        "addr:street": "rue 7355",
        "amenity": "doctors",
        "ele": "708",
        "healthcare": "doctor",
        "healthcare:speciality": "general",
        "name": "Centre de Santé Saint Raphaël"
      },
      "geometry": {
        "type": "Point",
        "coordinates": [
          11.4773747,
          3.8429778
        ]
      },
      "id": "node/7229936372"
    },
    {
      "type": "Feature",
      "properties": {
        "@id": "node/7229970680",
        "addr:city": "Yaoundé VI",
        "addr:street": "rue 7426",
        "amenity": "doctors",
        "ele": "728",
        "healthcare": "doctor",
        "name": "centre de santé la providence"
      },
      "geometry": {
        "type": "Point",
        "coordinates": [
          11.4773389,
          3.8429255
        ]
      },
      "id": "node/7229970680"
    },
    {
      "type": "Feature",
      "properties": {
        "@id": "node/7229970934",
        "addr:city": "Yaoundé VI",
        "addr:street": "Rue 7.719",
        "amenity": "doctors",
        "ele": "709",
        "healthcare": "doctor",
        "name": "Cabinet de kinésiethérapie \"santé éspoir\""
      },
      "geometry": {
        "type": "Point",
        "coordinates": [
          11.4775076,
          3.843034
        ]
      },
      "id": "node/7229970934"
    },
    {
      "type": "Feature",
      "properties": {
        "@id": "node/7230006182",
        "addr:city": "Yaoundé VI",
        "addr:street": "Rue 8640",
        "amenity": "doctors",
        "ele": "745",
        "healthcare": "hospital",
        "healthcare:speciality": "general",
        "name": "cabinet medical la gloire"
      },
      "geometry": {
        "type": "Point",
        "coordinates": [
          11.4772597,
          3.842919
        ]
      },
      "id": "node/7230006182"
    },
    {
      "type": "Feature",
      "properties": {
        "@id": "node/7230011827",
        "addr:street": "Avenue d'Etoug-Ebé",
        "amenity": "doctors",
        "description": "Ajout d'un centre de santé avenue Etoug-Ebé",
        "ele": "756",
        "healthcare": "doctor",
        "healthcare:speciality": "general",
        "name": "centre de santé la patience"
      },
      "geometry": {
        "type": "Point",
        "coordinates": [
          11.4772527,
          3.8428414
        ]
      },
      "id": "node/7230011827"
    },
    {
      "type": "Feature",
      "properties": {
        "@id": "node/7230032188",
        "addr:city": "Yaoundé VI",
        "addr:street": "rue 7529",
        "amenity": "doctors",
        "ele": "715",
        "healthcare": "hospital",
        "healthcare:speciality": "general",
        "name": "Cabinet Médicale saint Chrétien plus"
      },
      "geometry": {
        "type": "Point",
        "coordinates": [
          11.4773573,
          3.8428949
        ]
      },
      "id": "node/7230032188"
    },
    {
      "type": "Feature",
      "properties": {
        "@id": "node/7230053894",
        "addr:city": "Yaoundé VI",
        "addr:street": "rue 8570",
        "amenity": "doctors",
        "ele": "730",
        "healthcare": "hospital",
        "healthcare:speciality": "paediatrics;radiology",
        "name": "centre medical mere-enfants\"ANACO\""
      },
      "geometry": {
        "type": "Point",
        "coordinates": [
          11.4773147,
          3.8428049
        ]
      },
      "id": "node/7230053894"
    },
    {
      "type": "Feature",
      "properties": {
        "@id": "node/7230058319",
        "addr:city": "Yaoundé VI",
        "addr:street": "rue 7468",
        "amenity": "doctors",
        "ele": "726",
        "healthcare": "hospital",
        "healthcare:speciality": "dentist",
        "name": "cabinet dentaire"
      },
      "geometry": {
        "type": "Point",
        "coordinates": [
          11.4772544,
          3.8428862
        ]
      },
      "id": "node/7230058319"
    },
    {
      "type": "Feature",
      "properties": {
        "@id": "node/7230072527",
        "addr:city": "Yaoundé VI",
        "addr:street": "rue 7253",
        "amenity": "doctors",
        "ele": "720",
        "healthcare": "hospital",
        "healthcare:speciality": "gynaecology;chiropractic",
        "name": "centre de chirurchie et génycologie"
      },
      "geometry": {
        "type": "Point",
        "coordinates": [
          11.4772936,
          3.8428969
        ]
      },
      "id": "node/7230072527"
    },
    {
      "type": "Feature",
      "properties": {
        "@id": "node/7230080168",
        "addr:city": "Yaoundé VI",
        "addr:street": "Rue 8558",
        "amenity": "doctors",
        "ele": "726",
        "healthcare": "hospital",
        "healthcare:speciality": "general",
        "name": "centre medicale sainte Mathilde"
      },
      "geometry": {
        "type": "Point",
        "coordinates": [
          11.4773221,
          3.8428715
        ]
      },
      "id": "node/7230080168"
    },
    {
      "type": "Feature",
      "properties": {
        "@id": "node/7230091398",
        "addr:city": "Yaoundé VI",
        "addr:street": "rue 7253",
        "amenity": "doctors",
        "ele": "709",
        "healthcare": "hospital",
        "healthcare:speciality": "general",
        "name": "Clinique \"DOH'S\"DIAGNOSTIC"
      },
      "geometry": {
        "type": "Point",
        "coordinates": [
          11.477252,
          3.8428036
        ]
      },
      "id": "node/7230091398"
    },
    {
      "type": "Feature",
      "properties": {
        "@id": "node/7230528870",
        "amenity": "restaurant",
        "contact:phone": "(+237) 691959677",
        "name": "Restaurant Bar Africain La Case"
      },
      "geometry": {
        "type": "Point",
        "coordinates": [
          11.5228127,
          3.8611082
        ]
      },
      "id": "node/7230528870"
    },
    {
      "type": "Feature",
      "properties": {
        "@id": "node/7230569963",
        "amenity": "restaurant",
        "name": "Bar Restaurant"
      },
      "geometry": {
        "type": "Point",
        "coordinates": [
          11.5233714,
          3.8607201
        ]
      },
      "id": "node/7230569963"
    },
    {
      "type": "Feature",
      "properties": {
        "@id": "node/7230584147",
        "amenity": "restaurant",
        "name": "Restaurant Sawa"
      },
      "geometry": {
        "type": "Point",
        "coordinates": [
          11.5265958,
          3.8629102
        ]
      },
      "id": "node/7230584147"
    },
    {
      "type": "Feature",
      "properties": {
        "@id": "node/7230588735",
        "amenity": "restaurant"
      },
      "geometry": {
        "type": "Point",
        "coordinates": [
          11.5217061,
          3.8590131
        ]
      },
      "id": "node/7230588735"
    },
    {
      "type": "Feature",
      "properties": {
        "@id": "node/7230591178",
        "amenity": "restaurant"
      },
      "geometry": {
        "type": "Point",
        "coordinates": [
          11.5293599,
          3.8625355
        ]
      },
      "id": "node/7230591178"
    },
    {
      "type": "Feature",
      "properties": {
        "@id": "node/7230591335",
        "amenity": "restaurant",
        "name": "Le Finisterien"
      },
      "geometry": {
        "type": "Point",
        "coordinates": [
          11.5214895,
          3.8601207
        ]
      },
      "id": "node/7230591335"
    },
    {
      "type": "Feature",
      "properties": {
        "@id": "node/7230593130",
        "amenity": "restaurant",
        "contact:phone": "(+237) 656163082",
        "name": "Restaurant Senegalais Malekoum Salam"
      },
      "geometry": {
        "type": "Point",
        "coordinates": [
          11.5252448,
          3.8626607
        ]
      },
      "id": "node/7230593130"
    },
    {
      "type": "Feature",
      "properties": {
        "@id": "node/7230593131",
        "amenity": "restaurant",
        "contact:email": "ltfrestaurant@gmail.com",
        "name": "La Table De François"
      },
      "geometry": {
        "type": "Point",
        "coordinates": [
          11.526357,
          3.8632668
        ]
      },
      "id": "node/7230593131"
    },
    {
      "type": "Feature",
      "properties": {
        "@id": "node/7230597908",
        "amenity": "restaurant",
        "contact:phone": "(+237) 679269470",
        "name": "Restaurant Bar Les Boukinistes"
      },
      "geometry": {
        "type": "Point",
        "coordinates": [
          11.5228558,
          3.8612002
        ]
      },
      "id": "node/7230597908"
    },
    {
      "type": "Feature",
      "properties": {
        "@id": "node/7230599367",
        "amenity": "restaurant",
        "contact:phone": "(+237) 677741123",
        "name": "La Forêt Dense"
      },
      "geometry": {
        "type": "Point",
        "coordinates": [
          11.5228797,
          3.8621984
        ]
      },
      "id": "node/7230599367"
    },
    {
      "type": "Feature",
      "properties": {
        "@id": "node/7230602016",
        "amenity": "restaurant"
      },
      "geometry": {
        "type": "Point",
        "coordinates": [
          11.5250299,
          3.8621278
        ]
      },
      "id": "node/7230602016"
    },
    {
      "type": "Feature",
      "properties": {
        "@id": "node/7230606217",
        "amenity": "restaurant",
        "contact:phone": "(+237) 696143638",
        "name": "Restaurant Kilimandjaro"
      },
      "geometry": {
        "type": "Point",
        "coordinates": [
          11.5261802,
          3.8627573
        ]
      },
      "id": "node/7230606217"
    },
    {
      "type": "Feature",
      "properties": {
        "@id": "node/7230608748",
        "amenity": "restaurant",
        "name": "African Dream"
      },
      "geometry": {
        "type": "Point",
        "coordinates": [
          11.5271232,
          3.8650166
        ]
      },
      "id": "node/7230608748"
    },
    {
      "type": "Feature",
      "properties": {
        "@id": "node/7230614041",
        "amenity": "restaurant"
      },
      "geometry": {
        "type": "Point",
        "coordinates": [
          11.5252865,
          3.8657733
        ]
      },
      "id": "node/7230614041"
    },
    {
      "type": "Feature",
      "properties": {
        "@id": "node/7230615605",
        "amenity": "restaurant",
        "name": "Zone Cemac"
      },
      "geometry": {
        "type": "Point",
        "coordinates": [
          11.5317379,
          3.8633049
        ]
      },
      "id": "node/7230615605"
    },
    {
      "type": "Feature",
      "properties": {
        "@id": "node/7230615606",
        "amenity": "restaurant"
      },
      "geometry": {
        "type": "Point",
        "coordinates": [
          11.5284549,
          3.8637933
        ]
      },
      "id": "node/7230615606"
    },
    {
      "type": "Feature",
      "properties": {
        "@id": "node/7230615610",
        "amenity": "restaurant",
        "name": "Le Saoudien"
      },
      "geometry": {
        "type": "Point",
        "coordinates": [
          11.5323055,
          3.8671284
        ]
      },
      "id": "node/7230615610"
    },
    {
      "type": "Feature",
      "properties": {
        "@id": "node/7230615643",
        "amenity": "restaurant"
      },
      "geometry": {
        "type": "Point",
        "coordinates": [
          11.5337512,
          3.8685474
        ]
      },
      "id": "node/7230615643"
    },
    {
      "type": "Feature",
      "properties": {
        "@id": "node/7230617433",
        "amenity": "restaurant",
        "name": "O Terroir"
      },
      "geometry": {
        "type": "Point",
        "coordinates": [
          11.5272615,
          3.8632824
        ]
      },
      "id": "node/7230617433"
    },
    {
      "type": "Feature",
      "properties": {
        "@id": "node/7230625788",
        "amenity": "restaurant",
        "name": "Balcon Bar-resto"
      },
      "geometry": {
        "type": "Point",
        "coordinates": [
          11.5288049,
          3.8633628
        ]
      },
      "id": "node/7230625788"
    },
    {
      "type": "Feature",
      "properties": {
        "@id": "node/7230626390",
        "amenity": "restaurant"
      },
      "geometry": {
        "type": "Point",
        "coordinates": [
          11.5283525,
          3.8635957
        ]
      },
      "id": "node/7230626390"
    },
    {
      "type": "Feature",
      "properties": {
        "@id": "node/7230627431",
        "amenity": "restaurant",
        "contact:phone": "(+237) 698662918",
        "name": "Merhodia Plus"
      },
      "geometry": {
        "type": "Point",
        "coordinates": [
          11.5273706,
          3.8639606
        ]
      },
      "id": "node/7230627431"
    },
    {
      "type": "Feature",
      "properties": {
        "@id": "node/7230627443",
        "amenity": "restaurant"
      },
      "geometry": {
        "type": "Point",
        "coordinates": [
          11.52836,
          3.8656586
        ]
      },
      "id": "node/7230627443"
    },
    {
      "type": "Feature",
      "properties": {
        "@id": "node/7230628860",
        "amenity": "restaurant"
      },
      "geometry": {
        "type": "Point",
        "coordinates": [
          11.5291616,
          3.8668749
        ]
      },
      "id": "node/7230628860"
    },
    {
      "type": "Feature",
      "properties": {
        "@id": "node/7230628872",
        "amenity": "restaurant",
        "name": "Le Coeur"
      },
      "geometry": {
        "type": "Point",
        "coordinates": [
          11.5330135,
          3.8688453
        ]
      },
      "id": "node/7230628872"
    },
    {
      "type": "Feature",
      "properties": {
        "@id": "node/7230630481",
        "amenity": "restaurant",
        "name": "C.m.v"
      },
      "geometry": {
        "type": "Point",
        "coordinates": [
          11.5362661,
          3.8682306
        ]
      },
      "id": "node/7230630481"
    },
    {
      "type": "Feature",
      "properties": {
        "@id": "node/7230637818",
        "amenity": "restaurant",
        "name": "Foodsquare"
      },
      "geometry": {
        "type": "Point",
        "coordinates": [
          11.5262236,
          3.8679042
        ]
      },
      "id": "node/7230637818"
    },
    {
      "type": "Feature",
      "properties": {
        "@id": "node/7230650612",
        "amenity": "restaurant"
      },
      "geometry": {
        "type": "Point",
        "coordinates": [
          11.5252796,
          3.8658017
        ]
      },
      "id": "node/7230650612"
    },
    {
      "type": "Feature",
      "properties": {
        "@id": "node/7230650613",
        "amenity": "restaurant",
        "contact:phone": "(+237) 671058435",
        "name": "Le Couloir De Mémé"
      },
      "geometry": {
        "type": "Point",
        "coordinates": [
          11.5273186,
          3.8667732
        ]
      },
      "id": "node/7230650613"
    },
    {
      "type": "Feature",
      "properties": {
        "@id": "node/7230651246",
        "amenity": "restaurant"
      },
      "geometry": {
        "type": "Point",
        "coordinates": [
          11.5348191,
          3.8659754
        ]
      },
      "id": "node/7230651246"
    },
    {
      "type": "Feature",
      "properties": {
        "@id": "node/7230651953",
        "amenity": "restaurant",
        "name": "The Craft"
      },
      "geometry": {
        "type": "Point",
        "coordinates": [
          11.5282105,
          3.8677596
        ]
      },
      "id": "node/7230651953"
    },
    {
      "type": "Feature",
      "properties": {
        "@id": "node/7230653131",
        "amenity": "restaurant",
        "name": "Restaurant Le Bonapriso"
      },
      "geometry": {
        "type": "Point",
        "coordinates": [
          11.5280177,
          3.8700738
        ]
      },
      "id": "node/7230653131"
    },
    {
      "type": "Feature",
      "properties": {
        "@id": "node/7230655209",
        "amenity": "restaurant",
        "contact:phone": "(+237) 677753356",
        "name": "Restaurant Ngand'a Fumée"
      },
      "geometry": {
        "type": "Point",
        "coordinates": [
          11.5295093,
          3.8672308
        ]
      },
      "id": "node/7230655209"
    },
    {
      "type": "Feature",
      "properties": {
        "@id": "node/7230660149",
        "amenity": "restaurant"
      },
      "geometry": {
        "type": "Point",
        "coordinates": [
          11.5324631,
          3.8652946
        ]
      },
      "id": "node/7230660149"
    },
    {
      "type": "Feature",
      "properties": {
        "@id": "node/7230660150",
        "amenity": "restaurant",
        "name": "Vente De Poisson Braisé"
      },
      "geometry": {
        "type": "Point",
        "coordinates": [
          11.5357216,
          3.868531
        ]
      },
      "id": "node/7230660150"
    },
    {
      "type": "Feature",
      "properties": {
        "@id": "node/7230660174",
        "amenity": "restaurant",
        "name": "Watzapp Plus"
      },
      "geometry": {
        "type": "Point",
        "coordinates": [
          11.5501511,
          3.87467
        ]
      },
      "id": "node/7230660174"
    },
    {
      "type": "Feature",
      "properties": {
        "@id": "node/7230660901",
        "amenity": "restaurant"
      },
      "geometry": {
        "type": "Point",
        "coordinates": [
          11.5315656,
          3.8679757
        ]
      },
      "id": "node/7230660901"
    },
    {
      "type": "Feature",
      "properties": {
        "@id": "node/7230667913",
        "amenity": "restaurant",
        "name": "L'eden"
      },
      "geometry": {
        "type": "Point",
        "coordinates": [
          11.5300699,
          3.8690378
        ]
      },
      "id": "node/7230667913"
    },
    {
      "type": "Feature",
      "properties": {
        "@id": "node/7230669183",
        "amenity": "restaurant",
        "name": "Chez Maxime"
      },
      "geometry": {
        "type": "Point",
        "coordinates": [
          11.5322864,
          3.8680791
        ]
      },
      "id": "node/7230669183"
    },
    {
      "type": "Feature",
      "properties": {
        "@id": "node/7230669812",
        "amenity": "restaurant",
        "name": "Makom"
      },
      "geometry": {
        "type": "Point",
        "coordinates": [
          11.5348362,
          3.8684564
        ]
      },
      "id": "node/7230669812"
    },
    {
      "type": "Feature",
      "properties": {
        "@id": "node/7230681055",
        "amenity": "restaurant"
      },
      "geometry": {
        "type": "Point",
        "coordinates": [
          11.5318252,
          3.8681152
        ]
      },
      "id": "node/7230681055"
    },
    {
      "type": "Feature",
      "properties": {
        "@id": "node/7230689887",
        "amenity": "restaurant"
      },
      "geometry": {
        "type": "Point",
        "coordinates": [
          11.5317285,
          3.8689077
        ]
      },
      "id": "node/7230689887"
    },
    {
      "type": "Feature",
      "properties": {
        "@id": "node/7230690435",
        "amenity": "restaurant",
        "name": "Le Marseillais Au Vélodrome"
      },
      "geometry": {
        "type": "Point",
        "coordinates": [
          11.5326649,
          3.8682379
        ]
      },
      "id": "node/7230690435"
    },
    {
      "type": "Feature",
      "properties": {
        "@id": "node/7230700003",
        "amenity": "restaurant"
      },
      "geometry": {
        "type": "Point",
        "coordinates": [
          11.5319307,
          3.8687351
        ]
      },
      "id": "node/7230700003"
    },
    {
      "type": "Feature",
      "properties": {
        "@id": "node/7230700249",
        "amenity": "restaurant"
      },
      "geometry": {
        "type": "Point",
        "coordinates": [
          11.5505197,
          3.8747235
        ]
      },
      "id": "node/7230700249"
    },
    {
      "type": "Feature",
      "properties": {
        "@id": "node/7230702052",
        "amenity": "restaurant"
      },
      "geometry": {
        "type": "Point",
        "coordinates": [
          11.5501412,
          3.8747088
        ]
      },
      "id": "node/7230702052"
    },
    {
      "type": "Feature",
      "properties": {
        "@id": "node/7241781412",
        "amenity": "restaurant"
      },
      "geometry": {
        "type": "Point",
        "coordinates": [
          11.5331856,
          3.8719009
        ]
      },
      "id": "node/7241781412"
    },
    {
      "type": "Feature",
      "properties": {
        "@id": "node/7241787426",
        "amenity": "restaurant",
        "name": "Restaurant Chicken Run"
      },
      "geometry": {
        "type": "Point",
        "coordinates": [
          11.5323722,
          3.8723244
        ]
      },
      "id": "node/7241787426"
    },
    {
      "type": "Feature",
      "properties": {
        "@id": "node/7241793595",
        "amenity": "restaurant",
        "name": "La Pause 555"
      },
      "geometry": {
        "type": "Point",
        "coordinates": [
          11.5333499,
          3.8718621
        ]
      },
      "id": "node/7241793595"
    },
    {
      "type": "Feature",
      "properties": {
        "@id": "node/7241797467",
        "amenity": "restaurant",
        "name": "La Kompressor"
      },
      "geometry": {
        "type": "Point",
        "coordinates": [
          11.534751,
          3.8742104
        ]
      },
      "id": "node/7241797467"
    },
    {
      "type": "Feature",
      "properties": {
        "@id": "node/7241797702",
        "amenity": "restaurant"
      },
      "geometry": {
        "type": "Point",
        "coordinates": [
          11.535787,
          3.8718838
        ]
      },
      "id": "node/7241797702"
    },
    {
      "type": "Feature",
      "properties": {
        "@id": "node/7241797925",
        "amenity": "restaurant"
      },
      "geometry": {
        "type": "Point",
        "coordinates": [
          11.5305389,
          3.8755708
        ]
      },
      "id": "node/7241797925"
    },
    {
      "type": "Feature",
      "properties": {
        "@id": "node/7241804511",
        "amenity": "restaurant",
        "name": "Leevan Le Grand"
      },
      "geometry": {
        "type": "Point",
        "coordinates": [
          11.5358638,
          3.871637
        ]
      },
      "id": "node/7241804511"
    },
    {
      "type": "Feature",
      "properties": {
        "@id": "node/7241806001",
        "amenity": "restaurant",
        "name": "Favour"
      },
      "geometry": {
        "type": "Point",
        "coordinates": [
          11.5387009,
          3.8702039
        ]
      },
      "id": "node/7241806001"
    },
    {
      "type": "Feature",
      "properties": {
        "@id": "node/7241806984",
        "amenity": "restaurant"
      },
      "geometry": {
        "type": "Point",
        "coordinates": [
          11.5369618,
          3.8748928
        ]
      },
      "id": "node/7241806984"
    },
    {
      "type": "Feature",
      "properties": {
        "@id": "node/7241807244",
        "amenity": "restaurant",
        "name": "Intime"
      },
      "geometry": {
        "type": "Point",
        "coordinates": [
          11.5380091,
          3.8726475
        ]
      },
      "id": "node/7241807244"
    },
    {
      "type": "Feature",
      "properties": {
        "@id": "node/7241808716",
        "amenity": "restaurant",
        "contact:phone": "(+237) 22064083",
        "name": "Maddream"
      },
      "geometry": {
        "type": "Point",
        "coordinates": [
          11.5355325,
          3.87277
        ]
      },
      "id": "node/7241808716"
    },
    {
      "type": "Feature",
      "properties": {
        "@id": "node/7241809388",
        "amenity": "restaurant",
        "name": "Chez Nanou"
      },
      "geometry": {
        "type": "Point",
        "coordinates": [
          11.5413186,
          3.8720684
        ]
      },
      "id": "node/7241809388"
    },
    {
      "type": "Feature",
      "properties": {
        "@id": "node/7241811805",
        "amenity": "restaurant"
      },
      "geometry": {
        "type": "Point",
        "coordinates": [
          11.5327194,
          3.8779289
        ]
      },
      "id": "node/7241811805"
    },
    {
      "type": "Feature",
      "properties": {
        "@id": "node/7241811900",
        "amenity": "restaurant"
      },
      "geometry": {
        "type": "Point",
        "coordinates": [
          11.5298939,
          3.8753591
        ]
      },
      "id": "node/7241811900"
    },
    {
      "type": "Feature",
      "properties": {
        "@id": "node/7241812249",
        "amenity": "restaurant"
      },
      "geometry": {
        "type": "Point",
        "coordinates": [
          11.5304825,
          3.8754999
        ]
      },
      "id": "node/7241812249"
    },
    {
      "type": "Feature",
      "properties": {
        "@id": "node/7241813676",
        "amenity": "restaurant"
      },
      "geometry": {
        "type": "Point",
        "coordinates": [
          11.5305859,
          3.875626
        ]
      },
      "id": "node/7241813676"
    },
    {
      "type": "Feature",
      "properties": {
        "@id": "node/7241814914",
        "amenity": "restaurant"
      },
      "geometry": {
        "type": "Point",
        "coordinates": [
          11.5329026,
          3.8782653
        ]
      },
      "id": "node/7241814914"
    },
    {
      "type": "Feature",
      "properties": {
        "@id": "node/7241815306",
        "amenity": "restaurant"
      },
      "geometry": {
        "type": "Point",
        "coordinates": [
          11.5407112,
          3.8718705
        ]
      },
      "id": "node/7241815306"
    },
    {
      "type": "Feature",
      "properties": {
        "@id": "node/7241815940",
        "amenity": "restaurant",
        "contact:phone": "(+237) 650014235",
        "name": "Maguy"
      },
      "geometry": {
        "type": "Point",
        "coordinates": [
          11.5372452,
          3.8736003
        ]
      },
      "id": "node/7241815940"
    },
    {
      "type": "Feature",
      "properties": {
        "@id": "node/7241817265",
        "amenity": "restaurant",
        "name": "Restaurant Mta"
      },
      "geometry": {
        "type": "Point",
        "coordinates": [
          11.5320624,
          3.875716
        ]
      },
      "id": "node/7241817265"
    },
    {
      "type": "Feature",
      "properties": {
        "@id": "node/7241817785",
        "amenity": "restaurant",
        "cuisine": "african",
        "name": "Restaurant Sénégalais Keur Serigne Saliou Mbacke"
      },
      "geometry": {
        "type": "Point",
        "coordinates": [
          11.5301038,
          3.8751102
        ]
      },
      "id": "node/7241817785"
    },
    {
      "type": "Feature",
      "properties": {
        "@id": "node/7241818886",
        "amenity": "restaurant",
        "name": "Fétiche Cave Buffet"
      },
      "geometry": {
        "type": "Point",
        "coordinates": [
          11.5318251,
          3.8767794
        ]
      },
      "id": "node/7241818886"
    },
    {
      "type": "Feature",
      "properties": {
        "@id": "node/7249769387",
        "name": "Santa Belle",
        "tourism": "hotel"
      },
      "geometry": {
        "type": "Point",
        "coordinates": [
          11.4902221,
          3.8544534
        ]
      },
      "id": "node/7249769387"
    },
    {
      "type": "Feature",
      "properties": {
        "@id": "node/7251466485",
        "amenity": "restaurant",
        "name": "nice restaurant"
      },
      "geometry": {
        "type": "Point",
        "coordinates": [
          11.4871082,
          3.8465077
        ]
      },
      "id": "node/7251466485"
    },
    {
      "type": "Feature",
      "properties": {
        "@id": "node/7257792326",
        "amenity": "restaurant",
        "contact:phone": "(+237) 653172093",
        "name": "Mini Chic Resto"
      },
      "geometry": {
        "type": "Point",
        "coordinates": [
          11.542017,
          3.8737282
        ]
      },
      "id": "node/7257792326"
    },
    {
      "type": "Feature",
      "properties": {
        "@id": "node/7257807173",
        "amenity": "restaurant"
      },
      "geometry": {
        "type": "Point",
        "coordinates": [
          11.5422319,
          3.8737846
        ]
      },
      "id": "node/7257807173"
    },
    {
      "type": "Feature",
      "properties": {
        "@id": "node/7257809487",
        "amenity": "restaurant",
        "name": "La Mexicaine"
      },
      "geometry": {
        "type": "Point",
        "coordinates": [
          11.5412691,
          3.8742833
        ]
      },
      "id": "node/7257809487"
    },
    {
      "type": "Feature",
      "properties": {
        "@id": "node/7257810102",
        "amenity": "restaurant",
        "contact:phone": "(+237) 695737699",
        "name": "Homme Sans Frontière"
      },
      "geometry": {
        "type": "Point",
        "coordinates": [
          11.5434384,
          3.8742806
        ]
      },
      "id": "node/7257810102"
    },
    {
      "type": "Feature",
      "properties": {
        "@id": "node/7257810104",
        "amenity": "restaurant",
        "name": "Restaurant Taro"
      },
      "geometry": {
        "type": "Point",
        "coordinates": [
          11.5456277,
          3.8752146
        ]
      },
      "id": "node/7257810104"
    },
    {
      "type": "Feature",
      "properties": {
        "@id": "node/7257815075",
        "amenity": "restaurant"
      },
      "geometry": {
        "type": "Point",
        "coordinates": [
          11.5408366,
          3.8724622
        ]
      },
      "id": "node/7257815075"
    },
    {
      "type": "Feature",
      "properties": {
        "@id": "node/7257816674",
        "amenity": "restaurant",
        "name": "Tropical Fusion"
      },
      "geometry": {
        "type": "Point",
        "coordinates": [
          11.5416832,
          3.8734413
        ]
      },
      "id": "node/7257816674"
    },
    {
      "type": "Feature",
      "properties": {
        "@id": "node/7257817144",
        "amenity": "restaurant"
      },
      "geometry": {
        "type": "Point",
        "coordinates": [
          11.5412537,
          3.874193
        ]
      },
      "id": "node/7257817144"
    },
    {
      "type": "Feature",
      "properties": {
        "@id": "node/7257824308",
        "amenity": "restaurant"
      },
      "geometry": {
        "type": "Point",
        "coordinates": [
          11.5405374,
          3.8734823
        ]
      },
      "id": "node/7257824308"
    },
    {
      "type": "Feature",
      "properties": {
        "@id": "node/7257830173",
        "amenity": "restaurant",
        "name": "Welcome Restaurant"
      },
      "geometry": {
        "type": "Point",
        "coordinates": [
          11.5405769,
          3.8748259
        ]
      },
      "id": "node/7257830173"
    },
    {
      "type": "Feature",
      "properties": {
        "@id": "node/7257831323",
        "amenity": "restaurant",
        "name": "Complex Hawaï City"
      },
      "geometry": {
        "type": "Point",
        "coordinates": [
          11.539357,
          3.8749386
        ]
      },
      "id": "node/7257831323"
    },
    {
      "type": "Feature",
      "properties": {
        "@id": "node/7257837758",
        "amenity": "restaurant"
      },
      "geometry": {
        "type": "Point",
        "coordinates": [
          11.547052,
          3.8759598
        ]
      },
      "id": "node/7257837758"
    },
    {
      "type": "Feature",
      "properties": {
        "@id": "node/7257841328",
        "amenity": "restaurant",
        "contact:phone": "(+237) 690652303",
        "indoor_seating": "yes",
        "name": "Restaurant Sénégalais De L'amitié",
        "outdoor_seating": "yes"
      },
      "geometry": {
        "type": "Point",
        "coordinates": [
          11.5415199,
          3.8743646
        ]
      },
      "id": "node/7257841328"
    },
    {
      "type": "Feature",
      "properties": {
        "@id": "node/7257841419",
        "amenity": "restaurant",
        "name": "La Grâce"
      },
      "geometry": {
        "type": "Point",
        "coordinates": [
          11.542745,
          3.8747834
        ]
      },
      "id": "node/7257841419"
    },
    {
      "type": "Feature",
      "properties": {
        "@id": "node/7257841472",
        "amenity": "restaurant"
      },
      "geometry": {
        "type": "Point",
        "coordinates": [
          11.5464924,
          3.8755936
        ]
      },
      "id": "node/7257841472"
    },
    {
      "type": "Feature",
      "properties": {
        "@id": "node/7257842795",
        "amenity": "restaurant",
        "name": "Square"
      },
      "geometry": {
        "type": "Point",
        "coordinates": [
          11.5467884,
          3.8747743
        ]
      },
      "id": "node/7257842795"
    },
    {
      "type": "Feature",
      "properties": {
        "@id": "node/7257845360",
        "amenity": "restaurant",
        "indoor_seating": "yes",
        "outdoor_seating": "yes"
      },
      "geometry": {
        "type": "Point",
        "coordinates": [
          11.5454981,
          3.8760345
        ]
      },
      "id": "node/7257845360"
    },
    {
      "type": "Feature",
      "properties": {
        "@id": "node/7257849122",
        "amenity": "restaurant",
        "name": "El Phelicio"
      },
      "geometry": {
        "type": "Point",
        "coordinates": [
          11.5451674,
          3.8758791
        ]
      },
      "id": "node/7257849122"
    },
    {
      "type": "Feature",
      "properties": {
        "@id": "node/7257852128",
        "amenity": "restaurant",
        "indoor_seating": "yes",
        "name": "T-west",
        "outdoor_seating": "yes"
      },
      "geometry": {
        "type": "Point",
        "coordinates": [
          11.5460968,
          3.8760553
        ]
      },
      "id": "node/7257852128"
    },
    {
      "type": "Feature",
      "properties": {
        "@id": "node/7257857326",
        "amenity": "restaurant",
        "name": "The House Of Ice Cream"
      },
      "geometry": {
        "type": "Point",
        "coordinates": [
          11.5424184,
          3.8770567
        ]
      },
      "id": "node/7257857326"
    },
    {
      "type": "Feature",
      "properties": {
        "@id": "node/7257857658",
        "amenity": "restaurant"
      },
      "geometry": {
        "type": "Point",
        "coordinates": [
          11.5443325,
          3.879691
        ]
      },
      "id": "node/7257857658"
    },
    {
      "type": "Feature",
      "properties": {
        "@id": "node/7257858010",
        "amenity": "restaurant",
        "name": "Soleil D'épice"
      },
      "geometry": {
        "type": "Point",
        "coordinates": [
          11.54605,
          3.8763557
        ]
      },
      "id": "node/7257858010"
    },
    {
      "type": "Feature",
      "properties": {
        "@id": "node/7257858152",
        "amenity": "restaurant",
        "name": "Yoyo Cafe"
      },
      "geometry": {
        "type": "Point",
        "coordinates": [
          11.544362,
          3.8755573
        ]
      },
      "id": "node/7257858152"
    },
    {
      "type": "Feature",
      "properties": {
        "@id": "node/7257863990",
        "amenity": "restaurant",
        "contact:phone": "(+237) 679 64 73 41",
        "name": "Restaurant Bar Julie"
      },
      "geometry": {
        "type": "Point",
        "coordinates": [
          11.5438735,
          3.8758267
        ]
      },
      "id": "node/7257863990"
    },
    {
      "type": "Feature",
      "properties": {
        "@id": "node/7257883612",
        "amenity": "restaurant"
      },
      "geometry": {
        "type": "Point",
        "coordinates": [
          11.556578,
          3.8838338
        ]
      },
      "id": "node/7257883612"
    },
    {
      "type": "Feature",
      "properties": {
        "@id": "node/7257883691",
        "amenity": "restaurant",
        "name": "Maria Luiza"
      },
      "geometry": {
        "type": "Point",
        "coordinates": [
          11.5533394,
          3.8795911
        ]
      },
      "id": "node/7257883691"
    },
    {
      "type": "Feature",
      "properties": {
        "@id": "node/7257895146",
        "amenity": "restaurant",
        "name": "Bon Goût"
      },
      "geometry": {
        "type": "Point",
        "coordinates": [
          11.5586458,
          3.8878001
        ]
      },
      "id": "node/7257895146"
    },
    {
      "type": "Feature",
      "properties": {
        "@id": "node/7257897068",
        "amenity": "restaurant"
      },
      "geometry": {
        "type": "Point",
        "coordinates": [
          11.5466852,
          3.8774578
        ]
      },
      "id": "node/7257897068"
    },
    {
      "type": "Feature",
      "properties": {
        "@id": "node/7257897115",
        "amenity": "restaurant"
      },
      "geometry": {
        "type": "Point",
        "coordinates": [
          11.5583077,
          3.8908552
        ]
      },
      "id": "node/7257897115"
    },
    {
      "type": "Feature",
      "properties": {
        "@id": "node/7257898245",
        "amenity": "restaurant",
        "contact:phone": "(+237) 670940640",
        "name": "Witek Hébergement"
      },
      "geometry": {
        "type": "Point",
        "coordinates": [
          11.5580701,
          3.8888143
        ]
      },
      "id": "node/7257898245"
    },
    {
      "type": "Feature",
      "properties": {
        "@id": "node/7257900508",
        "amenity": "restaurant"
      },
      "geometry": {
        "type": "Point",
        "coordinates": [
          11.5580822,
          3.8879773
        ]
      },
      "id": "node/7257900508"
    },
    {
      "type": "Feature",
      "properties": {
        "@id": "node/7257915093",
        "amenity": "restaurant",
        "name": "Terraga"
      },
      "geometry": {
        "type": "Point",
        "coordinates": [
          11.549017,
          3.8779542
        ]
      },
      "id": "node/7257915093"
    },
    {
      "type": "Feature",
      "properties": {
        "@id": "node/7257915301",
        "amenity": "restaurant",
        "name": "My Food Box"
      },
      "geometry": {
        "type": "Point",
        "coordinates": [
          11.5473608,
          3.8779784
        ]
      },
      "id": "node/7257915301"
    },
    {
      "type": "Feature",
      "properties": {
        "@id": "node/7260121640",
        "amenity": "restaurant"
      },
      "geometry": {
        "type": "Point",
        "coordinates": [
          11.5506957,
          3.8798793
        ]
      },
      "id": "node/7260121640"
    },
    {
      "type": "Feature",
      "properties": {
        "@id": "node/7260134152",
        "amenity": "restaurant",
        "contact:email": "tyluzcompany@gmail.com",
        "name": "Ty-luz Fast-food"
      },
      "geometry": {
        "type": "Point",
        "coordinates": [
          11.5390074,
          3.8804456
        ]
      },
      "id": "node/7260134152"
    },
    {
      "type": "Feature",
      "properties": {
        "@id": "node/7260136176",
        "amenity": "restaurant",
        "contact:email": "crepizz99@gmail.com",
        "contact:phone": "(+237) 690945757",
        "name": "Crêpe Ziz"
      },
      "geometry": {
        "type": "Point",
        "coordinates": [
          11.5480345,
          3.8801517
        ]
      },
      "id": "node/7260136176"
    },
    {
      "type": "Feature",
      "properties": {
        "@id": "node/7260148020",
        "amenity": "restaurant",
        "name": "Restaurant Abanda Le Sénégalais"
      },
      "geometry": {
        "type": "Point",
        "coordinates": [
          11.5509536,
          3.8788403
        ]
      },
      "id": "node/7260148020"
    },
    {
      "type": "Feature",
      "properties": {
        "@id": "node/7260149497",
        "amenity": "restaurant",
        "name": "Fresh'n Crunch"
      },
      "geometry": {
        "type": "Point",
        "coordinates": [
          11.5498998,
          3.8789684
        ]
      },
      "id": "node/7260149497"
    },
    {
      "type": "Feature",
      "properties": {
        "@id": "node/7260151493",
        "amenity": "restaurant",
        "contact:phone": "(+237) 677 08 74 31",
        "name": "Opa"
      },
      "geometry": {
        "type": "Point",
        "coordinates": [
          11.5503149,
          3.880276
        ]
      },
      "id": "node/7260151493"
    },
    {
      "type": "Feature",
      "properties": {
        "@id": "node/7260151494",
        "amenity": "restaurant",
        "name": "Royal Restaurant Bar Barbecue"
      },
      "geometry": {
        "type": "Point",
        "coordinates": [
          11.539234,
          3.8786212
        ]
      },
      "id": "node/7260151494"
    },
    {
      "type": "Feature",
      "properties": {
        "@id": "node/7260154986",
        "amenity": "restaurant",
        "name": "Le Dozo Lounge"
      },
      "geometry": {
        "type": "Point",
        "coordinates": [
          11.5487565,
          3.8788109
        ]
      },
      "id": "node/7260154986"
    },
    {
      "type": "Feature",
      "properties": {
        "@id": "node/7260158310",
        "amenity": "restaurant",
        "name": "Resto Africain"
      },
      "geometry": {
        "type": "Point",
        "coordinates": [
          11.548038,
          3.880168
        ]
      },
      "id": "node/7260158310"
    },
    {
      "type": "Feature",
      "properties": {
        "@id": "node/7260158687",
        "amenity": "restaurant"
      },
      "geometry": {
        "type": "Point",
        "coordinates": [
          11.5402311,
          3.8787339
        ]
      },
      "id": "node/7260158687"
    },
    {
      "type": "Feature",
      "properties": {
        "@id": "node/7260163923",
        "amenity": "restaurant",
        "contact:email": "kalamo.boukarou@yahoo.fr",
        "name": "Le Kalamo"
      },
      "geometry": {
        "type": "Point",
        "coordinates": [
          11.5507128,
          3.8820733
        ]
      },
      "id": "node/7260163923"
    },
    {
      "type": "Feature",
      "properties": {
        "@id": "node/7260164652",
        "amenity": "restaurant",
        "contact:phone": "(+237) 691 94 86 40",
        "name": "Restaurant Diététique Les Délices Dietes De Fifi Labelle"
      },
      "geometry": {
        "type": "Point",
        "coordinates": [
          11.5509485,
          3.8846029
        ]
      },
      "id": "node/7260164652"
    },
    {
      "type": "Feature",
      "properties": {
        "@id": "node/7260167076",
        "amenity": "restaurant",
        "name": "Restaurant Pizzeria"
      },
      "geometry": {
        "type": "Point",
        "coordinates": [
          11.5517941,
          3.8851354
        ]
      },
      "id": "node/7260167076"
    },
    {
      "type": "Feature",
      "properties": {
        "@id": "node/7260168193",
        "amenity": "restaurant"
      },
      "geometry": {
        "type": "Point",
        "coordinates": [
          11.5395203,
          3.8803031
        ]
      },
      "id": "node/7260168193"
    },
    {
      "type": "Feature",
      "properties": {
        "@id": "node/7260168906",
        "amenity": "restaurant",
        "name": "The Outsiders Snack Bar Restaurant"
      },
      "geometry": {
        "type": "Point",
        "coordinates": [
          11.5389725,
          3.8805169
        ]
      },
      "id": "node/7260168906"
    },
    {
      "type": "Feature",
      "properties": {
        "@id": "node/7260176748",
        "amenity": "restaurant",
        "contact:phone": "(+237) 679 30 99 49",
        "name": "Restaurant Eden Parc Chez Ginette"
      },
      "geometry": {
        "type": "Point",
        "coordinates": [
          11.551262,
          3.8846537
        ]
      },
      "id": "node/7260176748"
    },
    {
      "type": "Feature",
      "properties": {
        "@id": "node/7260177219",
        "amenity": "restaurant",
        "name": "Le Gourmandain"
      },
      "geometry": {
        "type": "Point",
        "coordinates": [
          11.5514458,
          3.8834341
        ]
      },
      "id": "node/7260177219"
    },
    {
      "type": "Feature",
      "properties": {
        "@id": "node/7260183315",
        "amenity": "restaurant"
      },
      "geometry": {
        "type": "Point",
        "coordinates": [
          11.5519343,
          3.8853756
        ]
      },
      "id": "node/7260183315"
    },
    {
      "type": "Feature",
      "properties": {
        "@id": "node/7260212391",
        "amenity": "restaurant",
        "name": "Le Continental"
      },
      "geometry": {
        "type": "Point",
        "coordinates": [
          11.5513938,
          3.8851815
        ]
      },
      "id": "node/7260212391"
    },
    {
      "type": "Feature",
      "properties": {
        "@id": "node/7260223426",
        "amenity": "restaurant"
      },
      "geometry": {
        "type": "Point",
        "coordinates": [
          11.5503685,
          3.8869216
        ]
      },
      "id": "node/7260223426"
    },
    {
      "type": "Feature",
      "properties": {
        "@id": "node/7260230128",
        "amenity": "restaurant",
        "name": "Texas Grill"
      },
      "geometry": {
        "type": "Point",
        "coordinates": [
          11.5509167,
          3.88682
        ]
      },
      "id": "node/7260230128"
    },
    {
      "type": "Feature",
      "properties": {
        "@id": "node/7260232797",
        "amenity": "restaurant",
        "contact:phone": "(+237) 675 541 562 / 697 503 859",
        "name": "Restaurant La Saveur Chez Dg"
      },
      "geometry": {
        "type": "Point",
        "coordinates": [
          11.5514997,
          3.8852384
        ]
      },
      "id": "node/7260232797"
    },
    {
      "type": "Feature",
      "properties": {
        "@id": "node/7260240277",
        "amenity": "restaurant"
      },
      "geometry": {
        "type": "Point",
        "coordinates": [
          11.5365022,
          3.8822098
        ]
      },
      "id": "node/7260240277"
    },
    {
      "type": "Feature",
      "properties": {
        "@id": "node/7260244792",
        "amenity": "restaurant"
      },
      "geometry": {
        "type": "Point",
        "coordinates": [
          11.5516124,
          3.8858482
        ]
      },
      "id": "node/7260244792"
    },
    {
      "type": "Feature",
      "properties": {
        "@id": "node/7260247045",
        "amenity": "restaurant"
      },
      "geometry": {
        "type": "Point",
        "coordinates": [
          11.5479062,
          3.885401
        ]
      },
      "id": "node/7260247045"
    },
    {
      "type": "Feature",
      "properties": {
        "@id": "node/7260248443",
        "amenity": "restaurant"
      },
      "geometry": {
        "type": "Point",
        "coordinates": [
          11.5466731,
          3.8875343
        ]
      },
      "id": "node/7260248443"
    },
    {
      "type": "Feature",
      "properties": {
        "@id": "node/7260248930",
        "amenity": "restaurant"
      },
      "geometry": {
        "type": "Point",
        "coordinates": [
          11.5466413,
          3.8870835
        ]
      },
      "id": "node/7260248930"
    },
    {
      "type": "Feature",
      "properties": {
        "@id": "node/7260250835",
        "amenity": "restaurant"
      },
      "geometry": {
        "type": "Point",
        "coordinates": [
          11.5509837,
          3.8866336
        ]
      },
      "id": "node/7260250835"
    },
    {
      "type": "Feature",
      "properties": {
        "@id": "node/7260253778",
        "amenity": "restaurant"
      },
      "geometry": {
        "type": "Point",
        "coordinates": [
          11.5500507,
          3.8869397
        ]
      },
      "id": "node/7260253778"
    },
    {
      "type": "Feature",
      "properties": {
        "@id": "node/7260260418",
        "amenity": "restaurant",
        "name": "Restaurant Sénégalais Chez Mme Cheikh"
      },
      "geometry": {
        "type": "Point",
        "coordinates": [
          11.5488531,
          3.8869852
        ]
      },
      "id": "node/7260260418"
    },
    {
      "type": "Feature",
      "properties": {
        "@id": "node/7260260453",
        "amenity": "cafe"
      },
      "geometry": {
        "type": "Point",
        "coordinates": [
          11.5441565,
          3.8864941
        ]
      },
      "id": "node/7260260453"
    },
    {
      "type": "Feature",
      "properties": {
        "@id": "node/7260266394",
        "amenity": "restaurant"
      },
      "geometry": {
        "type": "Point",
        "coordinates": [
          11.5461749,
          3.887875
        ]
      },
      "id": "node/7260266394"
    },
    {
      "type": "Feature",
      "properties": {
        "@id": "node/7260277631",
        "amenity": "restaurant"
      },
      "geometry": {
        "type": "Point",
        "coordinates": [
          11.5329472,
          3.8857221
        ]
      },
      "id": "node/7260277631"
    },
    {
      "type": "Feature",
      "properties": {
        "@id": "node/7260286143",
        "amenity": "restaurant",
        "name": "Resto Eru"
      },
      "geometry": {
        "type": "Point",
        "coordinates": [
          11.534921,
          3.8833762
        ]
      },
      "id": "node/7260286143"
    },
    {
      "type": "Feature",
      "properties": {
        "@id": "node/7260289268",
        "amenity": "restaurant",
        "name": "Restaurant Le Jacana"
      },
      "geometry": {
        "type": "Point",
        "coordinates": [
          11.5378755,
          3.8822192
        ]
      },
      "id": "node/7260289268"
    },
    {
      "type": "Feature",
      "properties": {
        "@id": "node/7260291061",
        "amenity": "restaurant",
        "name": "Bifteck Le Succès"
      },
      "geometry": {
        "type": "Point",
        "coordinates": [
          11.538689,
          3.8824319
        ]
      },
      "id": "node/7260291061"
    },
    {
      "type": "Feature",
      "properties": {
        "@id": "node/7260294985",
        "amenity": "restaurant"
      },
      "geometry": {
        "type": "Point",
        "coordinates": [
          11.5387217,
          3.8823891
        ]
      },
      "id": "node/7260294985"
    },
    {
      "type": "Feature",
      "properties": {
        "@id": "node/7271278342",
        "amenity": "restaurant"
      },
      "geometry": {
        "type": "Point",
        "coordinates": [
          11.5387834,
          3.8845487
        ]
      },
      "id": "node/7271278342"
    },
    {
      "type": "Feature",
      "properties": {
        "@id": "node/7271293779",
        "amenity": "restaurant",
        "name": "Mama G Resto"
      },
      "geometry": {
        "type": "Point",
        "coordinates": [
          11.5402385,
          3.8922985
        ]
      },
      "id": "node/7271293779"
    },
    {
      "type": "Feature",
      "properties": {
        "@id": "node/7271300043",
        "amenity": "restaurant",
        "name": "La Vieille Marmite"
      },
      "geometry": {
        "type": "Point",
        "coordinates": [
          11.5471921,
          3.8918231
        ]
      },
      "id": "node/7271300043"
    },
    {
      "type": "Feature",
      "properties": {
        "@id": "node/7271302744",
        "amenity": "restaurant"
      },
      "geometry": {
        "type": "Point",
        "coordinates": [
          11.5473319,
          3.8915318
        ]
      },
      "id": "node/7271302744"
    },
    {
      "type": "Feature",
      "properties": {
        "@id": "node/7271316397",
        "amenity": "restaurant",
        "name": "Les Délices"
      },
      "geometry": {
        "type": "Point",
        "coordinates": [
          11.5368944,
          3.8870708
        ]
      },
      "id": "node/7271316397"
    },
    {
      "type": "Feature",
      "properties": {
        "@id": "node/7271318238",
        "amenity": "restaurant",
        "name": "Café-restau After Work"
      },
      "geometry": {
        "type": "Point",
        "coordinates": [
          11.5385406,
          3.8847129
        ]
      },
      "id": "node/7271318238"
    },
    {
      "type": "Feature",
      "properties": {
        "@id": "node/7271321742",
        "amenity": "restaurant"
      },
      "geometry": {
        "type": "Point",
        "coordinates": [
          11.5397362,
          3.8876321
        ]
      },
      "id": "node/7271321742"
    },
    {
      "type": "Feature",
      "properties": {
        "@id": "node/7271323476",
        "amenity": "restaurant",
        "name": "La Maison Du Bouillon"
      },
      "geometry": {
        "type": "Point",
        "coordinates": [
          11.5444506,
          3.8881523
        ]
      },
      "id": "node/7271323476"
    },
    {
      "type": "Feature",
      "properties": {
        "@id": "node/7271325791",
        "amenity": "restaurant",
        "name": "Restaurant Bar Le Refuge"
      },
      "geometry": {
        "type": "Point",
        "coordinates": [
          11.5377403,
          3.885113
        ]
      },
      "id": "node/7271325791"
    },
    {
      "type": "Feature",
      "properties": {
        "@id": "node/7271326226",
        "amenity": "restaurant",
        "name": "Le Carring Ton2035"
      },
      "geometry": {
        "type": "Point",
        "coordinates": [
          11.5356311,
          3.8855094
        ]
      },
      "id": "node/7271326226"
    },
    {
      "type": "Feature",
      "properties": {
        "@id": "node/7271327461",
        "amenity": "restaurant"
      },
      "geometry": {
        "type": "Point",
        "coordinates": [
          11.5474456,
          3.8917091
        ]
      },
      "id": "node/7271327461"
    },
    {
      "type": "Feature",
      "properties": {
        "@id": "node/7271327462",
        "amenity": "restaurant",
        "name": "Tourou Village"
      },
      "geometry": {
        "type": "Point",
        "coordinates": [
          11.5486187,
          3.8933575
        ]
      },
      "id": "node/7271327462"
    },
    {
      "type": "Feature",
      "properties": {
        "@id": "node/7271328625",
        "amenity": "restaurant",
        "name": "Cercle Vert"
      },
      "geometry": {
        "type": "Point",
        "coordinates": [
          11.5354132,
          3.8844891
        ]
      },
      "id": "node/7271328625"
    },
    {
      "type": "Feature",
      "properties": {
        "@id": "node/7271328807",
        "amenity": "restaurant",
        "name": "Kisses Places"
      },
      "geometry": {
        "type": "Point",
        "coordinates": [
          11.5431333,
          3.8878857
        ]
      },
      "id": "node/7271328807"
    },
    {
      "type": "Feature",
      "properties": {
        "@id": "node/7271335046",
        "amenity": "restaurant",
        "name": "Phoceen"
      },
      "geometry": {
        "type": "Point",
        "coordinates": [
          11.5414093,
          3.8891836
        ]
      },
      "id": "node/7271335046"
    },
    {
      "type": "Feature",
      "properties": {
        "@id": "node/7271335414",
        "amenity": "restaurant",
        "name": "Café Up"
      },
      "geometry": {
        "type": "Point",
        "coordinates": [
          11.5355118,
          3.8858
        ]
      },
      "id": "node/7271335414"
    },
    {
      "type": "Feature",
      "properties": {
        "@id": "node/7271336093",
        "amenity": "restaurant"
      },
      "geometry": {
        "type": "Point",
        "coordinates": [
          11.5369179,
          3.8870334
        ]
      },
      "id": "node/7271336093"
    },
    {
      "type": "Feature",
      "properties": {
        "@id": "node/7271340512",
        "amenity": "restaurant"
      },
      "geometry": {
        "type": "Point",
        "coordinates": [
          11.5437958,
          3.8887581
        ]
      },
      "id": "node/7271340512"
    },
    {
      "type": "Feature",
      "properties": {
        "@id": "node/7271340635",
        "amenity": "restaurant"
      },
      "geometry": {
        "type": "Point",
        "coordinates": [
          11.5472116,
          3.8913819
        ]
      },
      "id": "node/7271340635"
    },
    {
      "type": "Feature",
      "properties": {
        "@id": "node/7271342890",
        "amenity": "restaurant",
        "name": "Gold Coffee"
      },
      "geometry": {
        "type": "Point",
        "coordinates": [
          11.5434075,
          3.887974
        ]
      },
      "id": "node/7271342890"
    },
    {
      "type": "Feature",
      "properties": {
        "@id": "node/7271343920",
        "amenity": "restaurant",
        "name": "Yelo Eateri"
      },
      "geometry": {
        "type": "Point",
        "coordinates": [
          11.5480223,
          3.8923466
        ]
      },
      "id": "node/7271343920"
    },
    {
      "type": "Feature",
      "properties": {
        "@id": "node/7271346510",
        "amenity": "restaurant"
      },
      "geometry": {
        "type": "Point",
        "coordinates": [
          11.5438621,
          3.8898208
        ]
      },
      "id": "node/7271346510"
    },
    {
      "type": "Feature",
      "properties": {
        "@id": "node/7271346674",
        "amenity": "restaurant"
      },
      "geometry": {
        "type": "Point",
        "coordinates": [
          11.54892,
          3.892894
        ]
      },
      "id": "node/7271346674"
    },
    {
      "type": "Feature",
      "properties": {
        "@id": "node/7271346849",
        "amenity": "restaurant"
      },
      "geometry": {
        "type": "Point",
        "coordinates": [
          11.5423813,
          3.8924628
        ]
      },
      "id": "node/7271346849"
    },
    {
      "type": "Feature",
      "properties": {
        "@id": "node/7271348314",
        "amenity": "restaurant"
      },
      "geometry": {
        "type": "Point",
        "coordinates": [
          11.5486256,
          3.893127
        ]
      },
      "id": "node/7271348314"
    },
    {
      "type": "Feature",
      "properties": {
        "@id": "node/7271355245",
        "amenity": "restaurant",
        "name": "Five Star Bar Restaurant"
      },
      "geometry": {
        "type": "Point",
        "coordinates": [
          11.5424278,
          3.892085
        ]
      },
      "id": "node/7271355245"
    },
    {
      "type": "Feature",
      "properties": {
        "@id": "node/7271355246",
        "amenity": "restaurant"
      },
      "geometry": {
        "type": "Point",
        "coordinates": [
          11.5423695,
          3.8924286
        ]
      },
      "id": "node/7271355246"
    },
    {
      "type": "Feature",
      "properties": {
        "@id": "node/7271356538",
        "amenity": "restaurant"
      },
      "geometry": {
        "type": "Point",
        "coordinates": [
          11.5494291,
          3.8942305
        ]
      },
      "id": "node/7271356538"
    },
    {
      "type": "Feature",
      "properties": {
        "@id": "node/7271360576",
        "amenity": "restaurant"
      },
      "geometry": {
        "type": "Point",
        "coordinates": [
          11.543081,
          3.8984693
        ]
      },
      "id": "node/7271360576"
    },
    {
      "type": "Feature",
      "properties": {
        "@id": "node/7271363333",
        "amenity": "restaurant"
      },
      "geometry": {
        "type": "Point",
        "coordinates": [
          11.5422159,
          3.8931715
        ]
      },
      "id": "node/7271363333"
    },
    {
      "type": "Feature",
      "properties": {
        "@id": "node/7271365897",
        "amenity": "restaurant",
        "name": "Oubuntu"
      },
      "geometry": {
        "type": "Point",
        "coordinates": [
          11.5400051,
          3.8972431
        ]
      },
      "id": "node/7271365897"
    },
    {
      "type": "Feature",
      "properties": {
        "@id": "node/7271369134",
        "amenity": "restaurant"
      },
      "geometry": {
        "type": "Point",
        "coordinates": [
          11.5417955,
          3.8946567
        ]
      },
      "id": "node/7271369134"
    },
    {
      "type": "Feature",
      "properties": {
        "@id": "node/7271370569",
        "amenity": "restaurant"
      },
      "geometry": {
        "type": "Point",
        "coordinates": [
          11.5437073,
          3.8986148
        ]
      },
      "id": "node/7271370569"
    },
    {
      "type": "Feature",
      "properties": {
        "@id": "node/7271371638",
        "amenity": "restaurant",
        "name": "Cafe Resto Chez Elisa"
      },
      "geometry": {
        "type": "Point",
        "coordinates": [
          11.5398576,
          3.898949
        ]
      },
      "id": "node/7271371638"
    },
    {
      "type": "Feature",
      "properties": {
        "@id": "node/7271373803",
        "amenity": "restaurant"
      },
      "geometry": {
        "type": "Point",
        "coordinates": [
          11.5490522,
          3.9098083
        ]
      },
      "id": "node/7271373803"
    },
    {
      "type": "Feature",
      "properties": {
        "@id": "node/7271380702",
        "amenity": "restaurant"
      },
      "geometry": {
        "type": "Point",
        "coordinates": [
          11.5389074,
          3.8974946
        ]
      },
      "id": "node/7271380702"
    },
    {
      "type": "Feature",
      "properties": {
        "@id": "node/7271384294",
        "amenity": "restaurant"
      },
      "geometry": {
        "type": "Point",
        "coordinates": [
          11.5435845,
          3.8985563
        ]
      },
      "id": "node/7271384294"
    },
    {
      "type": "Feature",
      "properties": {
        "@id": "node/7271386132",
        "amenity": "restaurant",
        "name": "Mini Restau Monica"
      },
      "geometry": {
        "type": "Point",
        "coordinates": [
          11.5398576,
          3.8989748
        ]
      },
      "id": "node/7271386132"
    },
    {
      "type": "Feature",
      "properties": {
        "@id": "node/7271387008",
        "amenity": "restaurant"
      },
      "geometry": {
        "type": "Point",
        "coordinates": [
          11.5434588,
          3.9097018
        ]
      },
      "id": "node/7271387008"
    },
    {
      "type": "Feature",
      "properties": {
        "@id": "node/7271390321",
        "amenity": "restaurant"
      },
      "geometry": {
        "type": "Point",
        "coordinates": [
          11.5372666,
          3.9030721
        ]
      },
      "id": "node/7271390321"
    },
    {
      "type": "Feature",
      "properties": {
        "@id": "node/7271391363",
        "amenity": "restaurant"
      },
      "geometry": {
        "type": "Point",
        "coordinates": [
          11.5389778,
          3.9087512
        ]
      },
      "id": "node/7271391363"
    },
    {
      "type": "Feature",
      "properties": {
        "@id": "node/7271393251",
        "amenity": "restaurant"
      },
      "geometry": {
        "type": "Point",
        "coordinates": [
          11.5425402,
          3.9071161
        ]
      },
      "id": "node/7271393251"
    },
    {
      "type": "Feature",
      "properties": {
        "@id": "node/7271394578",
        "amenity": "restaurant",
        "name": "Le Peuple"
      },
      "geometry": {
        "type": "Point",
        "coordinates": [
          11.5382768,
          3.9071574
        ]
      },
      "id": "node/7271394578"
    },
    {
      "type": "Feature",
      "properties": {
        "@id": "node/7271398461",
        "amenity": "restaurant"
      },
      "geometry": {
        "type": "Point",
        "coordinates": [
          11.5416269,
          3.9081557
        ]
      },
      "id": "node/7271398461"
    },
    {
      "type": "Feature",
      "properties": {
        "@id": "node/7271407053",
        "amenity": "restaurant",
        "name": "Téléboutique Restaurant"
      },
      "geometry": {
        "type": "Point",
        "coordinates": [
          11.542338,
          3.9070288
        ]
      },
      "id": "node/7271407053"
    },
    {
      "type": "Feature",
      "properties": {
        "@id": "node/7271408144",
        "amenity": "restaurant",
        "name": "Cafe Resto Donia"
      },
      "geometry": {
        "type": "Point",
        "coordinates": [
          11.5423392,
          3.907012
        ]
      },
      "id": "node/7271408144"
    },
    {
      "type": "Feature",
      "properties": {
        "@id": "node/7271410328",
        "amenity": "restaurant",
        "name": "Restaurant-cave-ahni Bar"
      },
      "geometry": {
        "type": "Point",
        "coordinates": [
          11.5425921,
          3.9070285
        ]
      },
      "id": "node/7271410328"
    },
    {
      "type": "Feature",
      "properties": {
        "@id": "node/7271410646",
        "amenity": "restaurant"
      },
      "geometry": {
        "type": "Point",
        "coordinates": [
          11.5428372,
          3.9065676
        ]
      },
      "id": "node/7271410646"
    },
    {
      "type": "Feature",
      "properties": {
        "@id": "node/7271416387",
        "amenity": "restaurant"
      },
      "geometry": {
        "type": "Point",
        "coordinates": [
          11.5417968,
          3.9078611
        ]
      },
      "id": "node/7271416387"
    },
    {
      "type": "Feature",
      "properties": {
        "@id": "node/7271421261",
        "amenity": "restaurant"
      },
      "geometry": {
        "type": "Point",
        "coordinates": [
          11.543947,
          3.9050693
        ]
      },
      "id": "node/7271421261"
    },
    {
      "type": "Feature",
      "properties": {
        "@id": "node/7271421379",
        "amenity": "restaurant"
      },
      "geometry": {
        "type": "Point",
        "coordinates": [
          11.5513963,
          3.8995995
        ]
      },
      "id": "node/7271421379"
    },
    {
      "type": "Feature",
      "properties": {
        "@id": "node/7271423409",
        "amenity": "cafe"
      },
      "geometry": {
        "type": "Point",
        "coordinates": [
          11.544004,
          3.9049994
        ]
      },
      "id": "node/7271423409"
    },
    {
      "type": "Feature",
      "properties": {
        "@id": "node/7271432588",
        "amenity": "restaurant",
        "name": "Grill House"
      },
      "geometry": {
        "type": "Point",
        "coordinates": [
          11.5477079,
          3.8992721
        ]
      },
      "id": "node/7271432588"
    },
    {
      "type": "Feature",
      "properties": {
        "@id": "node/7271432880",
        "amenity": "restaurant"
      },
      "geometry": {
        "type": "Point",
        "coordinates": [
          11.549998,
          3.8974588
        ]
      },
      "id": "node/7271432880"
    },
    {
      "type": "Feature",
      "properties": {
        "@id": "node/7271433510",
        "amenity": "restaurant"
      },
      "geometry": {
        "type": "Point",
        "coordinates": [
          11.5471457,
          3.9014527
        ]
      },
      "id": "node/7271433510"
    },
    {
      "type": "Feature",
      "properties": {
        "@id": "node/7271434117",
        "amenity": "restaurant"
      },
      "geometry": {
        "type": "Point",
        "coordinates": [
          11.5426813,
          3.9070904
        ]
      },
      "id": "node/7271434117"
    },
    {
      "type": "Feature",
      "properties": {
        "@id": "node/7271436362",
        "amenity": "restaurant",
        "name": "Sahel"
      },
      "geometry": {
        "type": "Point",
        "coordinates": [
          11.5491894,
          3.898262
        ]
      },
      "id": "node/7271436362"
    },
    {
      "type": "Feature",
      "properties": {
        "@id": "node/7271436548",
        "amenity": "restaurant"
      },
      "geometry": {
        "type": "Point",
        "coordinates": [
          11.5467858,
          3.9025395
        ]
      },
      "id": "node/7271436548"
    },
    {
      "type": "Feature",
      "properties": {
        "@id": "node/7271439055",
        "amenity": "restaurant"
      },
      "geometry": {
        "type": "Point",
        "coordinates": [
          11.5476226,
          3.9061434
        ]
      },
      "id": "node/7271439055"
    },
    {
      "type": "Feature",
      "properties": {
        "@id": "node/7271440145",
        "amenity": "restaurant",
        "name": "La Pépite"
      },
      "geometry": {
        "type": "Point",
        "coordinates": [
          11.5494014,
          3.8980674
        ]
      },
      "id": "node/7271440145"
    },
    {
      "type": "Feature",
      "properties": {
        "@id": "node/7271441986",
        "amenity": "restaurant",
        "name": "Vip Restaurant"
      },
      "geometry": {
        "type": "Point",
        "coordinates": [
          11.5484001,
          3.8980459
        ]
      },
      "id": "node/7271441986"
    },
    {
      "type": "Feature",
      "properties": {
        "@id": "node/7271443181",
        "amenity": "restaurant",
        "name": "Restaurant Le Bon Goût"
      },
      "geometry": {
        "type": "Point",
        "coordinates": [
          11.5447121,
          3.9041896
        ]
      },
      "id": "node/7271443181"
    },
    {
      "type": "Feature",
      "properties": {
        "@id": "node/7271450288",
        "amenity": "restaurant",
        "name": "Premium Vip"
      },
      "geometry": {
        "type": "Point",
        "coordinates": [
          11.5452452,
          3.9033233
        ]
      },
      "id": "node/7271450288"
    },
    {
      "type": "Feature",
      "properties": {
        "@id": "node/7271450746",
        "amenity": "restaurant",
        "name": "Life Care In Zion"
      },
      "geometry": {
        "type": "Point",
        "coordinates": [
          11.5531929,
          3.8996939
        ]
      },
      "id": "node/7271450746"
    },
    {
      "type": "Feature",
      "properties": {
        "@id": "node/7271450946",
        "amenity": "restaurant",
        "name": "Raphaëlo Pizza"
      },
      "geometry": {
        "type": "Point",
        "coordinates": [
          11.5482221,
          3.8993471
        ]
      },
      "id": "node/7271450946"
    },
    {
      "type": "Feature",
      "properties": {
        "@id": "node/7271451674",
        "amenity": "restaurant",
        "name": "Escalier"
      },
      "geometry": {
        "type": "Point",
        "coordinates": [
          11.5564192,
          3.9004228
        ]
      },
      "id": "node/7271451674"
    },
    {
      "type": "Feature",
      "properties": {
        "@id": "node/7271451880",
        "amenity": "restaurant",
        "name": "Complexe Rodrigue Alimentation -fast Food-restaurant"
      },
      "geometry": {
        "type": "Point",
        "coordinates": [
          11.5532425,
          3.9000629
        ]
      },
      "id": "node/7271451880"
    },
    {
      "type": "Feature",
      "properties": {
        "@id": "node/7271458400",
        "amenity": "restaurant",
        "name": "La Grâce"
      },
      "geometry": {
        "type": "Point",
        "coordinates": [
          11.5493992,
          3.8983332
        ]
      },
      "id": "node/7271458400"
    },
    {
      "type": "Feature",
      "properties": {
        "@id": "node/7271465439",
        "amenity": "restaurant"
      },
      "geometry": {
        "type": "Point",
        "coordinates": [
          11.5608197,
          3.9024595
        ]
      },
      "id": "node/7271465439"
    },
    {
      "type": "Feature",
      "properties": {
        "@id": "node/7271475192",
        "amenity": "restaurant"
      },
      "geometry": {
        "type": "Point",
        "coordinates": [
          11.5512945,
          3.903064
        ]
      },
      "id": "node/7271475192"
    },
    {
      "type": "Feature",
      "properties": {
        "@id": "node/7271475724",
        "amenity": "restaurant"
      },
      "geometry": {
        "type": "Point",
        "coordinates": [
          11.5586213,
          3.9005907
        ]
      },
      "id": "node/7271475724"
    },
    {
      "type": "Feature",
      "properties": {
        "@id": "node/7271481427",
        "amenity": "restaurant",
        "name": "Le Week-end Du Carreleur"
      },
      "geometry": {
        "type": "Point",
        "coordinates": [
          11.5622874,
          3.9014588
        ]
      },
      "id": "node/7271481427"
    },
    {
      "type": "Feature",
      "properties": {
        "@id": "node/7281741986",
        "amenity": "clinic",
        "healthcare": "clinic",
        "name": "Centre hospitalier Caroline"
      },
      "geometry": {
        "type": "Point",
        "coordinates": [
          11.4786268,
          3.8435976
        ]
      },
      "id": "node/7281741986"
    },
    {
      "type": "Feature",
      "properties": {
        "@id": "node/7433218785",
        "amenity": "clinic",
        "healthcare": "clinic",
        "name": "test 1"
      },
      "geometry": {
        "type": "Point",
        "coordinates": [
          11.4540259,
          3.8111891
        ]
      },
      "id": "node/7433218785"
    },
    {
      "type": "Feature",
      "properties": {
        "@id": "node/7433218985",
        "amenity": "cafe",
        "name": "ulrich"
      },
      "geometry": {
        "type": "Point",
        "coordinates": [
          11.522778,
          3.8683787
        ]
      },
      "id": "node/7433218985"
    },
    {
      "type": "Feature",
      "properties": {
        "@id": "node/7433219085",
        "tourism": "hostel"
      },
      "geometry": {
        "type": "Point",
        "coordinates": [
          11.5417727,
          3.8544583
        ]
      },
      "id": "node/7433219085"
    },
    {
      "type": "Feature",
      "properties": {
        "@id": "node/7545604969",
        "addr:city": "Yaounde",
        "addr:street": "Rue Tchoughi Aloa",
        "amenity": "restaurant",
        "cuisine": "rice;chicken",
        "name": "Restaurant Universitaire n°1",
        "source": "GeoCameroun"
      },
      "geometry": {
        "type": "Point",
        "coordinates": [
          11.5006095,
          3.8553913
        ]
      },
      "id": "node/7545604969"
    },
    {
      "type": "Feature",
      "properties": {
        "@id": "node/7801588685",
        "addr:street": "Ngousso",
        "amenity": "pharmacy",
        "healthcare": "pharmacy",
        "name": "Pharmacie La Référence",
        "name:fr": "Pharmacie La Référence"
      },
      "geometry": {
        "type": "Point",
        "coordinates": [
          11.5490815,
          3.8941583
        ]
      },
      "id": "node/7801588685"
    },
    {
      "type": "Feature",
      "properties": {
        "@id": "node/7831933495",
        "amenity": "pharmacy",
        "healthcare": "pharmacy",
        "name": "Pharmacie la Statoise"
      },
      "geometry": {
        "type": "Point",
        "coordinates": [
          11.5278381,
          3.8449852
        ]
      },
      "id": "node/7831933495"
    },
    {
      "type": "Feature",
      "properties": {
        "@id": "node/7831934486",
        "amenity": "pharmacy",
        "healthcare": "pharmacy",
        "name": "Pharmacie de l'Etoile"
      },
      "geometry": {
        "type": "Point",
        "coordinates": [
          11.4816492,
          3.8387131
        ]
      },
      "id": "node/7831934486"
    },
    {
      "type": "Feature",
      "properties": {
        "@id": "node/7831945185",
        "amenity": "pharmacy",
        "healthcare": "pharmacy",
        "name": "Pharmacie Jérusalem",
        "phone": "+237691977668,621604514"
      },
      "geometry": {
        "type": "Point",
        "coordinates": [
          11.4768711,
          3.8403714
        ]
      },
      "id": "node/7831945185"
    },
    {
      "type": "Feature",
      "properties": {
        "@id": "node/7902231386",
        "name": "Maison de Sephora",
        "name:en": "Sephora's House",
        "tourism": "guest_house"
      },
      "geometry": {
        "type": "Point",
        "coordinates": [
          11.5187006,
          3.7819688
        ]
      },
      "id": "node/7902231386"
    },
    {
      "type": "Feature",
      "properties": {
        "@id": "node/7902231485",
        "name": "Maison de Sephora",
        "name:en": "Sephora's House",
        "tourism": "guest_house"
      },
      "geometry": {
        "type": "Point",
        "coordinates": [
          11.5380932,
          3.7293842
        ]
      },
      "id": "node/7902231485"
    },
    {
      "type": "Feature",
      "properties": {
        "@id": "node/7902231486",
        "name": "Maison de Sephora",
        "name:en": "Sephora's House",
        "tourism": "guest_house"
      },
      "geometry": {
        "type": "Point",
        "coordinates": [
          11.5185565,
          3.7755376
        ]
      },
      "id": "node/7902231486"
    },
    {
      "type": "Feature",
      "properties": {
        "@id": "node/7934998927",
        "amenity": "restaurant",
        "cuisine": "african",
        "delivery": "yes",
        "internet_access": "no",
        "name": "FLORA RESTO",
        "opening_hours": "Mo-Su 09:00-21:00",
        "operator": "Flora",
        "payment:coins": "yes",
        "payment:notes": "yes",
        "phone": "+237696713472;+237677744873",
        "reservation": "recommended",
        "smoking": "outside",
        "stars": "1",
        "takeaway": "yes",
        "wheelchair": "yes"
      },
      "geometry": {
        "type": "Point",
        "coordinates": [
          11.4909737,
          3.8339492
        ]
      },
      "id": "node/7934998927"
    },
    {
      "type": "Feature",
      "properties": {
        "@id": "node/7980000786",
        "historic": "monument",
        "name": "Kamerun coopérative",
        "name:en": "Kamerun Coop",
        "name:fr": "Kamerun Coop"
      },
      "geometry": {
        "type": "Point",
        "coordinates": [
          11.5516136,
          3.9441376
        ]
      },
      "id": "node/7980000786"
    },
    {
      "type": "Feature",
      "properties": {
        "@id": "node/7993239789",
        "amenity": "pharmacy",
        "healthcare": "pharmacy",
        "name": "Pharmacie Siloë"
      },
      "geometry": {
        "type": "Point",
        "coordinates": [
          11.482124,
          3.8489637
        ]
      },
      "id": "node/7993239789"
    },
    {
      "type": "Feature",
      "properties": {
        "@id": "node/7993239885",
        "amenity": "pharmacy",
        "healthcare": "pharmacy"
      },
      "geometry": {
        "type": "Point",
        "coordinates": [
          11.550909,
          3.830191
        ]
      },
      "id": "node/7993239885"
    },
    {
      "type": "Feature",
      "properties": {
        "@id": "node/7993240085",
        "amenity": "pharmacy",
        "healthcare": "pharmacy",
        "name": "Pharmacie urbaine"
      },
      "geometry": {
        "type": "Point",
        "coordinates": [
          11.5192009,
          3.8679438
        ]
      },
      "id": "node/7993240085"
    },
    {
      "type": "Feature",
      "properties": {
        "@id": "node/8108601617",
        "amenity": "hospital",
        "healthcare": "hospital",
        "name": "Hygiène Mobile"
      },
      "geometry": {
        "type": "Point",
        "coordinates": [
          11.5082292,
          3.8699215
        ]
      },
      "id": "node/8108601617"
    },
    {
      "type": "Feature",
      "properties": {
        "@id": "node/8132406618",
        "addr:street": "Rue Bounoungou Mbono",
        "internet_access": "wlan",
        "name": "Nguela",
        "name:en": "Guela",
        "opening_hours": "24/7",
        "tourism": "hotel"
      },
      "geometry": {
        "type": "Point",
        "coordinates": [
          11.5176779,
          3.8891161
        ]
      },
      "id": "node/8132406618"
    },
    {
      "type": "Feature",
      "properties": {
        "@id": "node/8151287963",
        "name": "Eco Park",
        "phone": "+237691715533",
        "tourism": "zoo",
        "url": "https://ecopark.cm/",
        "zoo": "enclosure"
      },
      "geometry": {
        "type": "Point",
        "coordinates": [
          11.4876249,
          3.7866385
        ]
      },
      "id": "node/8151287963"
    },
    {
      "type": "Feature",
      "properties": {
        "@id": "node/8194659121",
        "amenity": "restaurant",
        "name": "Kenny's Great House",
        "phone": "+237697213030",
        "tourism": "hotel"
      },
      "geometry": {
        "type": "Point",
        "coordinates": [
          11.512544,
          3.8969628
        ]
      },
      "id": "node/8194659121"
    },
    {
      "type": "Feature",
      "properties": {
        "@id": "node/8198599610",
        "amenity": "fast_food",
        "brewery": "no",
        "name": "Kaïs",
        "opening_hours": "12:00-23:00",
        "outdoor_seating": "yes",
        "phone": "+237657571211"
      },
      "geometry": {
        "type": "Point",
        "coordinates": [
          11.5177354,
          3.8857549
        ]
      },
      "id": "node/8198599610"
    },
    {
      "type": "Feature",
      "properties": {
        "@id": "node/8212709818",
        "addr:street": "Rue Ntonga Pie",
        "name": "Home La Sapinière",
        "tourism": "guest_house"
      },
      "geometry": {
        "type": "Point",
        "coordinates": [
          11.5938893,
          3.9835008
        ]
      },
      "id": "node/8212709818"
    },
    {
      "type": "Feature",
      "properties": {
        "@id": "node/8235688402",
        "amenity": "clinic",
        "contact:phone": "(+237) 6",
        "name": "La Gloire"
      },
      "geometry": {
        "type": "Point",
        "coordinates": [
          11.5566303,
          3.9288525
        ]
      },
      "id": "node/8235688402"
    },
    {
      "type": "Feature",
      "properties": {
        "@id": "node/8318722317",
        "amenity": "hospital",
        "healthcare": "hospital",
        "name": "Hôpital St Thérèse de Nomayos"
      },
      "geometry": {
        "type": "Point",
        "coordinates": [
          11.4459804,
          3.7913432
        ]
      },
      "id": "node/8318722317"
    },
    {
      "type": "Feature",
      "properties": {
        "@id": "node/8334866631",
        "amenity": "restaurant",
        "name": "Sadjo"
      },
      "geometry": {
        "type": "Point",
        "coordinates": [
          11.461574,
          3.8655432
        ]
      },
      "id": "node/8334866631"
    },
    {
      "type": "Feature",
      "properties": {
        "@id": "node/8460263826",
        "amenity": "hospital",
        "healthcare": "hospital",
        "name": "Q7 Hôpital"
      },
      "geometry": {
        "type": "Point",
        "coordinates": [
          11.4835363,
          3.8360396
        ]
      },
      "id": "node/8460263826"
    },
    {
      "type": "Feature",
      "properties": {
        "@id": "node/8482202117",
        "amenity": "restaurant",
        "name": "Restaurant Khahyz B K"
      },
      "geometry": {
        "type": "Point",
        "coordinates": [
          11.4941709,
          3.8496584
        ]
      },
      "id": "node/8482202117"
    },
    {
      "type": "Feature",
      "properties": {
        "@id": "node/8500459124",
        "amenity": "restaurant",
        "cuisine": "cameroonian"
      },
      "geometry": {
        "type": "Point",
        "coordinates": [
          11.503449,
          3.8835002
        ]
      },
      "id": "node/8500459124"
    },
    {
      "type": "Feature",
      "properties": {
        "@id": "node/8524439661",
        "amenity": "restaurant"
      },
      "geometry": {
        "type": "Point",
        "coordinates": [
          11.5216017,
          3.7731569
        ]
      },
      "id": "node/8524439661"
    },
    {
      "type": "Feature",
      "properties": {
        "@id": "node/8524533306",
        "amenity": "restaurant"
      },
      "geometry": {
        "type": "Point",
        "coordinates": [
          11.5199368,
          3.7731636
        ]
      },
      "id": "node/8524533306"
    },
    {
      "type": "Feature",
      "properties": {
        "@id": "node/8524579710",
        "amenity": "fast_food"
      },
      "geometry": {
        "type": "Point",
        "coordinates": [
          11.5200931,
          3.7735109
        ]
      },
      "id": "node/8524579710"
    },
    {
      "type": "Feature",
      "properties": {
        "@id": "node/8524579849",
        "amenity": "fast_food"
      },
      "geometry": {
        "type": "Point",
        "coordinates": [
          11.5491495,
          3.869948
        ]
      },
      "id": "node/8524579849"
    },
    {
      "type": "Feature",
      "properties": {
        "@id": "node/8524597604",
        "amenity": "fast_food"
      },
      "geometry": {
        "type": "Point",
        "coordinates": [
          11.5201847,
          3.7720729
        ]
      },
      "id": "node/8524597604"
    },
    {
      "type": "Feature",
      "properties": {
        "@id": "node/8524639931",
        "amenity": "pharmacy",
        "healthcare": "pharmacy"
      },
      "geometry": {
        "type": "Point",
        "coordinates": [
          11.548783,
          3.8671906
        ]
      },
      "id": "node/8524639931"
    },
    {
      "type": "Feature",
      "properties": {
        "@id": "node/8524648883",
        "amenity": "fast_food"
      },
      "geometry": {
        "type": "Point",
        "coordinates": [
          11.5211184,
          3.7690942
        ]
      },
      "id": "node/8524648883"
    },
    {
      "type": "Feature",
      "properties": {
        "@id": "node/8595806225",
        "addr:street": "Yaounde - Obala",
        "name": "Hotel la Solution de Mfomakap",
        "name:en": "Hotel la Solution of Mfomakap",
        "operator": "MESSI TSALA",
        "phone": "+237696513078",
        "tourism": "hotel"
      },
      "geometry": {
        "type": "Point",
        "coordinates": [
          11.5537916,
          4.0325427
        ]
      },
      "id": "node/8595806225"
    },
    {
      "type": "Feature",
      "properties": {
        "@id": "node/8718892807",
        "amenity": "restaurant",
        "cuisine": "african",
        "name": "Bar Restaurant Nature"
      },
      "geometry": {
        "type": "Point",
        "coordinates": [
          11.5117611,
          3.8928695
        ]
      },
      "id": "node/8718892807"
    },
    {
      "type": "Feature",
      "properties": {
        "@id": "node/8718892808",
        "amenity": "restaurant",
        "name": "Pim Poulet"
      },
      "geometry": {
        "type": "Point",
        "coordinates": [
          11.5118537,
          3.8927456
        ]
      },
      "id": "node/8718892808"
    },
    {
      "type": "Feature",
      "properties": {
        "@id": "node/8789946900",
        "amenity": "restaurant",
        "cuisine": "lebanese",
        "name": "Popeyes",
        "old_name": "Dr. Shawarma",
        "phone": "691 91 91 02"
      },
      "geometry": {
        "type": "Point",
        "coordinates": [
          11.5090524,
          3.8930404
        ]
      },
      "id": "node/8789946900"
    },
    {
      "type": "Feature",
      "properties": {
        "@id": "node/8989860017",
        "amenity": "cafe",
        "name": "Terrific Coffee"
      },
      "geometry": {
        "type": "Point",
        "coordinates": [
          11.5404892,
          3.8338235
        ]
      },
      "id": "node/8989860017"
    },
    {
      "type": "Feature",
      "properties": {
        "@id": "node/9009685218",
        "amenity": "pharmacy",
        "healthcare": "pharmacy",
        "name": "Pharmacie des Nations"
      },
      "geometry": {
        "type": "Point",
        "coordinates": [
          11.5216344,
          3.887733
        ]
      },
      "id": "node/9009685218"
    },
    {
      "type": "Feature",
      "properties": {
        "@id": "node/9009718217",
        "amenity": "pharmacy",
        "name": "Olembé Pharmacy"
      },
      "geometry": {
        "type": "Point",
        "coordinates": [
          11.5334315,
          3.9569055
        ]
      },
      "id": "node/9009718217"
    },
    {
      "type": "Feature",
      "properties": {
        "@id": "node/9025463518",
        "amenity": "pharmacy",
        "healthcare": "pharmacy",
        "name": "Pharmacie 3A"
      },
      "geometry": {
        "type": "Point",
        "coordinates": [
          11.4707056,
          3.8276107
        ]
      },
      "id": "node/9025463518"
    },
    {
      "type": "Feature",
      "properties": {
        "@id": "node/9025463520",
        "amenity": "pharmacy",
        "healthcare": "pharmacy",
        "name": "Pharmacie de Simbock"
      },
      "geometry": {
        "type": "Point",
        "coordinates": [
          11.4718734,
          3.8212364
        ]
      },
      "id": "node/9025463520"
    },
    {
      "type": "Feature",
      "properties": {
        "@id": "node/9026271302",
        "addr:city": "yaounde",
        "addr:postcode": "55344",
        "addr:street": "Rue 1.570",
        "amenity": "restaurant",
        "name": "les merveilles de FOLOLO",
        "opening_hours": "24/7",
        "phone": "6 56 43 52 87",
        "website": "https://les-merveilles-de-fololo.business.site/"
      },
      "geometry": {
        "type": "Point",
        "coordinates": [
          11.5265703,
          3.9041398
        ]
      },
      "id": "node/9026271302"
    },
    {
      "type": "Feature",
      "properties": {
        "@id": "node/9041137277",
        "amenity": "pharmacy",
        "name": "Pharmacie Efoulan"
      },
      "geometry": {
        "type": "Point",
        "coordinates": [
          11.5068517,
          3.8356646
        ]
      },
      "id": "node/9041137277"
    },
    {
      "type": "Feature",
      "properties": {
        "@id": "node/9049183570",
        "name": "Arenah Hôtel",
        "tourism": "hotel"
      },
      "geometry": {
        "type": "Point",
        "coordinates": [
          11.5283601,
          3.953114
        ]
      },
      "id": "node/9049183570"
    },
    {
      "type": "Feature",
      "properties": {
        "@id": "node/9106048717",
        "amenity": "restaurant",
        "indoor_seating": "yes",
        "name": "Chez Papi la flèche",
        "outdoor_seating": "yes"
      },
      "geometry": {
        "type": "Point",
        "coordinates": [
          11.5425151,
          3.8749352
        ]
      },
      "id": "node/9106048717"
    },
    {
      "type": "Feature",
      "properties": {
        "@id": "node/9111649017",
        "name": "Summit palace",
        "stars": "3",
        "tourism": "hotel"
      },
      "geometry": {
        "type": "Point",
        "coordinates": [
          11.526819,
          3.9090127
        ]
      },
      "id": "node/9111649017"
    },
    {
      "type": "Feature",
      "properties": {
        "@id": "node/9111838417",
        "amenity": "clinic",
        "healthcare": "clinic",
        "name": "Docteur EDU"
      },
      "geometry": {
        "type": "Point",
        "coordinates": [
          11.5266299,
          3.9109219
        ]
      },
      "id": "node/9111838417"
    },
    {
      "type": "Feature",
      "properties": {
        "@id": "node/9144291623",
        "amenity": "clinic",
        "contact:phone": "690934069",
        "healthcare": "clinic",
        "name": "ombéssa"
      },
      "geometry": {
        "type": "Point",
        "coordinates": [
          11.5191774,
          3.8472095
        ]
      },
      "id": "node/9144291623"
    },
    {
      "type": "Feature",
      "properties": {
        "@id": "node/9463019417",
        "name": "Maison Armando Éleveur",
        "tourism": "guest_house"
      },
      "geometry": {
        "type": "Point",
        "coordinates": [
          11.5640447,
          3.8966692
        ]
      },
      "id": "node/9463019417"
    },
    {
      "type": "Feature",
      "properties": {
        "@id": "node/9464121518",
        "name": "Visite",
        "name:fr": "Visite appartement",
        "tourism": "guest_house"
      },
      "geometry": {
        "type": "Point",
        "coordinates": [
          11.5260111,
          3.9283403
        ]
      },
      "id": "node/9464121518"
    },
    {
      "type": "Feature",
      "properties": {
        "@id": "node/9465485918",
        "name": "Visites Ngousso Olembe Maison",
        "tourism": "guest_house"
      },
      "geometry": {
        "type": "Point",
        "coordinates": [
          11.5415892,
          3.9327523
        ]
      },
      "id": "node/9465485918"
    },
    {
      "type": "Feature",
      "properties": {
        "@id": "node/9494868409",
        "name": "Star Land",
        "tourism": "hotel"
      },
      "geometry": {
        "type": "Point",
        "coordinates": [
          11.5134234,
          3.8942593
        ]
      },
      "id": "node/9494868409"
    },
    {
      "type": "Feature",
      "properties": {
        "@id": "node/9780646428",
        "amenity": "hospital",
        "name": "Centre de santé CLAUDINE ECHERNIER"
      },
      "geometry": {
        "type": "Point",
        "coordinates": [
          11.4490943,
          3.9071074
        ]
      },
      "id": "node/9780646428"
    },
    {
      "type": "Feature",
      "properties": {
        "@id": "node/9825652774",
        "name": "MEUMI Hôtel",
        "phone": "+237694565184",
        "tourism": "hotel"
      },
      "geometry": {
        "type": "Point",
        "coordinates": [
          11.5196787,
          3.8891702
        ]
      },
      "id": "node/9825652774"
    },
    {
      "type": "Feature",
      "properties": {
        "@id": "node/10013409318",
        "addr:street": "Rue 4.922",
        "amenity": "hospital",
        "email": "zrmclinic2022@gmail.com",
        "name": "ZION REFERENCE MEDICAL CLINIC",
        "phone": "670791036"
      },
      "geometry": {
        "type": "Point",
        "coordinates": [
          11.5687495,
          3.8767421
        ]
      },
      "id": "node/10013409318"
    },
    {
      "type": "Feature",
      "properties": {
        "@id": "node/10013418817",
        "amenity": "hospital",
        "name": "REFERENCE CLINIC MIMBOMAN"
      },
      "geometry": {
        "type": "Point",
        "coordinates": [
          11.5691491,
          3.8761056
        ]
      },
      "id": "node/10013418817"
    },
    {
      "type": "Feature",
      "properties": {
        "@id": "node/10029724175",
        "name": "Welcome Garden’s Hotel",
        "tourism": "hotel"
      },
      "geometry": {
        "type": "Point",
        "coordinates": [
          11.5977846,
          3.9722515
        ]
      },
      "id": "node/10029724175"
    },
    {
      "type": "Feature",
      "properties": {
        "@id": "node/10171194518",
        "name": "Hotel Kamthe",
        "survey:date": "2022-11-08",
        "tourism": "hotel"
      },
      "geometry": {
        "type": "Point",
        "coordinates": [
          11.470322,
          3.8311285
        ]
      },
      "id": "node/10171194518"
    },
    {
      "type": "Feature",
      "properties": {
        "@id": "node/10217304317",
        "amenity": "restaurant",
        "indoor_seating": "yes",
        "internet_access": "no",
        "outdoor_seating": "yes",
        "survey:date": "2024-02-07",
        "wheelchair": "no"
      },
      "geometry": {
        "type": "Point",
        "coordinates": [
          11.4966342,
          3.8695417
        ]
      },
      "id": "node/10217304317"
    },
    {
      "type": "Feature",
      "properties": {
        "@id": "node/10223108817",
        "tourism": "hotel"
      },
      "geometry": {
        "type": "Point",
        "coordinates": [
          11.5704742,
          3.8166696
        ]
      },
      "id": "node/10223108817"
    },
    {
      "type": "Feature",
      "properties": {
        "@id": "node/10225296117",
        "name": "Immeuble MAJA",
        "survey:date": "2022-11-29",
        "tourism": "hotel"
      },
      "geometry": {
        "type": "Point",
        "coordinates": [
          11.4779096,
          3.8406501
        ]
      },
      "id": "node/10225296117"
    },
    {
      "type": "Feature",
      "properties": {
        "@id": "node/10225353817",
        "name": "Pascalia Hôtel",
        "survey:date": "2022-11-29",
        "tourism": "hotel"
      },
      "geometry": {
        "type": "Point",
        "coordinates": [
          11.4765344,
          3.8428262
        ]
      },
      "id": "node/10225353817"
    },
    {
      "type": "Feature",
      "properties": {
        "@id": "node/10231598995",
        "amenity": "clinic",
        "healthcare": "clinic"
      },
      "geometry": {
        "type": "Point",
        "coordinates": [
          11.4633335,
          3.801733
        ]
      },
      "id": "node/10231598995"
    },
    {
      "type": "Feature",
      "properties": {
        "@id": "node/10231599001",
        "amenity": "hospital"
      },
      "geometry": {
        "type": "Point",
        "coordinates": [
          11.4641342,
          3.8045083
        ]
      },
      "id": "node/10231599001"
    },
    {
      "type": "Feature",
      "properties": {
        "@id": "node/10233779841",
        "amenity": "restaurant",
        "name": "ALPHA FOODS",
        "opening_hours": "Mo-Su 08:30-23:00"
      },
      "geometry": {
        "type": "Point",
        "coordinates": [
          11.5010236,
          3.8515532
        ]
      },
      "id": "node/10233779841"
    },
    {
      "type": "Feature",
      "properties": {
        "@id": "node/10235824780",
        "addr:street": "Rue lycée Leclerc",
        "amenity": "restaurant",
        "name": "RESTAURANT LE FOUTA",
        "phone": "655388753"
      },
      "geometry": {
        "type": "Point",
        "coordinates": [
          11.5045264,
          3.8559765
        ]
      },
      "id": "node/10235824780"
    },
    {
      "type": "Feature",
      "properties": {
        "@id": "node/10253165509",
        "amenity": "restaurant",
        "name": "LE ROLIS restaurant",
        "survey:date": "2023-04-10",
        "wheelchair": "no"
      },
      "geometry": {
        "type": "Point",
        "coordinates": [
          11.5247885,
          3.9013207
        ]
      },
      "id": "node/10253165509"
    },
    {
      "type": "Feature",
      "properties": {
        "@id": "node/10753137105",
        "amenity": "hospital",
        "healthcare": "hospital",
        "name": "CMA de Mvog-Ada"
      },
      "geometry": {
        "type": "Point",
        "coordinates": [
          11.5273853,
          3.863764
        ]
      },
      "id": "node/10753137105"
    },
    {
      "type": "Feature",
      "properties": {
        "@id": "node/10895913789",
        "description": "Fouga Magister",
        "historic": "memorial",
        "memorial": "aircraft"
      },
      "geometry": {
        "type": "Point",
        "coordinates": [
          11.5399987,
          3.7175428
        ]
      },
      "id": "node/10895913789"
    },
    {
      "type": "Feature",
      "properties": {
        "@id": "node/11007426705",
        "name": "Montreal Hotel",
        "survey:date": "2023-04-10",
        "tourism": "hotel"
      },
      "geometry": {
        "type": "Point",
        "coordinates": [
          11.5190378,
          3.8832331
        ]
      },
      "id": "node/11007426705"
    },
    {
      "type": "Feature",
      "properties": {
        "@id": "node/11178388337",
        "name": "Juracel Lodge Hotel",
        "tourism": "hotel"
      },
      "geometry": {
        "type": "Point",
        "coordinates": [
          11.5268564,
          3.8520891
        ]
      },
      "id": "node/11178388337"
    },
    {
      "type": "Feature",
      "properties": {
        "@id": "node/11254602337",
        "tourism": "hotel"
      },
      "geometry": {
        "type": "Point",
        "coordinates": [
          11.516568,
          3.837356
        ]
      },
      "id": "node/11254602337"
    },
    {
      "type": "Feature",
      "properties": {
        "@id": "node/11384443588",
        "amenity": "pharmacy",
        "name": "Pharmacie Messamendongo"
      },
      "geometry": {
        "type": "Point",
        "coordinates": [
          11.5225284,
          3.7966201
        ]
      },
      "id": "node/11384443588"
    },
    {
      "type": "Feature",
      "properties": {
        "@id": "node/11384443823",
        "amenity": "doctors",
        "name": "Cabinet Médical Ebana Mballa"
      },
      "geometry": {
        "type": "Point",
        "coordinates": [
          11.5210139,
          3.8058341
        ]
      },
      "id": "node/11384443823"
    },
    {
      "type": "Feature",
      "properties": {
        "@id": "node/11384444058",
        "amenity": "restaurant",
        "name": "La Détente"
      },
      "geometry": {
        "type": "Point",
        "coordinates": [
          11.5395872,
          3.7652196
        ]
      },
      "id": "node/11384444058"
    },
    {
      "type": "Feature",
      "properties": {
        "@id": "node/11386372004",
        "amenity": "doctors",
        "check_date": "2023-11-30",
        "healthcare": "doctor",
        "healthcare:speciality": "general",
        "name": "Centre de Santé Ange Raphaël",
        "opening_hours": "24/7"
      },
      "geometry": {
        "type": "Point",
        "coordinates": [
          11.4572707,
          3.7950042
        ]
      },
      "id": "node/11386372004"
    },
    {
      "type": "Feature",
      "properties": {
        "@id": "node/11386372007",
        "amenity": "fast_food",
        "check_date": "2023-11-30",
        "contact:phone": "+237 6 52 37 61 60",
        "cuisine": "seafood",
        "name": "La Reine du Poisson Braisé",
        "opening_hours": "15:00-23:00"
      },
      "geometry": {
        "type": "Point",
        "coordinates": [
          11.4569212,
          3.7949029
        ]
      },
      "id": "node/11386372007"
    },
    {
      "type": "Feature",
      "properties": {
        "@id": "node/11392381238",
        "addr:street": "Rue Ceper",
        "amenity": "restaurant",
        "description": "Restaurant, Cabaret, Bar",
        "name": "Gramland",
        "opening_hours": "Mo-Su 11:00-01:00",
        "phone": "+237652211994"
      },
      "geometry": {
        "type": "Point",
        "coordinates": [
          11.5212008,
          3.8765983
        ]
      },
      "id": "node/11392381238"
    },
    {
      "type": "Feature",
      "properties": {
        "@id": "node/11394066746",
        "amenity": "restaurant",
        "check_date": "2023-12-04",
        "cuisine": "french",
        "name": "Le P'tit Bistrot"
      },
      "geometry": {
        "type": "Point",
        "coordinates": [
          11.523692,
          3.8696801
        ]
      },
      "id": "node/11394066746"
    },
    {
      "type": "Feature",
      "properties": {
        "@id": "node/11394099571",
        "amenity": "restaurant",
        "name": "Restaurant Sénégalais Chez Kao"
      },
      "geometry": {
        "type": "Point",
        "coordinates": [
          11.4927667,
          3.7946577
        ]
      },
      "id": "node/11394099571"
    },
    {
      "type": "Feature",
      "properties": {
        "@id": "node/11398305595",
        "amenity": "restaurant",
        "check_date": "2023-12-06",
        "cuisine": "regional",
        "name": "Saveurs du Cameroun",
        "outdoor_seating": "yes"
      },
      "geometry": {
        "type": "Point",
        "coordinates": [
          11.5132188,
          3.8758418
        ]
      },
      "id": "node/11398305595"
    },
    {
      "type": "Feature",
      "properties": {
        "@id": "node/11399989829",
        "name": "IRIS Hotel",
        "survey:date": "2023-08-09",
        "tourism": "hotel"
      },
      "geometry": {
        "type": "Point",
        "coordinates": [
          11.5199973,
          3.7959088
        ]
      },
      "id": "node/11399989829"
    },
    {
      "type": "Feature",
      "properties": {
        "@id": "node/11400080186",
        "survey:date": "2023-12-07",
        "tourism": "hotel"
      },
      "geometry": {
        "type": "Point",
        "coordinates": [
          11.4960479,
          3.8670781
        ]
      },
      "id": "node/11400080186"
    },
    {
      "type": "Feature",
      "properties": {
        "@id": "node/11400083237",
        "amenity": "dentist",
        "healthcare": "dentist",
        "name": "Laboratoire Moderne de Référence",
        "phone": "+237674495446",
        "survey:date": "2023-12-07"
      },
      "geometry": {
        "type": "Point",
        "coordinates": [
          11.4991046,
          3.8707845
        ]
      },
      "id": "node/11400083237"
    },
    {
      "type": "Feature",
      "properties": {
        "@id": "node/11401041302",
        "bar": "yes",
        "building:levels": "8",
        "check_date": "2024-06-03",
        "internet_access": "wlan",
        "internet_access:fee": "customers",
        "name": "United Hotel",
        "reservation": "yes",
        "source": "survey",
        "stars": "4",
        "tourism": "hotel",
        "wheelchair": "yes"
      },
      "geometry": {
        "type": "Point",
        "coordinates": [
          11.5155389,
          3.8741627
        ]
      },
      "id": "node/11401041302"
    },
    {
      "type": "Feature",
      "properties": {
        "@id": "node/11403251707",
        "amenity": "restaurant",
        "cuisine": "chicken",
        "survey:date": "2023-12-08"
      },
      "geometry": {
        "type": "Point",
        "coordinates": [
          11.4668889,
          3.8102051
        ]
      },
      "id": "node/11403251707"
    },
    {
      "type": "Feature",
      "properties": {
        "@id": "node/11403676170",
        "amenity": "fast_food",
        "check_date": "2023-12-08",
        "cuisine": "chicken",
        "drive_through": "no",
        "name": "La Force du Poulet"
      },
      "geometry": {
        "type": "Point",
        "coordinates": [
          11.5132702,
          3.8761571
        ]
      },
      "id": "node/11403676170"
    },
    {
      "type": "Feature",
      "properties": {
        "@id": "node/11403676171",
        "amenity": "restaurant",
        "check_date": "2023-12-08",
        "cuisine": "international",
        "name": "Le Rocher"
      },
      "geometry": {
        "type": "Point",
        "coordinates": [
          11.5131474,
          3.8760438
        ]
      },
      "id": "node/11403676171"
    },
    {
      "type": "Feature",
      "properties": {
        "@id": "node/11403676176",
        "amenity": "fast_food",
        "check_date": "2023-12-08",
        "cuisine": "burger",
        "name": "Oui Noon!"
      },
      "geometry": {
        "type": "Point",
        "coordinates": [
          11.5134033,
          3.8761234
        ]
      },
      "id": "node/11403676176"
    },
    {
      "type": "Feature",
      "properties": {
        "@id": "node/11403676177",
        "amenity": "restaurant",
        "check_date": "2023-12-08",
        "cuisine": "barbecue",
        "name": "Mapamba Grill"
      },
      "geometry": {
        "type": "Point",
        "coordinates": [
          11.5133377,
          3.8761406
        ]
      },
      "id": "node/11403676177"
    },
    {
      "type": "Feature",
      "properties": {
        "@id": "node/11403819595",
        "amenity": "restaurant",
        "check_date": "2023-12-08",
        "cuisine": "pizza",
        "name": "Le Carino"
      },
      "geometry": {
        "type": "Point",
        "coordinates": [
          11.5133174,
          3.8758608
        ]
      },
      "id": "node/11403819595"
    },
    {
      "type": "Feature",
      "properties": {
        "@id": "node/11403819596",
        "amenity": "restaurant",
        "check_date": "2023-12-08",
        "name": "Crepino"
      },
      "geometry": {
        "type": "Point",
        "coordinates": [
          11.5132681,
          3.8758547
        ]
      },
      "id": "node/11403819596"
    },
    {
      "type": "Feature",
      "properties": {
        "@id": "node/11411616571",
        "amenity": "hospital",
        "healthcare": "hospital",
        "healthcare:speciality": "general",
        "name": "Cabinet De Soins"
      },
      "geometry": {
        "type": "Point",
        "coordinates": [
          11.5027928,
          3.8528744
        ]
      },
      "id": "node/11411616571"
    },
    {
      "type": "Feature",
      "properties": {
        "@id": "node/11422765650",
        "amenity": "pharmacy",
        "name": "Pharmacie Élite",
        "phone": "237695114998"
      },
      "geometry": {
        "type": "Point",
        "coordinates": [
          11.4893178,
          3.8639878
        ]
      },
      "id": "node/11422765650"
    },
    {
      "type": "Feature",
      "properties": {
        "@id": "node/11422827648",
        "amenity": "clinic",
        "description": "Planning familial , vaccination, Gynécologie consultation de dent",
        "name": "Full bright"
      },
      "geometry": {
        "type": "Point",
        "coordinates": [
          11.4903464,
          3.8637788
        ]
      },
      "id": "node/11422827648"
    },
    {
      "type": "Feature",
      "properties": {
        "@id": "node/11446555752",
        "amenity": "restaurant",
        "check_date": "2023-12-23",
        "cuisine": "regional",
        "indoor_seating": "yes",
        "name": "LE TEMPS DE DIEU",
        "outdoor_seating": "no",
        "phone": "+237 6 99 00 12 78",
        "wheelchair": "no"
      },
      "geometry": {
        "type": "Point",
        "coordinates": [
          11.4949372,
          3.8506484
        ]
      },
      "id": "node/11446555752"
    },
    {
      "type": "Feature",
      "properties": {
        "@id": "node/11455033582",
        "amenity": "pharmacy",
        "check_date": "2023-12-26",
        "email": "pharmaciemarijov@gmail.com",
        "name": "Pharmacie Marijova",
        "phone": "+237222230997; +237 6 99 98 86 83"
      },
      "geometry": {
        "type": "Point",
        "coordinates": [
          11.4816399,
          3.8703088
        ]
      },
      "id": "node/11455033582"
    },
    {
      "type": "Feature",
      "properties": {
        "@id": "node/11455140751",
        "amenity": "doctors",
        "check_date": "2023-12-26",
        "healthcare": "doctor",
        "healthcare:speciality": "ophthalmology",
        "internet_access": "wlan",
        "internet_access:fee": "no",
        "name": "Centre National d'Optometrie"
      },
      "geometry": {
        "type": "Point",
        "coordinates": [
          11.4548385,
          3.8724808
        ]
      },
      "id": "node/11455140751"
    },
    {
      "type": "Feature",
      "properties": {
        "@id": "node/11455182871",
        "amenity": "restaurant",
        "check_date": "2023-12-26",
        "cuisine": "regional",
        "delivery": "yes",
        "diet:vegetarian": "yes",
        "name": "Alpha Food",
        "phone": "+237 6 96 14 61 62",
        "wheelchair": "no"
      },
      "geometry": {
        "type": "Point",
        "coordinates": [
          11.4549439,
          3.8725626
        ]
      },
      "id": "node/11455182871"
    },
    {
      "type": "Feature",
      "properties": {
        "@id": "node/11455197519",
        "amenity": "restaurant",
        "check_date": "2023-12-26",
        "phone": "+237 6 91 17 55 93",
        "wheelchair": "no"
      },
      "geometry": {
        "type": "Point",
        "coordinates": [
          11.4529995,
          3.8732876
        ]
      },
      "id": "node/11455197519"
    },
    {
      "type": "Feature",
      "properties": {
        "@id": "node/11459806721",
        "amenity": "clinic",
        "check_date": "2023-12-27",
        "healthcare": "clinic",
        "name": "La Vertu",
        "operator:type": "public",
        "source": "survey"
      },
      "geometry": {
        "type": "Point",
        "coordinates": [
          11.5741212,
          3.862243
        ]
      },
      "id": "node/11459806721"
    },
    {
      "type": "Feature",
      "properties": {
        "@id": "node/11483020370",
        "amenity": "clinic",
        "check_date": "2024-01-03",
        "healthcare": "clinic",
        "healthcare:speciality": "general",
        "name": "Cabinet De Soins Père Et Fils",
        "operator:type": "private",
        "phone": "+237 6 94 60 71 20",
        "source": "survey"
      },
      "geometry": {
        "type": "Point",
        "coordinates": [
          11.5009347,
          3.8522261
        ]
      },
      "id": "node/11483020370"
    },
    {
      "type": "Feature",
      "properties": {
        "@id": "node/11500679181",
        "amenity": "fast_food",
        "check_date": "2024-01-08",
        "name": "Laman",
        "opening_hours": "Mo-Sa 08:00-20:00",
        "payment:credit_cards": "no",
        "payment:debit_cards": "no",
        "wheelchair": "no"
      },
      "geometry": {
        "type": "Point",
        "coordinates": [
          11.4978263,
          3.8693117
        ]
      },
      "id": "node/11500679181"
    },
    {
      "type": "Feature",
      "properties": {
        "@id": "node/11519504476",
        "amenity": "restaurant",
        "name": "Tchoko's Food",
        "opening_hours": "09:00-23:00; Tu off",
        "phone": "+237692156896",
        "survey:date": "2024-01-15",
        "wheelchair": "no"
      },
      "geometry": {
        "type": "Point",
        "coordinates": [
          11.5403581,
          3.8663988
        ]
      },
      "id": "node/11519504476"
    },
    {
      "type": "Feature",
      "properties": {
        "@id": "node/11536870670",
        "name": "Village Virginie FOUE",
        "tourism": "guest_house"
      },
      "geometry": {
        "type": "Point",
        "coordinates": [
          11.3573867,
          3.8893603
        ]
      },
      "id": "node/11536870670"
    },
    {
      "type": "Feature",
      "properties": {
        "@id": "node/11536870671",
        "name": "chez DADA",
        "phone": "699145494",
        "tourism": "guest_house"
      },
      "geometry": {
        "type": "Point",
        "coordinates": [
          11.5047443,
          3.8754505
        ]
      },
      "id": "node/11536870671"
    },
    {
      "type": "Feature",
      "properties": {
        "@id": "node/11536877972",
        "name": "Sanda Oumarou Ibrahim OSI",
        "tourism": "guest_house"
      },
      "geometry": {
        "type": "Point",
        "coordinates": [
          11.5120336,
          3.8893994
        ]
      },
      "id": "node/11536877972"
    },
    {
      "type": "Feature",
      "properties": {
        "@id": "node/11539902718",
        "amenity": "fast_food",
        "check_date": "2026-05-06",
        "indoor_seating": "yes",
        "name": "Restaurant Sénégalais Chez Kao",
        "outdoor_seating": "no",
        "phone": "+237 6 79 19 29 37; +237 6 79 06 71 89; +237 6 57 89 13 80"
      },
      "geometry": {
        "type": "Point",
        "coordinates": [
          11.5001802,
          3.8545599
        ]
      },
      "id": "node/11539902718"
    },
    {
      "type": "Feature",
      "properties": {
        "@id": "node/11591598843",
        "amenity": "restaurant",
        "check_date": "2024-02-06",
        "cuisine": "regional",
        "name": "Restaurant Fotio",
        "payment:cash": "yes",
        "payment:coins": "yes",
        "phone": "+237 6 52 05 57 61",
        "source": "survey"
      },
      "geometry": {
        "type": "Point",
        "coordinates": [
          11.5521054,
          3.8685611
        ]
      },
      "id": "node/11591598843"
    },
    {
      "type": "Feature",
      "properties": {
        "@id": "node/11603854627",
        "amenity": "pharmacy",
        "healthcare": "pharmacy",
        "name": "Pro Pharmacie"
      },
      "geometry": {
        "type": "Point",
        "coordinates": [
          11.4971182,
          3.8511459
        ]
      },
      "id": "node/11603854627"
    },
    {
      "type": "Feature",
      "properties": {
        "@id": "node/11662217169",
        "name": "suita hotel",
        "tourism": "hotel"
      },
      "geometry": {
        "type": "Point",
        "coordinates": [
          11.5123297,
          3.8923583
        ]
      },
      "id": "node/11662217169"
    },
    {
      "type": "Feature",
      "properties": {
        "@id": "node/11711600751",
        "access": "yes",
        "amenity": "fast_food",
        "check_date": "2024-03-10",
        "fast_food": "cafeteria",
        "name": "LE Café Qui Sauve",
        "phone": "6544863+",
        "website:menu": "Www Godwill.com"
      },
      "geometry": {
        "type": "Point",
        "coordinates": [
          11.5547473,
          3.898305
        ]
      },
      "id": "node/11711600751"
    },
    {
      "type": "Feature",
      "properties": {
        "@id": "node/11727093169",
        "name": "Maison Moussa Kadjoum",
        "tourism": "guest_house"
      },
      "geometry": {
        "type": "Point",
        "coordinates": [
          11.483936,
          3.8320689
        ]
      },
      "id": "node/11727093169"
    },
    {
      "type": "Feature",
      "properties": {
        "@id": "node/11745911053",
        "amenity": "clinic",
        "check_date": "2024-03-19",
        "healthcare": "clinic",
        "name": "Centre Médical Miséricorde Divine"
      },
      "geometry": {
        "type": "Point",
        "coordinates": [
          11.5036478,
          3.8627457
        ]
      },
      "id": "node/11745911053"
    },
    {
      "type": "Feature",
      "properties": {
        "@id": "node/11752326461",
        "amenity": "fast_food",
        "indoor_seating": "yes",
        "name": "Local food vendor",
        "outdoor_seating": "yes"
      },
      "geometry": {
        "type": "Point",
        "coordinates": [
          11.5033881,
          3.8627364
        ]
      },
      "id": "node/11752326461"
    },
    {
      "type": "Feature",
      "properties": {
        "@id": "node/11752379262",
        "addr:street": "Melen",
        "amenity": "fast_food",
        "name": "Vendeurs de nourriture"
      },
      "geometry": {
        "type": "Point",
        "coordinates": [
          11.5033538,
          3.8627505
        ]
      },
      "id": "node/11752379262"
    },
    {
      "type": "Feature",
      "properties": {
        "@id": "node/11752383224",
        "amenity": "restaurant",
        "description": "#SGRAD",
        "name": "Saveurs uniques"
      },
      "geometry": {
        "type": "Point",
        "coordinates": [
          11.5036877,
          3.8623333
        ]
      },
      "id": "node/11752383224"
    },
    {
      "type": "Feature",
      "properties": {
        "@id": "node/11752395852",
        "amenity": "fast_food",
        "indoor_seating": "yes",
        "name": "Local food vendor",
        "outdoor_seating": "yes"
      },
      "geometry": {
        "type": "Point",
        "coordinates": [
          11.502911,
          3.8627759
        ]
      },
      "id": "node/11752395852"
    },
    {
      "type": "Feature",
      "properties": {
        "@id": "node/11752396133",
        "amenity": "restaurant",
        "name": "Oemar Lounge"
      },
      "geometry": {
        "type": "Point",
        "coordinates": [
          11.5028461,
          3.8628316
        ]
      },
      "id": "node/11752396133"
    },
    {
      "type": "Feature",
      "properties": {
        "@id": "node/11752403458",
        "description": "#SGRAD",
        "name": "Heaven",
        "tourism": "hotel"
      },
      "geometry": {
        "type": "Point",
        "coordinates": [
          11.5038349,
          3.862479
        ]
      },
      "id": "node/11752403458"
    },
    {
      "type": "Feature",
      "properties": {
        "@id": "node/11752405033",
        "description": "#SGRAD",
        "name": "Sinaha",
        "tourism": "hotel"
      },
      "geometry": {
        "type": "Point",
        "coordinates": [
          11.5038565,
          3.8623967
        ]
      },
      "id": "node/11752405033"
    },
    {
      "type": "Feature",
      "properties": {
        "@id": "node/11752410128",
        "amenity": "clinic",
        "description": "Laboratoire de santé",
        "name": "Atelier ethnbotanique Pr Noumi"
      },
      "geometry": {
        "type": "Point",
        "coordinates": [
          11.5031073,
          3.8628022
        ]
      },
      "id": "node/11752410128"
    },
    {
      "type": "Feature",
      "properties": {
        "@id": "node/11752415077",
        "amenity": "restaurant",
        "name": "Cafeteria"
      },
      "geometry": {
        "type": "Point",
        "coordinates": [
          11.5031792,
          3.8627078
        ]
      },
      "id": "node/11752415077"
    },
    {
      "type": "Feature",
      "properties": {
        "@id": "node/11752418902",
        "amenity": "fast_food",
        "indoor_seating": "yes",
        "name": "Local food vendor",
        "outdoor_seating": "no"
      },
      "geometry": {
        "type": "Point",
        "coordinates": [
          11.5009175,
          3.8630561
        ]
      },
      "id": "node/11752418902"
    },
    {
      "type": "Feature",
      "properties": {
        "@id": "node/11752420631",
        "description": "#SGRAD",
        "name": "Sims appart hôtel",
        "tourism": "hotel"
      },
      "geometry": {
        "type": "Point",
        "coordinates": [
          11.5038344,
          3.8623556
        ]
      },
      "id": "node/11752420631"
    },
    {
      "type": "Feature",
      "properties": {
        "@id": "node/11752421049",
        "amenity": "restaurant",
        "description": "#Sgrad",
        "name": "Restaurant Sénégalais Moderne",
        "phone": "690818414"
      },
      "geometry": {
        "type": "Point",
        "coordinates": [
          11.5046667,
          3.8584963
        ]
      },
      "id": "node/11752421049"
    },
    {
      "type": "Feature",
      "properties": {
        "@id": "node/11752425278",
        "amenity": "restaurant",
        "description": "#SGRAD",
        "name": "Chips and chiken",
        "phone": "677447134"
      },
      "geometry": {
        "type": "Point",
        "coordinates": [
          11.5049914,
          3.8587425
        ]
      },
      "id": "node/11752425278"
    },
    {
      "type": "Feature",
      "properties": {
        "@id": "node/11752425291",
        "amenity": "pharmacy",
        "description": "SGRAD",
        "name": "Pharmacie du carrefour EMIA"
      },
      "geometry": {
        "type": "Point",
        "coordinates": [
          11.5017615,
          3.8626434
        ]
      },
      "id": "node/11752425291"
    },
    {
      "type": "Feature",
      "properties": {
        "@id": "node/11752432069",
        "description": "#SGRAD",
        "name": "Nk",
        "tourism": "hotel"
      },
      "geometry": {
        "type": "Point",
        "coordinates": [
          11.4993003,
          3.8634609
        ]
      },
      "id": "node/11752432069"
    },
    {
      "type": "Feature",
      "properties": {
        "@id": "node/11752433531",
        "amenity": "restaurant",
        "indoor_seating": "yes",
        "name": "amazone",
        "outdoor_seating": "yes"
      },
      "geometry": {
        "type": "Point",
        "coordinates": [
          11.5010588,
          3.8630562
        ]
      },
      "id": "node/11752433531"
    },
    {
      "type": "Feature",
      "properties": {
        "@id": "node/11752433673",
        "amenity": "restaurant",
        "description": "#SGRAD",
        "name": "Tchuiss food"
      },
      "geometry": {
        "type": "Point",
        "coordinates": [
          11.5045814,
          3.8576407
        ]
      },
      "id": "node/11752433673"
    },
    {
      "type": "Feature",
      "properties": {
        "@id": "node/11752443590",
        "amenity": "cafe",
        "description": "#SGRAD"
      },
      "geometry": {
        "type": "Point",
        "coordinates": [
          11.5046817,
          3.8595383
        ]
      },
      "id": "node/11752443590"
    },
    {
      "type": "Feature",
      "properties": {
        "@id": "node/11752565785",
        "amenity": "pharmacy",
        "description": "#agrad",
        "name": "Pharmacie de l université"
      },
      "geometry": {
        "type": "Point",
        "coordinates": [
          11.5047207,
          3.8590317
        ]
      },
      "id": "node/11752565785"
    },
    {
      "type": "Feature",
      "properties": {
        "@id": "node/11752566478",
        "amenity": "restaurant",
        "description": "#sgrad",
        "name": "Commerce"
      },
      "geometry": {
        "type": "Point",
        "coordinates": [
          11.5039534,
          3.8612107
        ]
      },
      "id": "node/11752566478"
    },
    {
      "type": "Feature",
      "properties": {
        "@id": "node/11752579210",
        "amenity": "restaurant",
        "description": "#sgrad",
        "name": "Gogo"
      },
      "geometry": {
        "type": "Point",
        "coordinates": [
          11.5037683,
          3.8609135
        ]
      },
      "id": "node/11752579210"
    },
    {
      "type": "Feature",
      "properties": {
        "@id": "node/11777907569",
        "addr:street": "lotissement",
        "tourism": "attraction"
      },
      "geometry": {
        "type": "Point",
        "coordinates": [
          11.5193112,
          4.0803597
        ]
      },
      "id": "node/11777907569"
    },
    {
      "type": "Feature",
      "properties": {
        "@id": "node/11932879308",
        "addr:street": "3396",
        "amenity": "restaurant",
        "name": "Restaurant chez uncle Sam"
      },
      "geometry": {
        "type": "Point",
        "coordinates": [
          11.4969691,
          3.8525755
        ]
      },
      "id": "node/11932879308"
    },
    {
      "type": "Feature",
      "properties": {
        "@id": "node/11932894614",
        "amenity": "pharmacy",
        "name": "Pharmacie Saint Bernadette"
      },
      "geometry": {
        "type": "Point",
        "coordinates": [
          11.4990238,
          3.8528423
        ]
      },
      "id": "node/11932894614"
    },
    {
      "type": "Feature",
      "properties": {
        "@id": "node/11933006660",
        "amenity": "restaurant",
        "name": "restaurant",
        "phone": "697671821"
      },
      "geometry": {
        "type": "Point",
        "coordinates": [
          11.4970819,
          3.8524236
        ]
      },
      "id": "node/11933006660"
    },
    {
      "type": "Feature",
      "properties": {
        "@id": "node/11933006661",
        "amenity": "restaurant",
        "name": "Bâtiment"
      },
      "geometry": {
        "type": "Point",
        "coordinates": [
          11.4970568,
          3.8524929
        ]
      },
      "id": "node/11933006661"
    },
    {
      "type": "Feature",
      "properties": {
        "@id": "node/11933010810",
        "amenity": "hospital",
        "name": "Hcnps"
      },
      "geometry": {
        "type": "Point",
        "coordinates": [
          11.5317451,
          3.8161721
        ]
      },
      "id": "node/11933010810"
    },
    {
      "type": "Feature",
      "properties": {
        "@id": "node/11933015483",
        "addr:street": "cradat",
        "amenity": "restaurant",
        "name": "Pizza Romeo"
      },
      "geometry": {
        "type": "Point",
        "coordinates": [
          11.4985324,
          3.8525385
        ]
      },
      "id": "node/11933015483"
    },
    {
      "type": "Feature",
      "properties": {
        "@id": "node/11933027332",
        "amenity": "restaurant",
        "name": "Chez mama",
        "phone": "+237694730998"
      },
      "geometry": {
        "type": "Point",
        "coordinates": [
          11.4983466,
          3.8528396
        ]
      },
      "id": "node/11933027332"
    },
    {
      "type": "Feature",
      "properties": {
        "@id": "node/11933028381",
        "amenity": "cafe",
        "name": "Chez uncle sam"
      },
      "geometry": {
        "type": "Point",
        "coordinates": [
          11.4971079,
          3.8524087
        ]
      },
      "id": "node/11933028381"
    },
    {
      "type": "Feature",
      "properties": {
        "@id": "node/11933030985",
        "amenity": "restaurant"
      },
      "geometry": {
        "type": "Point",
        "coordinates": [
          11.4987108,
          3.8543541
        ]
      },
      "id": "node/11933030985"
    },
    {
      "type": "Feature",
      "properties": {
        "@id": "node/11933104639",
        "amenity": "restaurant",
        "name": "L’Ecrin"
      },
      "geometry": {
        "type": "Point",
        "coordinates": [
          11.5051145,
          3.8871387
        ]
      },
      "id": "node/11933104639"
    },
    {
      "type": "Feature",
      "properties": {
        "@id": "node/11946153614",
        "amenity": "restaurant",
        "name": "Clic"
      },
      "geometry": {
        "type": "Point",
        "coordinates": [
          11.4826055,
          3.8296055
        ]
      },
      "id": "node/11946153614"
    },
    {
      "type": "Feature",
      "properties": {
        "@id": "node/11947017568",
        "addr:city": "Yaoundé III",
        "addr:postcode": "BP 8587 yde",
        "addr:street": "Rue Martin Paul Samba",
        "amenity": "fast_food",
        "cuisine": "sandwich;donut;chocolate;ice_cream",
        "diet:meat": "yes",
        "image": "https://cahier2sciences.com/IMGopenstreetmap2SNT2024/Jules.jpg",
        "name": "The best boulangerie",
        "opening_hours": "Mo-Su 10:00-22:00"
      },
      "geometry": {
        "type": "Point",
        "coordinates": [
          11.5074696,
          3.8685618
        ]
      },
      "id": "node/11947017568"
    },
    {
      "type": "Feature",
      "properties": {
        "@id": "node/11953687193",
        "amenity": "restaurant",
        "check_date": "2024-06-03",
        "cuisine": "local",
        "name": "Alima Cnps",
        "phone": "+237 6 94 23 70 40"
      },
      "geometry": {
        "type": "Point",
        "coordinates": [
          11.5171913,
          3.8722949
        ]
      },
      "id": "node/11953687193"
    },
    {
      "type": "Feature",
      "properties": {
        "@id": "node/11975417209",
        "amenity": "hospital",
        "healthcare": "hospital"
      },
      "geometry": {
        "type": "Point",
        "coordinates": [
          11.5257199,
          3.9141556
        ]
      },
      "id": "node/11975417209"
    },
    {
      "type": "Feature",
      "properties": {
        "@id": "node/12096271372",
        "addr:city": "Yaoundé I",
        "amenity": "restaurant",
        "name": "L'Hybride",
        "opening_hours": "Mo-Su 10:00-00:00",
        "phone": "+237695047008"
      },
      "geometry": {
        "type": "Point",
        "coordinates": [
          11.5049133,
          3.8908808
        ]
      },
      "id": "node/12096271372"
    },
    {
      "type": "Feature",
      "properties": {
        "@id": "node/12155545232",
        "name": "CTR Bastos",
        "tourism": "guest_house"
      },
      "geometry": {
        "type": "Point",
        "coordinates": [
          11.5111244,
          3.8984334
        ]
      },
      "id": "node/12155545232"
    },
    {
      "type": "Feature",
      "properties": {
        "@id": "node/12161507278",
        "amenity": "restaurant",
        "check_date": "2024-09-01",
        "diet:chicken": "yes",
        "diet:meat": "yes",
        "diet:vegetarian": "yes",
        "name": "Restaurant Halal",
        "phone": "+237 6 75 09 45 22"
      },
      "geometry": {
        "type": "Point",
        "coordinates": [
          11.5194014,
          3.9247066
        ]
      },
      "id": "node/12161507278"
    },
    {
      "type": "Feature",
      "properties": {
        "@id": "node/12237672014",
        "amenity": "clinic",
        "check_date": "2024-10-09",
        "healthcare": "clinic",
        "internet_access": "no",
        "name": "Centre de santé joie de vivre",
        "payment:cards": "no",
        "payment:cash": "yes",
        "payment:credit_cards": "no",
        "payment:debit_cards": "no",
        "phone": "+237 6 70 82 42 09"
      },
      "geometry": {
        "type": "Point",
        "coordinates": [
          11.5844563,
          3.946767
        ]
      },
      "id": "node/12237672014"
    },
    {
      "type": "Feature",
      "properties": {
        "@id": "node/12278946349",
        "name": "Hotel le Kremlin",
        "tourism": "hotel"
      },
      "geometry": {
        "type": "Point",
        "coordinates": [
          11.4798029,
          3.8287313
        ]
      },
      "id": "node/12278946349"
    },
    {
      "type": "Feature",
      "properties": {
        "@id": "node/12311707115",
        "amenity": "restaurant",
        "name": "Minnam Lunch"
      },
      "geometry": {
        "type": "Point",
        "coordinates": [
          11.5076832,
          3.8998207
        ]
      },
      "id": "node/12311707115"
    },
    {
      "type": "Feature",
      "properties": {
        "@id": "node/12311707116",
        "name": "Lagon Club et Affaires",
        "tourism": "hotel"
      },
      "geometry": {
        "type": "Point",
        "coordinates": [
          11.507653,
          3.8998114
        ]
      },
      "id": "node/12311707116"
    },
    {
      "type": "Feature",
      "properties": {
        "@id": "node/12369257519",
        "amenity": "restaurant",
        "cuisine": "regional;cold_beer",
        "diet:non-vegetarian": "yes",
        "diet:vegetarian": "yes",
        "name": "Massi",
        "opening_hours": "Mo-Su 06:00-19:00"
      },
      "geometry": {
        "type": "Point",
        "coordinates": [
          11.5057877,
          3.8969547
        ]
      },
      "id": "node/12369257519"
    },
    {
      "type": "Feature",
      "properties": {
        "@id": "node/12369257520",
        "amenity": "restaurant",
        "cuisine": "grill",
        "diet:non-vegetarian": "yes",
        "name": "Tobassi Grill"
      },
      "geometry": {
        "type": "Point",
        "coordinates": [
          11.5055543,
          3.8969807
        ]
      },
      "id": "node/12369257520"
    },
    {
      "type": "Feature",
      "properties": {
        "@id": "node/12441687901",
        "amenity": "clinic",
        "name": "Centre Médico-Chirurgical Queen Mary"
      },
      "geometry": {
        "type": "Point",
        "coordinates": [
          11.4954751,
          3.8409739
        ]
      },
      "id": "node/12441687901"
    },
    {
      "type": "Feature",
      "properties": {
        "@id": "node/12441688001",
        "name": "Fido Hôtel",
        "tourism": "hotel"
      },
      "geometry": {
        "type": "Point",
        "coordinates": [
          11.5060763,
          3.8254662
        ]
      },
      "id": "node/12441688001"
    },
    {
      "type": "Feature",
      "properties": {
        "@id": "node/12441688003",
        "amenity": "pharmacy",
        "name": "Pharmacie d'Ahala"
      },
      "geometry": {
        "type": "Point",
        "coordinates": [
          11.4899437,
          3.7946619
        ]
      },
      "id": "node/12441688003"
    },
    {
      "type": "Feature",
      "properties": {
        "@id": "node/12442271282",
        "addr:city": "yaoundé I",
        "amenity": "restaurant",
        "name": "O Palétuvier",
        "opening_hours": "Mo-Sa 12:00-22:30; Su off",
        "phone": "+237656562639"
      },
      "geometry": {
        "type": "Point",
        "coordinates": [
          11.5225496,
          3.8787846
        ]
      },
      "id": "node/12442271282"
    },
    {
      "type": "Feature",
      "properties": {
        "@id": "node/12488863093",
        "amenity": "pharmacy",
        "name": "Pharmacie Botanik",
        "phone": "690307216"
      },
      "geometry": {
        "type": "Point",
        "coordinates": [
          11.5729856,
          3.8611662
        ]
      },
      "id": "node/12488863093"
    },
    {
      "type": "Feature",
      "properties": {
        "@id": "node/12546718180",
        "name": "Hôtel Freesia",
        "phone": "222230704",
        "tourism": "hotel",
        "website": "https://www.hotelfreesia.com/"
      },
      "geometry": {
        "type": "Point",
        "coordinates": [
          11.550395,
          3.8839261
        ]
      },
      "id": "node/12546718180"
    },
    {
      "type": "Feature",
      "properties": {
        "@id": "node/12643422675",
        "amenity": "pharmacy",
        "healthcare": "pharmacy",
        "name": "Pharmacie Nsam"
      },
      "geometry": {
        "type": "Point",
        "coordinates": [
          11.5076691,
          3.8251092
        ]
      },
      "id": "node/12643422675"
    },
    {
      "type": "Feature",
      "properties": {
        "@id": "node/12718930820",
        "name": "Centre pastoral d'Okola",
        "tourism": "guest_house"
      },
      "geometry": {
        "type": "Point",
        "coordinates": [
          11.3854946,
          4.0210483
        ]
      },
      "id": "node/12718930820"
    },
    {
      "type": "Feature",
      "properties": {
        "@id": "node/12787770853",
        "amenity": "restaurant",
        "name": "Kobong",
        "phone": "+237673711490"
      },
      "geometry": {
        "type": "Point",
        "coordinates": [
          11.5071111,
          3.868657
        ]
      },
      "id": "node/12787770853"
    },
    {
      "type": "Feature",
      "properties": {
        "@id": "node/12814661807",
        "amenity": "fast_food",
        "name": "Master Juice Services",
        "phone": "+237694607971"
      },
      "geometry": {
        "type": "Point",
        "coordinates": [
          11.49886,
          3.84567
        ]
      },
      "id": "node/12814661807"
    },
    {
      "type": "Feature",
      "properties": {
        "@id": "node/12825693870",
        "amenity": "pharmacy",
        "description": "Dr Bouda Jara",
        "name": "Pharmacie les Pétales",
        "phone": "+237656556757"
      },
      "geometry": {
        "type": "Point",
        "coordinates": [
          11.5156414,
          3.8692647
        ]
      },
      "id": "node/12825693870"
    },
    {
      "type": "Feature",
      "properties": {
        "@id": "node/12825764666",
        "addr:street": "rue du capitole",
        "amenity": "restaurant",
        "name": "Marseillais Plus",
        "phone": "+237699145606/699509155"
      },
      "geometry": {
        "type": "Point",
        "coordinates": [
          11.5163028,
          3.8684358
        ]
      },
      "id": "node/12825764666"
    },
    {
      "type": "Feature",
      "properties": {
        "@id": "node/12867093227",
        "amenity": "pharmacy",
        "name": "Pharmacie de Sion"
      },
      "geometry": {
        "type": "Point",
        "coordinates": [
          11.5173643,
          3.8652662
        ]
      },
      "id": "node/12867093227"
    },
    {
      "type": "Feature",
      "properties": {
        "@id": "node/12875750203",
        "addr:street": "Montée Anor it's OK Monday which time",
        "amenity": "dentist",
        "name": "La Référence",
        "phone": "+237699381363;+237651531716"
      },
      "geometry": {
        "type": "Point",
        "coordinates": [
          11.5072986,
          3.8962834
        ]
      },
      "id": "node/12875750203"
    },
    {
      "type": "Feature",
      "properties": {
        "@id": "node/12889045001",
        "addr:city": "Yaounde",
        "addr:housenumber": "chris complex",
        "addr:postcode": "0000237",
        "addr:street": "Maison Damas",
        "amenity": "clinic",
        "beds": "3",
        "contact:phone": "683539388",
        "dispensing": "yes",
        "electricity": "grid",
        "emergency": "yes",
        "health_amenity:type": "emergency_department;intensive_care_unit;laboratory;ultrasound;x_ray",
        "healthcare": "alternative;birthing_centre;blood_donation;clinic;doctor;hospital;laboratory;pharmacy",
        "healthcare:speciality": "biochemistry;blood_check;cardiac_surgery;cardiology;emergency;fertility;general;gynaecology;paediatric_surgery;paediatrics;pharmacology;radiology;surgery;vaccination",
        "insurance:health": "private",
        "is_in:health_zone": "yes",
        "name": "Serenity Medical Center",
        "operator": "Chris Complex Executive Stays",
        "staff_count:doctors": "3",
        "staff_count:nurses": "5",
        "url": "serenitymedic.com",
        "water_source": "powered_pump",
        "wheelchair": "yes"
      },
      "geometry": {
        "type": "Point",
        "coordinates": [
          11.4891829,
          3.82311
        ]
      },
      "id": "node/12889045001"
    },
    {
      "type": "Feature",
      "properties": {
        "@id": "node/12895398079",
        "amenity": "restaurant",
        "name": "Nyada Rocky Hill"
      },
      "geometry": {
        "type": "Point",
        "coordinates": [
          11.4995234,
          3.8898857
        ]
      },
      "id": "node/12895398079"
    },
    {
      "type": "Feature",
      "properties": {
        "@id": "node/12923511886",
        "amenity": "pharmacy",
        "name": "Pharmacie des Sept Collines"
      },
      "geometry": {
        "type": "Point",
        "coordinates": [
          11.4960491,
          3.8671308
        ]
      },
      "id": "node/12923511886"
    },
    {
      "type": "Feature",
      "properties": {
        "@id": "node/13069212468",
        "amenity": "restaurant",
        "name": "La famille"
      },
      "geometry": {
        "type": "Point",
        "coordinates": [
          11.4933847,
          3.7947359
        ]
      },
      "id": "node/13069212468"
    },
    {
      "type": "Feature",
      "properties": {
        "@id": "node/13076227607",
        "name": "Hôtel le Flamboyant",
        "tourism": "hotel"
      },
      "geometry": {
        "type": "Point",
        "coordinates": [
          11.524627,
          3.801362
        ]
      },
      "id": "node/13076227607"
    },
    {
      "type": "Feature",
      "properties": {
        "@id": "node/13091951328",
        "amenity": "cafe",
        "name": "Supérette Cafe Arras"
      },
      "geometry": {
        "type": "Point",
        "coordinates": [
          11.5024348,
          3.9050989
        ]
      },
      "id": "node/13091951328"
    },
    {
      "type": "Feature",
      "properties": {
        "@id": "node/13141104011",
        "amenity": "restaurant",
        "name": "Restaurant Sénégalais Chez Kao",
        "phone": "+237679192937;679062189"
      },
      "geometry": {
        "type": "Point",
        "coordinates": [
          11.4928269,
          3.7946539
        ]
      },
      "id": "node/13141104011"
    },
    {
      "type": "Feature",
      "properties": {
        "@id": "node/13158170939",
        "amenity": "restaurant",
        "cuisine": "chinese",
        "name": "Blue Diamond"
      },
      "geometry": {
        "type": "Point",
        "coordinates": [
          11.5123831,
          3.8834327
        ]
      },
      "id": "node/13158170939"
    },
    {
      "type": "Feature",
      "properties": {
        "@id": "node/13175833798",
        "amenity": "restaurant",
        "name": "Piano Piano"
      },
      "geometry": {
        "type": "Point",
        "coordinates": [
          11.6415921,
          3.7193746
        ]
      },
      "id": "node/13175833798"
    },
    {
      "type": "Feature",
      "properties": {
        "@id": "node/13176969996",
        "alt_name": "La Maison des Pierres",
        "name": "Nda Mekok",
        "tourism": "attraction"
      },
      "geometry": {
        "type": "Point",
        "coordinates": [
          11.491627,
          3.9317914
        ]
      },
      "id": "node/13176969996"
    },
    {
      "type": "Feature",
      "properties": {
        "@id": "node/13189505406",
        "amenity": "restaurant",
        "name": "Le Piccolo"
      },
      "geometry": {
        "type": "Point",
        "coordinates": [
          11.5476565,
          3.8993006
        ]
      },
      "id": "node/13189505406"
    },
    {
      "type": "Feature",
      "properties": {
        "@id": "node/13226555311",
        "amenity": "hospital",
        "healthcare": "hospital"
      },
      "geometry": {
        "type": "Point",
        "coordinates": [
          11.5626728,
          3.873726
        ]
      },
      "id": "node/13226555311"
    },
    {
      "type": "Feature",
      "properties": {
        "@id": "node/13271993910",
        "amenity": "clinic",
        "healthcare": "centre de sante integre",
        "name": "centre de santé intégré de ntuesson",
        "operator": "MINSANTE",
        "source": "survey",
        "type": "structure publique"
      },
      "geometry": {
        "type": "Point",
        "coordinates": [
          11.6094268,
          3.9282476
        ]
      },
      "id": "node/13271993910"
    },
    {
      "type": "Feature",
      "properties": {
        "@id": "node/13272036230",
        "amenity": "clinic",
        "healthcare": "centre de sante integre",
        "name": "centre de santé intégré de koulou",
        "operator": "MINSANTE",
        "source": "survey",
        "type": "structure publique",
        "xcoord": "11.6228291",
        "ycoord": "4.0764967"
      },
      "geometry": {
        "type": "Point",
        "coordinates": [
          11.6230397,
          4.0763937
        ]
      },
      "id": "node/13272036230"
    },
    {
      "type": "Feature",
      "properties": {
        "@id": "node/13272036231",
        "amenity": "clinic",
        "name": "cabinet de soins",
        "operator": "MINSANTE",
        "source": "survey",
        "type": "structure privée",
        "xcoord": "11.5590084",
        "ycoord": "4.0456271"
      },
      "geometry": {
        "type": "Point",
        "coordinates": [
          11.5587831,
          4.0457074
        ]
      },
      "id": "node/13272036231"
    },
    {
      "type": "Feature",
      "properties": {
        "@id": "node/13272036232",
        "amenity": "clinic",
        "name": "centre de santé sainte marie de nkamoetou i",
        "operator": "MINSANTE",
        "source": "survey",
        "type": "structure privée",
        "xcoord": "11.5507301",
        "ycoord": "4.0564565"
      },
      "geometry": {
        "type": "Point",
        "coordinates": [
          11.5507301,
          4.0564565
        ]
      },
      "id": "node/13272036232"
    },
    {
      "type": "Feature",
      "properties": {
        "@id": "node/13272036233",
        "amenity": "clinic",
        "name": "centre de santé univers",
        "operator": "MINSANTE",
        "source": "survey",
        "type": "structure privée",
        "xcoord": "11.5511526",
        "ycoord": "4.056989"
      },
      "geometry": {
        "type": "Point",
        "coordinates": [
          11.5512921,
          4.0569836
        ]
      },
      "id": "node/13272036233"
    },
    {
      "type": "Feature",
      "properties": {
        "@id": "node/13272036234",
        "amenity": "clinic",
        "healthcare": "centre de sante integre",
        "name": "centre de santé intégrée de ngali 2",
        "operator": "MINSANTE",
        "source": "survey",
        "type": "structure publique",
        "xcoord": "11.5840495",
        "ycoord": "4.0536283"
      },
      "geometry": {
        "type": "Point",
        "coordinates": [
          11.5839798,
          4.0536497
        ]
      },
      "id": "node/13272036234"
    },
    {
      "type": "Feature",
      "properties": {
        "@id": "node/13272036235",
        "amenity": "clinic",
        "name": "centre de santé mére suzanne plus",
        "operator": "MINSANTE",
        "source": "survey",
        "type": "structure privée",
        "xcoord": "11.5583879",
        "ycoord": "4.0445119"
      },
      "geometry": {
        "type": "Point",
        "coordinates": [
          11.5584255,
          4.0443781
        ]
      },
      "id": "node/13272036235"
    },
    {
      "type": "Feature",
      "properties": {
        "@id": "node/13272044775",
        "amenity": "clinic",
        "name": "cente de santé",
        "operator": "MINSANTE",
        "source": "survey",
        "type": "structure privée",
        "xcoord": "11.5558791",
        "ycoord": "3.9905784"
      },
      "geometry": {
        "type": "Point",
        "coordinates": [
          11.5558791,
          3.9905784
        ]
      },
      "id": "node/13272044775"
    },
    {
      "type": "Feature",
      "properties": {
        "@id": "node/13272044776",
        "amenity": "clinic",
        "name": "st john healthy centre",
        "operator": "MINSANTE",
        "source": "survey",
        "type": "structure privée",
        "xcoord": "11.5481655",
        "ycoord": "3.9752508"
      },
      "geometry": {
        "type": "Point",
        "coordinates": [
          11.5480723,
          3.9752247
        ]
      },
      "id": "node/13272044776"
    },
    {
      "type": "Feature",
      "properties": {
        "@id": "node/13272044777",
        "amenity": "clinic",
        "name": "centre de santé monique",
        "operator": "MINSANTE",
        "source": "survey",
        "type": "structure privée",
        "xcoord": "11.5171796",
        "ycoord": "3.9939109"
      },
      "geometry": {
        "type": "Point",
        "coordinates": [
          11.5171796,
          3.9939109
        ]
      },
      "id": "node/13272044777"
    },
    {
      "type": "Feature",
      "properties": {
        "@id": "node/13272044778",
        "amenity": "clinic",
        "healthcare": "centre medical d'arrondissement",
        "name": "centre médical sainte héléne",
        "operator": "MINSANTE",
        "source": "survey",
        "type": "structure publique",
        "xcoord": "11.5439588",
        "ycoord": "3.9679222"
      },
      "geometry": {
        "type": "Point",
        "coordinates": [
          11.5438944,
          3.9678687
        ]
      },
      "id": "node/13272044778"
    },
    {
      "type": "Feature",
      "properties": {
        "@id": "node/13272044780",
        "amenity": "clinic",
        "name": "centre de santé miséricorde divine",
        "operator": "MINSANTE",
        "source": "survey",
        "type": "structure privée",
        "xcoord": "11.5429838",
        "ycoord": "3.9630277"
      },
      "geometry": {
        "type": "Point",
        "coordinates": [
          11.5430106,
          3.9630133
        ]
      },
      "id": "node/13272044780"
    },
    {
      "type": "Feature",
      "properties": {
        "@id": "node/13272044781",
        "amenity": "clinic",
        "healthcare": "centre de sante integre",
        "name": "centre de santé intégré d'ebang i",
        "operator": "MINSANTE",
        "source": "survey",
        "type": "structure publique",
        "xcoord": "11.5581809",
        "ycoord": "4.0057026"
      },
      "geometry": {
        "type": "Point",
        "coordinates": [
          11.5582392,
          4.0055956
        ]
      },
      "id": "node/13272044781"
    },
    {
      "type": "Feature",
      "properties": {
        "@id": "node/13272044782",
        "amenity": "clinic",
        "name": "centre de santé el shama d'akak",
        "operator": "MINSANTE",
        "source": "survey",
        "type": "structure privée",
        "xcoord": "11.5558966",
        "ycoord": "3.9877198"
      },
      "geometry": {
        "type": "Point",
        "coordinates": [
          11.5559744,
          3.9878268
        ]
      },
      "id": "node/13272044782"
    },
    {
      "type": "Feature",
      "properties": {
        "@id": "node/13272044783",
        "amenity": "clinic",
        "name": "centre de santé sylvain",
        "operator": "MINSANTE",
        "source": "survey",
        "type": "structure privée",
        "xcoord": "11.5058223",
        "ycoord": "3.9741026"
      },
      "geometry": {
        "type": "Point",
        "coordinates": [
          11.5058444,
          3.9740946
        ]
      },
      "id": "node/13272044783"
    },
    {
      "type": "Feature",
      "properties": {
        "@id": "node/13272044784",
        "amenity": "clinic",
        "name": "centre de santé la grace",
        "operator": "MINSANTE",
        "source": "survey",
        "type": "structure privée",
        "xcoord": "11.5509672",
        "ycoord": "3.9752724"
      },
      "geometry": {
        "type": "Point",
        "coordinates": [
          11.5510175,
          3.9752851
        ]
      },
      "id": "node/13272044784"
    },
    {
      "type": "Feature",
      "properties": {
        "@id": "node/13272044785",
        "amenity": "clinic",
        "healthcare": "centre medical d'arrondissement",
        "name": "centre de santé",
        "operator": "MINSANTE",
        "source": "survey",
        "type": "structure publique",
        "xcoord": "11.5576555",
        "ycoord": "3.9936573"
      },
      "geometry": {
        "type": "Point",
        "coordinates": [
          11.557677,
          3.9936546
        ]
      },
      "id": "node/13272044785"
    },
    {
      "type": "Feature",
      "properties": {
        "@id": "node/13272044786",
        "amenity": "clinic",
        "healthcare": "centre de sante integre",
        "name": "centre de santé ubuntu",
        "operator": "MINSANTE",
        "source": "survey",
        "type": "structure publique",
        "xcoord": "11.5417366",
        "ycoord": "3.9868951"
      },
      "geometry": {
        "type": "Point",
        "coordinates": [
          11.541628,
          3.9866917
        ]
      },
      "id": "node/13272044786"
    },
    {
      "type": "Feature",
      "properties": {
        "@id": "node/13272044788",
        "amenity": "clinic",
        "name": "centre de santé la foi",
        "operator": "MINSANTE",
        "source": "survey",
        "type": "structure privée",
        "xcoord": "11.5185453",
        "ycoord": "3.9742717"
      },
      "geometry": {
        "type": "Point",
        "coordinates": [
          11.5186385,
          3.974272
        ]
      },
      "id": "node/13272044788"
    },
    {
      "type": "Feature",
      "properties": {
        "@id": "node/13272044789",
        "amenity": "clinic",
        "name": "centre de santé la référence",
        "operator": "MINSANTE",
        "source": "survey",
        "type": "structure privée",
        "xcoord": "11.5259395",
        "ycoord": "3.9862472"
      },
      "geometry": {
        "type": "Point",
        "coordinates": [
          11.5259583,
          3.9861703
        ]
      },
      "id": "node/13272044789"
    },
    {
      "type": "Feature",
      "properties": {
        "@id": "node/13272044790",
        "amenity": "clinic",
        "name": "centre de soin betta health",
        "operator": "MINSANTE",
        "source": "survey",
        "type": "structure privée",
        "xcoord": "11.5422208",
        "ycoord": "3.9656355"
      },
      "geometry": {
        "type": "Point",
        "coordinates": [
          11.5422208,
          3.9656355
        ]
      },
      "id": "node/13272044790"
    },
    {
      "type": "Feature",
      "properties": {
        "@id": "node/13272044791",
        "amenity": "clinic",
        "name": "cente de santé mére et enfants",
        "operator": "MINSANTE",
        "source": "survey",
        "type": "structure privée",
        "xcoord": "11.538031",
        "ycoord": "3.9763288"
      },
      "geometry": {
        "type": "Point",
        "coordinates": [
          11.5381758,
          3.9762806
        ]
      },
      "id": "node/13272044791"
    },
    {
      "type": "Feature",
      "properties": {
        "@id": "node/13272044792",
        "amenity": "clinic",
        "healthcare": "clinic",
        "name": "centre de santé et vie",
        "operator": "MINSANTE",
        "source": "survey",
        "type": "structure privée",
        "xcoord": "11.5434527",
        "ycoord": "3.975075"
      },
      "geometry": {
        "type": "Point",
        "coordinates": [
          11.5434527,
          3.975075
        ]
      },
      "id": "node/13272044792"
    },
    {
      "type": "Feature",
      "properties": {
        "@id": "node/13272044793",
        "amenity": "clinic",
        "name": "centre de santé la gréce divine",
        "operator": "MINSANTE",
        "source": "survey",
        "type": "structure privée",
        "xcoord": "11.5548436",
        "ycoord": "3.9854074"
      },
      "geometry": {
        "type": "Point",
        "coordinates": [
          11.5547819,
          3.9854342
        ]
      },
      "id": "node/13272044793"
    },
    {
      "type": "Feature",
      "properties": {
        "@id": "node/13272044794",
        "amenity": "clinic",
        "name": "centre de santé la trinite",
        "operator": "MINSANTE",
        "source": "survey",
        "type": "structure privée",
        "xcoord": "11.5141349",
        "ycoord": "3.9944912"
      },
      "geometry": {
        "type": "Point",
        "coordinates": [
          11.514153,
          3.9944056
        ]
      },
      "id": "node/13272044794"
    },
    {
      "type": "Feature",
      "properties": {
        "@id": "node/13272044795",
        "amenity": "clinic",
        "name": "clinique saint françois",
        "operator": "MINSANTE",
        "source": "survey",
        "type": "structure privée",
        "xcoord": "11.54219",
        "ycoord": "3.975125"
      },
      "geometry": {
        "type": "Point",
        "coordinates": [
          11.5422074,
          3.9752267
        ]
      },
      "id": "node/13272044795"
    },
    {
      "type": "Feature",
      "properties": {
        "@id": "node/13272044796",
        "amenity": "clinic",
        "name": "centre de santé saint jean",
        "operator": "MINSANTE",
        "source": "survey",
        "type": "structure privée",
        "xcoord": "11.546855",
        "ycoord": "3.9863683"
      },
      "geometry": {
        "type": "Point",
        "coordinates": [
          11.5468791,
          3.986383
        ]
      },
      "id": "node/13272044796"
    },
    {
      "type": "Feature",
      "properties": {
        "@id": "node/13272044798",
        "amenity": "clinic",
        "name": "centre de santé les mains d'ange",
        "operator": "MINSANTE",
        "source": "survey",
        "type": "structure privée",
        "xcoord": "11.5530453",
        "ycoord": "4.0029557"
      },
      "geometry": {
        "type": "Point",
        "coordinates": [
          11.5531003,
          4.0031116
        ]
      },
      "id": "node/13272044798"
    },
    {
      "type": "Feature",
      "properties": {
        "@id": "node/13272044799",
        "amenity": "clinic",
        "name": "centre de santé intégré",
        "operator": "MINSANTE",
        "source": "survey",
        "type": "structure publique",
        "xcoord": "11.5583923",
        "ycoord": "4.0061251"
      },
      "geometry": {
        "type": "Point",
        "coordinates": [
          11.5584218,
          4.006101
        ]
      },
      "id": "node/13272044799"
    },
    {
      "type": "Feature",
      "properties": {
        "@id": "node/13272044800",
        "amenity": "clinic",
        "name": "centre de santé saint joseph d'akak",
        "operator": "MINSANTE",
        "source": "survey",
        "type": "structure privée",
        "xcoord": "11.562932",
        "ycoord": "3.9887283"
      },
      "geometry": {
        "type": "Point",
        "coordinates": [
          11.5617626,
          3.9889531
        ]
      },
      "id": "node/13272044800"
    },
    {
      "type": "Feature",
      "properties": {
        "@id": "node/13272056301",
        "amenity": "clinic",
        "name": "centre de santé dynamique verte",
        "operator": "MINSANTE",
        "source": "survey",
        "type": "structure privée",
        "xcoord": "11.5195306",
        "ycoord": "3.9733554"
      },
      "geometry": {
        "type": "Point",
        "coordinates": [
          11.5196164,
          3.9732791
        ]
      },
      "id": "node/13272056301"
    },
    {
      "type": "Feature",
      "properties": {
        "@id": "node/13272056302",
        "amenity": "pharmacy",
        "healthcare": "pharmacy",
        "name": "Pharmacie de Nkozoa",
        "operator": "MINSANTE",
        "source": "survey",
        "type": "structure privée",
        "xcoord": "11.5407353",
        "ycoord": "3.9654998"
      },
      "geometry": {
        "type": "Point",
        "coordinates": [
          11.5407427,
          3.9653961
        ]
      },
      "id": "node/13272056302"
    },
    {
      "type": "Feature",
      "properties": {
        "@id": "node/13272056303",
        "amenity": "clinic",
        "name": "centre de santé saint emmanuel",
        "operator": "MINSANTE",
        "source": "survey",
        "type": "structure privée",
        "xcoord": "11.557655",
        "ycoord": "3.993598"
      },
      "geometry": {
        "type": "Point",
        "coordinates": [
          11.5576778,
          3.99359
        ]
      },
      "id": "node/13272056303"
    },
    {
      "type": "Feature",
      "properties": {
        "@id": "node/13272056304",
        "amenity": "clinic",
        "name": "centre de santé gabriel",
        "operator": "MINSANTE",
        "source": "survey",
        "type": "structure privée",
        "xcoord": "11.5497904",
        "ycoord": "3.9796592"
      },
      "geometry": {
        "type": "Point",
        "coordinates": [
          11.5498387,
          3.9795642
        ]
      },
      "id": "node/13272056304"
    },
    {
      "type": "Feature",
      "properties": {
        "@id": "node/13272111974",
        "amenity": "clinic",
        "name": "centre de santé la providence de meyos",
        "operator": "MINSANTE",
        "source": "survey",
        "type": "structure privée",
        "xcoord": "11.5571878",
        "ycoord": "4.0164832"
      },
      "geometry": {
        "type": "Point",
        "coordinates": [
          11.5571301,
          4.0165608
        ]
      },
      "id": "node/13272111974"
    },
    {
      "type": "Feature",
      "properties": {
        "@id": "node/13272111975",
        "amenity": "clinic",
        "name": "centre de santé sainte mére thérésa",
        "operator": "MINSANTE",
        "source": "survey",
        "type": "structure privée",
        "xcoord": "11.5466314",
        "ycoord": "4.0194312"
      },
      "geometry": {
        "type": "Point",
        "coordinates": [
          11.5465751,
          4.019375
        ]
      },
      "id": "node/13272111975"
    },
    {
      "type": "Feature",
      "properties": {
        "@id": "node/13272319561",
        "amenity": "clinic",
        "name": "centre de santé polyvalent",
        "operator": "MINSANTE",
        "source": "survey",
        "type": "structure privée",
        "xcoord": "11.5831178",
        "ycoord": "3.9477724"
      },
      "geometry": {
        "type": "Point",
        "coordinates": [
          11.582985,
          3.9477938
        ]
      },
      "id": "node/13272319561"
    },
    {
      "type": "Feature",
      "properties": {
        "@id": "node/13272319562",
        "amenity": "clinic",
        "name": "clinique catholique sainte marie de soa",
        "operator": "MINSANTE",
        "source": "survey",
        "type": "structure privée",
        "xcoord": "11.5941371",
        "ycoord": "3.9769683"
      },
      "geometry": {
        "type": "Point",
        "coordinates": [
          11.5940448,
          3.9768869
        ]
      },
      "id": "node/13272319562"
    },
    {
      "type": "Feature",
      "properties": {
        "@id": "node/13272319563",
        "amenity": "clinic",
        "name": "centre de santé christophe",
        "operator": "MINSANTE",
        "source": "survey",
        "type": "structure privée",
        "xcoord": "11.592482",
        "ycoord": "3.9806989"
      },
      "geometry": {
        "type": "Point",
        "coordinates": [
          11.592527,
          3.9806234
        ]
      },
      "id": "node/13272319563"
    },
    {
      "type": "Feature",
      "properties": {
        "@id": "node/13272319564",
        "amenity": "clinic",
        "name": "zos clinic",
        "operator": "MINSANTE",
        "source": "survey",
        "type": "structure privée",
        "xcoord": "11.5926086",
        "ycoord": "3.9815518"
      },
      "geometry": {
        "type": "Point",
        "coordinates": [
          11.5926086,
          3.9815518
        ]
      },
      "id": "node/13272319564"
    },
    {
      "type": "Feature",
      "properties": {
        "@id": "node/13272319565",
        "amenity": "clinic",
        "name": "cabinet vétérinaire univet sarl",
        "operator": "MINSANTE",
        "source": "survey",
        "type": "structure privée",
        "xcoord": "11.5818817",
        "ycoord": "3.9376452"
      },
      "geometry": {
        "type": "Point",
        "coordinates": [
          11.5817302,
          3.9376693
        ]
      },
      "id": "node/13272319565"
    },
    {
      "type": "Feature",
      "properties": {
        "@id": "node/13272319567",
        "amenity": "clinic",
        "healthcare": "centre medical d'arrondissement",
        "name": "centre médical saint robert",
        "operator": "MINSANTE",
        "source": "survey",
        "type": "structure publique",
        "xcoord": "11.5790096",
        "ycoord": "3.9423753"
      },
      "geometry": {
        "type": "Point",
        "coordinates": [
          11.5788889,
          3.9426643
        ]
      },
      "id": "node/13272319567"
    },
    {
      "type": "Feature",
      "properties": {
        "@id": "node/13272319568",
        "amenity": "clinic",
        "name": "centre de santé le rocher",
        "operator": "MINSANTE",
        "source": "survey",
        "type": "structure privée",
        "xcoord": "11.5950801",
        "ycoord": "3.9814746"
      },
      "geometry": {
        "type": "Point",
        "coordinates": [
          11.5949062,
          3.9815363
        ]
      },
      "id": "node/13272319568"
    },
    {
      "type": "Feature",
      "properties": {
        "@id": "node/13272319569",
        "amenity": "clinic",
        "healthcare": "centre de sante integre",
        "name": "ministère de la santé publique",
        "operator": "MINSANTE",
        "source": "survey",
        "type": "structure publique",
        "xcoord": "11.592691",
        "ycoord": "3.9739248"
      },
      "geometry": {
        "type": "Point",
        "coordinates": [
          11.5926934,
          3.973946
        ]
      },
      "id": "node/13272319569"
    },
    {
      "type": "Feature",
      "properties": {
        "@id": "node/13272319570",
        "amenity": "clinic",
        "name": "centre de santé",
        "operator": "MINSANTE",
        "source": "survey",
        "type": "structure privée",
        "xcoord": "11.5874431",
        "ycoord": "3.9857348"
      },
      "geometry": {
        "type": "Point",
        "coordinates": [
          11.5875061,
          3.9857255
        ]
      },
      "id": "node/13272319570"
    },
    {
      "type": "Feature",
      "properties": {
        "@id": "node/13272319571",
        "amenity": "clinic",
        "name": "fondation médicale saint raphael",
        "operator": "MINSANTE",
        "source": "survey",
        "type": "structure privée",
        "xcoord": "11.6037621",
        "ycoord": "3.9778637"
      },
      "geometry": {
        "type": "Point",
        "coordinates": [
          11.603839,
          3.9778401
        ]
      },
      "id": "node/13272319571"
    },
    {
      "type": "Feature",
      "properties": {
        "@id": "node/13272319572",
        "amenity": "clinic",
        "name": "centre de sante coeur d'ange",
        "operator": "MINSANTE",
        "source": "survey",
        "type": "structure privée",
        "xcoord": "11.6017931",
        "ycoord": "3.983093"
      },
      "geometry": {
        "type": "Point",
        "coordinates": [
          11.6015993,
          3.9830453
        ]
      },
      "id": "node/13272319572"
    },
    {
      "type": "Feature",
      "properties": {
        "@id": "node/13272319573",
        "amenity": "clinic",
        "name": "centre médical care first",
        "operator": "MINSANTE",
        "source": "survey",
        "type": "structure privée",
        "xcoord": "11.5809004",
        "ycoord": "3.9403941"
      },
      "geometry": {
        "type": "Point",
        "coordinates": [
          11.5809004,
          3.9403941
        ]
      },
      "id": "node/13272319573"
    },
    {
      "type": "Feature",
      "properties": {
        "@id": "node/13272319574",
        "amenity": "clinic",
        "healthcare": "centre de sante integre",
        "name": "centre de santé",
        "operator": "MINSANTE",
        "source": "survey",
        "type": "structure publique",
        "xcoord": "11.5896607",
        "ycoord": "3.9564213"
      },
      "geometry": {
        "type": "Point",
        "coordinates": [
          11.5896258,
          3.956333
        ]
      },
      "id": "node/13272319574"
    },
    {
      "type": "Feature",
      "properties": {
        "@id": "node/13272319575",
        "amenity": "clinic",
        "name": "cabinet de suivi médical imee bernadette",
        "operator": "MINSANTE",
        "source": "survey",
        "type": "structure privée",
        "xcoord": "11.5945572",
        "ycoord": "3.9703383"
      },
      "geometry": {
        "type": "Point",
        "coordinates": [
          11.5946068,
          3.9705095
        ]
      },
      "id": "node/13272319575"
    },
    {
      "type": "Feature",
      "properties": {
        "@id": "node/13272319576",
        "amenity": "clinic",
        "name": "centre médical de la camnafaw de soa",
        "operator": "MINSANTE",
        "source": "survey",
        "type": "structure privée",
        "xcoord": "11.5918225",
        "ycoord": "3.9735065"
      },
      "geometry": {
        "type": "Point",
        "coordinates": [
          11.5919964,
          3.9733991
        ]
      },
      "id": "node/13272319576"
    },
    {
      "type": "Feature",
      "properties": {
        "@id": "node/13272319577",
        "amenity": "clinic",
        "healthcare": "centre de sante integre",
        "name": "centre de santé",
        "operator": "MINSANTE",
        "source": "survey",
        "type": "structure publique",
        "xcoord": "11.5781605",
        "ycoord": "3.9577938"
      },
      "geometry": {
        "type": "Point",
        "coordinates": [
          11.5781136,
          3.9578667
        ]
      },
      "id": "node/13272319577"
    },
    {
      "type": "Feature",
      "properties": {
        "@id": "node/13272319578",
        "amenity": "clinic",
        "name": "centre de santé joie de vivre",
        "operator": "MINSANTE",
        "source": "survey",
        "type": "structure privée",
        "xcoord": "11.5846006",
        "ycoord": "3.9471803"
      },
      "geometry": {
        "type": "Point",
        "coordinates": [
          11.5845939,
          3.9471723
        ]
      },
      "id": "node/13272319578"
    },
    {
      "type": "Feature",
      "properties": {
        "@id": "node/13272319579",
        "amenity": "pharmacy",
        "operator": "MINSANTE",
        "source": "survey",
        "type": "structure publique",
        "xcoord": "11.5936377",
        "ycoord": "3.9672252"
      },
      "geometry": {
        "type": "Point",
        "coordinates": [
          11.5937195,
          3.9672653
        ]
      },
      "id": "node/13272319579"
    },
    {
      "type": "Feature",
      "properties": {
        "@id": "node/13272319580",
        "amenity": "clinic",
        "name": "centre de santé fortune divine",
        "operator": "MINSANTE",
        "source": "survey",
        "type": "structure privée",
        "xcoord": "11.5803553",
        "ycoord": "3.9318454"
      },
      "geometry": {
        "type": "Point",
        "coordinates": [
          11.5802413,
          3.9321665
        ]
      },
      "id": "node/13272319580"
    },
    {
      "type": "Feature",
      "properties": {
        "@id": "node/13272319581",
        "amenity": "clinic",
        "name": "centre de santé michelle gracia",
        "operator": "MINSANTE",
        "source": "survey",
        "type": "structure privée",
        "xcoord": "11.5939843",
        "ycoord": "3.9672452"
      },
      "geometry": {
        "type": "Point",
        "coordinates": [
          11.5939763,
          3.9672051
        ]
      },
      "id": "node/13272319581"
    },
    {
      "type": "Feature",
      "properties": {
        "@id": "node/13272319583",
        "amenity": "hospital",
        "healthcare": "hopital regional",
        "name": "hopital des soeurs",
        "operator": "MINSANTE",
        "source": "survey",
        "type": "structure publique",
        "xcoord": "11.5942556",
        "ycoord": "3.976781"
      },
      "geometry": {
        "type": "Point",
        "coordinates": [
          11.5942071,
          3.9766405
        ]
      },
      "id": "node/13272319583"
    },
    {
      "type": "Feature",
      "properties": {
        "@id": "node/13272319584",
        "amenity": "clinic",
        "name": "centre de santé les bénédictins de st jacques",
        "operator": "MINSANTE",
        "source": "survey",
        "type": "structure privée",
        "xcoord": "11.5826154",
        "ycoord": "3.9535746"
      },
      "geometry": {
        "type": "Point",
        "coordinates": [
          11.5826167,
          3.9535177
        ]
      },
      "id": "node/13272319584"
    },
    {
      "type": "Feature",
      "properties": {
        "@id": "node/13272319585",
        "amenity": "clinic",
        "name": "clinique la santé les 3 phoenix",
        "operator": "MINSANTE",
        "source": "survey",
        "type": "structure privée",
        "xcoord": "11.5831419",
        "ycoord": "3.9445736"
      },
      "geometry": {
        "type": "Point",
        "coordinates": [
          11.5831285,
          3.9445977
        ]
      },
      "id": "node/13272319585"
    },
    {
      "type": "Feature",
      "properties": {
        "@id": "node/13272319586",
        "amenity": "hospital",
        "healthcare": "hopitall de district",
        "name": "hopital de discrit de soa",
        "operator": "MINSANTE",
        "source": "survey",
        "type": "structure publique",
        "xcoord": "11.5926534",
        "ycoord": "3.973865"
      },
      "geometry": {
        "type": "Point",
        "coordinates": [
          11.5924499,
          3.9739335
        ]
      },
      "id": "node/13272319586"
    },
    {
      "type": "Feature",
      "properties": {
        "@id": "node/13272319588",
        "amenity": "pharmacy",
        "name": "pharmacie jireh",
        "operator": "MINSANTE",
        "source": "survey",
        "type": "structure privée",
        "xcoord": "11.5934166",
        "ycoord": "3.9673888"
      },
      "geometry": {
        "type": "Point",
        "coordinates": [
          11.5933834,
          3.9673911
        ]
      },
      "id": "node/13272319588"
    },
    {
      "type": "Feature",
      "properties": {
        "@id": "node/13272319589",
        "amenity": "clinic",
        "name": "clinique la fortune divine",
        "operator": "MINSANTE",
        "source": "survey",
        "type": "structure privée",
        "xcoord": "11.5801178",
        "ycoord": "3.9425403"
      },
      "geometry": {
        "type": "Point",
        "coordinates": [
          11.5802144,
          3.9425349
        ]
      },
      "id": "node/13272319589"
    },
    {
      "type": "Feature",
      "properties": {
        "@id": "node/13272319590",
        "amenity": "clinic",
        "name": "centre de santé",
        "operator": "MINSANTE",
        "source": "survey",
        "type": "structure privée",
        "xcoord": "11.5951859",
        "ycoord": "3.9814133"
      },
      "geometry": {
        "type": "Point",
        "coordinates": [
          11.5951859,
          3.9814133
        ]
      },
      "id": "node/13272319590"
    },
    {
      "type": "Feature",
      "properties": {
        "@id": "node/13272319591",
        "amenity": "clinic",
        "name": "centre de santé",
        "operator": "MINSANTE",
        "source": "survey",
        "type": "structure privée",
        "xcoord": "11.5843933",
        "ycoord": "3.9598233"
      },
      "geometry": {
        "type": "Point",
        "coordinates": [
          11.5843128,
          3.9598353
        ]
      },
      "id": "node/13272319591"
    },
    {
      "type": "Feature",
      "properties": {
        "@id": "node/13272319592",
        "amenity": "hospital",
        "name": "hopital de district de soa",
        "operator": "MINSANTE",
        "source": "survey",
        "type": "structure publique",
        "xcoord": "11.5937263",
        "ycoord": "3.9840809"
      },
      "geometry": {
        "type": "Point",
        "coordinates": [
          11.5934298,
          3.9840693
        ]
      },
      "id": "node/13272319592"
    },
    {
      "type": "Feature",
      "properties": {
        "@id": "node/13272319593",
        "amenity": "clinic",
        "name": "sos santé",
        "operator": "MINSANTE",
        "source": "survey",
        "type": "structure privée",
        "xcoord": "11.5766544",
        "ycoord": "3.9461988"
      },
      "geometry": {
        "type": "Point",
        "coordinates": [
          11.576582,
          3.9460891
        ]
      },
      "id": "node/13272319593"
    },
    {
      "type": "Feature",
      "properties": {
        "@id": "node/13272319595",
        "amenity": "clinic",
        "name": "centre de santé catholique d'okoa",
        "operator": "MINSANTE",
        "source": "survey",
        "type": "structure privée",
        "xcoord": "11.6007133",
        "ycoord": "3.99188"
      },
      "geometry": {
        "type": "Point",
        "coordinates": [
          11.6006386,
          3.9919499
        ]
      },
      "id": "node/13272319595"
    },
    {
      "type": "Feature",
      "properties": {
        "@id": "node/13272319596",
        "amenity": "clinic",
        "name": "clinique zos",
        "operator": "MINSANTE",
        "source": "survey",
        "type": "structure privée",
        "xcoord": "11.5927478",
        "ycoord": "3.9816608"
      },
      "geometry": {
        "type": "Point",
        "coordinates": [
          11.5928599,
          3.9817819
        ]
      },
      "id": "node/13272319596"
    },
    {
      "type": "Feature",
      "properties": {
        "@id": "node/13272319597",
        "amenity": "clinic",
        "name": "centre de santé intégré el rapha",
        "operator": "MINSANTE",
        "source": "survey",
        "type": "structure privée",
        "xcoord": "11.593533",
        "ycoord": "3.9696885"
      },
      "geometry": {
        "type": "Point",
        "coordinates": [
          11.5934445,
          3.9697634
        ]
      },
      "id": "node/13272319597"
    },
    {
      "type": "Feature",
      "properties": {
        "@id": "node/13272319598",
        "amenity": "clinic",
        "name": "centre de santé les experts de soa +",
        "operator": "MINSANTE",
        "source": "survey",
        "type": "structure privée",
        "xcoord": "11.592051",
        "ycoord": "3.9774967"
      },
      "geometry": {
        "type": "Point",
        "coordinates": [
          11.592051,
          3.9774294
        ]
      },
      "id": "node/13272319598"
    },
    {
      "type": "Feature",
      "properties": {
        "@id": "node/13272319599",
        "amenity": "clinic",
        "name": "centre de santé le cénacle",
        "operator": "MINSANTE",
        "source": "survey",
        "type": "structure privée",
        "xcoord": "11.5837011",
        "ycoord": "3.9534478"
      },
      "geometry": {
        "type": "Point",
        "coordinates": [
          11.5836984,
          3.9536859
        ]
      },
      "id": "node/13272319599"
    },
    {
      "type": "Feature",
      "properties": {
        "@id": "node/13276294271",
        "amenity": "clinic",
        "name": "cabinet de soins la trinité",
        "operator": "MINSANTE",
        "source": "survey",
        "type": "structure privée",
        "xcoord": "11.5772592",
        "ycoord": "3.8831501"
      },
      "geometry": {
        "type": "Point",
        "coordinates": [
          11.577282,
          3.8831836
        ]
      },
      "id": "node/13276294271"
    },
    {
      "type": "Feature",
      "properties": {
        "@id": "node/13276294272",
        "amenity": "clinic",
        "name": "fondation médicale saint clair",
        "operator": "MINSANTE",
        "source": "survey",
        "type": "structure privée",
        "xcoord": "11.5896417",
        "ycoord": "3.880532"
      },
      "geometry": {
        "type": "Point",
        "coordinates": [
          11.5895673,
          3.880332
        ]
      },
      "id": "node/13276294272"
    },
    {
      "type": "Feature",
      "properties": {
        "@id": "node/13276294273",
        "amenity": "clinic",
        "name": "centre de santé saint mary bliss",
        "operator": "MINSANTE",
        "source": "survey",
        "type": "structure privée",
        "xcoord": "11.6020183",
        "ycoord": "3.8983133"
      },
      "geometry": {
        "type": "Point",
        "coordinates": [
          11.6021149,
          3.8981688
        ]
      },
      "id": "node/13276294273"
    },
    {
      "type": "Feature",
      "properties": {
        "@id": "node/13276294274",
        "amenity": "clinic",
        "name": "centre de santé la protection",
        "operator": "MINSANTE",
        "source": "survey",
        "type": "structure privée",
        "xcoord": "11.6068572",
        "ycoord": "3.8934594"
      },
      "geometry": {
        "type": "Point",
        "coordinates": [
          11.6068652,
          3.8932801
        ]
      },
      "id": "node/13276294274"
    },
    {
      "type": "Feature",
      "properties": {
        "@id": "node/13276294276",
        "amenity": "clinic",
        "healthcare": "laboratoire d'analyse",
        "name": "laboratoire d'analyse médicale",
        "operator": "MINSANTE",
        "source": "survey",
        "type": "structure publique",
        "xcoord": "11.5734943",
        "ycoord": "3.8973871"
      },
      "geometry": {
        "type": "Point",
        "coordinates": [
          11.5734205,
          3.8973429
        ]
      },
      "id": "node/13276294276"
    },
    {
      "type": "Feature",
      "properties": {
        "@id": "node/13276294277",
        "amenity": "clinic",
        "name": "centre médical la gréce divine",
        "operator": "MINSANTE",
        "source": "survey",
        "type": "structure privée",
        "xcoord": "11.5866594",
        "ycoord": "3.8768388"
      },
      "geometry": {
        "type": "Point",
        "coordinates": [
          11.586711,
          3.8769117
        ]
      },
      "id": "node/13276294277"
    },
    {
      "type": "Feature",
      "properties": {
        "@id": "node/13276294278",
        "amenity": "clinic",
        "name": "centre de santé sainte nathanaelle",
        "operator": "MINSANTE",
        "source": "survey",
        "type": "structure privée",
        "xcoord": "11.5981462",
        "ycoord": "3.9037133"
      },
      "geometry": {
        "type": "Point",
        "coordinates": [
          11.5982293,
          3.9038698
        ]
      },
      "id": "node/13276294278"
    },
    {
      "type": "Feature",
      "properties": {
        "@id": "node/13276294279",
        "amenity": "clinic",
        "name": "centre de santé les merveilles de fovu",
        "operator": "MINSANTE",
        "source": "survey",
        "type": "structure privée",
        "xcoord": "11.5982283",
        "ycoord": "3.880115"
      },
      "geometry": {
        "type": "Point",
        "coordinates": [
          11.5981351,
          3.8802207
        ]
      },
      "id": "node/13276294279"
    },
    {
      "type": "Feature",
      "properties": {
        "@id": "node/13276294280",
        "amenity": "clinic",
        "healthcare": "centre de sante integre",
        "name": "centre de santé intégré d'abom",
        "operator": "MINSANTE",
        "source": "survey",
        "type": "structure publique",
        "xcoord": "11.5758875",
        "ycoord": "3.8871061"
      },
      "geometry": {
        "type": "Point",
        "coordinates": [
          11.5759646,
          3.8871757
        ]
      },
      "id": "node/13276294280"
    },
    {
      "type": "Feature",
      "properties": {
        "@id": "node/13276294281",
        "amenity": "clinic",
        "name": "cabinet médical le samaritain",
        "operator": "MINSANTE",
        "source": "survey",
        "type": "structure privée",
        "xcoord": "11.5971081",
        "ycoord": "3.9058516"
      },
      "geometry": {
        "type": "Point",
        "coordinates": [
          11.5973254,
          3.9059091
        ]
      },
      "id": "node/13276294281"
    },
    {
      "type": "Feature",
      "properties": {
        "@id": "node/13276294282",
        "amenity": "clinic",
        "name": "centre de sante",
        "operator": "MINSANTE",
        "source": "survey",
        "type": "structure privée",
        "xcoord": "11.5866944",
        "ycoord": "3.875652"
      },
      "geometry": {
        "type": "Point",
        "coordinates": [
          11.5867561,
          3.8756574
        ]
      },
      "id": "node/13276294282"
    },
    {
      "type": "Feature",
      "properties": {
        "@id": "node/13276294283",
        "amenity": "clinic",
        "name": "centre de santé la gréce",
        "operator": "MINSANTE",
        "source": "survey",
        "type": "structure privée",
        "xcoord": "11.5767174",
        "ycoord": "3.8677353"
      },
      "geometry": {
        "type": "Point",
        "coordinates": [
          11.5765484,
          3.8676162
        ]
      },
      "id": "node/13276294283"
    },
    {
      "type": "Feature",
      "properties": {
        "@id": "node/13276294284",
        "amenity": "clinic",
        "name": "centre de sante de mbansang i soa",
        "operator": "MINSANTE",
        "source": "survey",
        "type": "structure privée",
        "xcoord": "11.6046514",
        "ycoord": "3.8936682"
      },
      "geometry": {
        "type": "Point",
        "coordinates": [
          11.6046058,
          3.8937913
        ]
      },
      "id": "node/13276294284"
    },
    {
      "type": "Feature",
      "properties": {
        "@id": "node/13276294285",
        "amenity": "clinic",
        "name": "centre e de sa te godwill",
        "operator": "MINSANTE",
        "source": "survey",
        "type": "structure privée",
        "xcoord": "11.6185626",
        "ycoord": "3.8929411"
      },
      "geometry": {
        "type": "Point",
        "coordinates": [
          11.618462,
          3.8931137
        ]
      },
      "id": "node/13276294285"
    },
    {
      "type": "Feature",
      "properties": {
        "@id": "node/13276294286",
        "amenity": "clinic",
        "name": "centre de santé les merveilles de dieu",
        "operator": "MINSANTE",
        "source": "survey",
        "type": "structure publique",
        "xcoord": "11.5904171",
        "ycoord": "3.8860504"
      },
      "geometry": {
        "type": "Point",
        "coordinates": [
          11.5904171,
          3.8860504
        ]
      },
      "id": "node/13276294286"
    },
    {
      "type": "Feature",
      "properties": {
        "@id": "node/13276294287",
        "amenity": "clinic",
        "name": "cabinet de soins sainte rita",
        "operator": "MINSANTE",
        "source": "survey",
        "type": "structure privée",
        "xcoord": "11.587285",
        "ycoord": "3.8760217"
      },
      "geometry": {
        "type": "Point",
        "coordinates": [
          11.5873889,
          3.875916
        ]
      },
      "id": "node/13276294287"
    },
    {
      "type": "Feature",
      "properties": {
        "@id": "node/13276294288",
        "amenity": "clinic",
        "name": "centre de santé du bien étre",
        "operator": "MINSANTE",
        "source": "survey",
        "type": "structure privée",
        "xcoord": "11.5971869",
        "ycoord": "3.8772782"
      },
      "geometry": {
        "type": "Point",
        "coordinates": [
          11.5972405,
          3.8771364
        ]
      },
      "id": "node/13276294288"
    },
    {
      "type": "Feature",
      "properties": {
        "@id": "node/13276294289",
        "amenity": "clinic",
        "name": "clinique médicale pierre julien",
        "operator": "MINSANTE",
        "source": "survey",
        "type": "structure privée",
        "xcoord": "11.6005767",
        "ycoord": "3.90242"
      },
      "geometry": {
        "type": "Point",
        "coordinates": [
          11.6005767,
          3.90242
        ]
      },
      "id": "node/13276294289"
    },
    {
      "type": "Feature",
      "properties": {
        "@id": "node/13276294290",
        "amenity": "clinic",
        "name": "centre de santé la référence",
        "operator": "MINSANTE",
        "source": "survey",
        "type": "structure privée",
        "xcoord": "11.6042273",
        "ycoord": "3.8934301"
      },
      "geometry": {
        "type": "Point",
        "coordinates": [
          11.604297,
          3.893307
        ]
      },
      "id": "node/13276294290"
    },
    {
      "type": "Feature",
      "properties": {
        "@id": "node/13276294292",
        "amenity": "clinic",
        "name": "centre de santé",
        "operator": "MINSANTE",
        "source": "survey",
        "type": "structure privée",
        "xcoord": "11.5758324",
        "ycoord": "3.8952449"
      },
      "geometry": {
        "type": "Point",
        "coordinates": [
          11.5757962,
          3.8953345
        ]
      },
      "id": "node/13276294292"
    },
    {
      "type": "Feature",
      "properties": {
        "@id": "node/13276294293",
        "amenity": "clinic",
        "name": "cabinet de soins saint josué",
        "operator": "MINSANTE",
        "source": "survey",
        "type": "structure privée",
        "xcoord": "11.5862353",
        "ycoord": "3.8731213"
      },
      "geometry": {
        "type": "Point",
        "coordinates": [
          11.5861897,
          3.8731521
        ]
      },
      "id": "node/13276294293"
    },
    {
      "type": "Feature",
      "properties": {
        "@id": "node/13276294294",
        "amenity": "clinic",
        "healthcare": "clinic",
        "name": "Centre de Santé Saint-Gédéon",
        "operator": "MINSANTE",
        "source": "survey",
        "type": "structure privée",
        "xcoord": "11.5722465",
        "ycoord": "3.8775792"
      },
      "geometry": {
        "type": "Point",
        "coordinates": [
          11.5721392,
          3.8775979
        ]
      },
      "id": "node/13276294294"
    },
    {
      "type": "Feature",
      "properties": {
        "@id": "node/13276294295",
        "amenity": "clinic",
        "operator": "MINSANTE",
        "source": "survey",
        "type": "structure privée",
        "xcoord": "11.5980272",
        "ycoord": "3.8795147"
      },
      "geometry": {
        "type": "Point",
        "coordinates": [
          11.5979608,
          3.8794645
        ]
      },
      "id": "node/13276294295"
    },
    {
      "type": "Feature",
      "properties": {
        "@id": "node/13289149458",
        "amenity": "restaurant",
        "name": "Happy Lunch",
        "phone": "+237655931762;673823370"
      },
      "geometry": {
        "type": "Point",
        "coordinates": [
          11.4922803,
          3.8447855
        ]
      },
      "id": "node/13289149458"
    },
    {
      "type": "Feature",
      "properties": {
        "@id": "node/13301683020",
        "amenity": "doctors",
        "healthcare": "doctor",
        "name": "laboratoire d'analyse medicales de l'ecxellence"
      },
      "geometry": {
        "type": "Point",
        "coordinates": [
          11.4865654,
          3.8495541
        ]
      },
      "id": "node/13301683020"
    },
    {
      "type": "Feature",
      "properties": {
        "@id": "node/13301918629",
        "addr:city": "Yaounde",
        "addr:street": "Grand Chefere Simbock",
        "air_conditioning": "yes",
        "amenity": "restaurant",
        "bar": "yes",
        "cuisine": "african;ice_cream;breakfast",
        "internet_access:fee": "customers",
        "internet_access:ssid": "Jodi Bites",
        "name": "Jodi Bites",
        "opening_hours": "Mo-Su 08:00-22:00",
        "payment:cash": "yes",
        "payment:momo": "yes",
        "phone": "+237694722832",
        "website": "https://jodibites.com"
      },
      "geometry": {
        "type": "Point",
        "coordinates": [
          11.4721389,
          3.8060133
        ]
      },
      "id": "node/13301918629"
    },
    {
      "type": "Feature",
      "properties": {
        "@id": "node/13339390408",
        "amenity": "pharmacy",
        "name": "Pharmacie Get Better"
      },
      "geometry": {
        "type": "Point",
        "coordinates": [
          11.480823,
          3.8524808
        ]
      },
      "id": "node/13339390408"
    },
    {
      "type": "Feature",
      "properties": {
        "@id": "node/13354177241",
        "amenity": "pharmacy",
        "name": "Priorité Santé"
      },
      "geometry": {
        "type": "Point",
        "coordinates": [
          11.5568189,
          3.8835471
        ]
      },
      "id": "node/13354177241"
    },
    {
      "type": "Feature",
      "properties": {
        "@id": "node/13355471066",
        "amenity": "restaurant",
        "name": "Le Colisée"
      },
      "geometry": {
        "type": "Point",
        "coordinates": [
          11.5160488,
          3.8940691
        ]
      },
      "id": "node/13355471066"
    },
    {
      "type": "Feature",
      "properties": {
        "@id": "node/13507161436",
        "amenity": "restaurant",
        "name": "La Force du Poulet",
        "phone": "+237655795002;683923658"
      },
      "geometry": {
        "type": "Point",
        "coordinates": [
          11.5213648,
          3.8504367
        ]
      },
      "id": "node/13507161436"
    },
    {
      "type": "Feature",
      "properties": {
        "@id": "node/13514275244",
        "amenity": "hospital",
        "healthcare": "hospital",
        "name": "Centre de Santé Intégré de Mfou"
      },
      "geometry": {
        "type": "Point",
        "coordinates": [
          11.6420663,
          3.7203378
        ]
      },
      "id": "node/13514275244"
    },
    {
      "type": "Feature",
      "properties": {
        "@id": "node/13532527902",
        "amenity": "dentist",
        "name": "Vision Care Centre",
        "phone": "+237671927845"
      },
      "geometry": {
        "type": "Point",
        "coordinates": [
          11.5158944,
          3.8704575
        ]
      },
      "id": "node/13532527902"
    },
    {
      "type": "Feature",
      "properties": {
        "@id": "node/13544020201",
        "addr:street": "Avenue Winston Churchill",
        "amenity": "restaurant",
        "contact:facebook": "61567254929850",
        "name": "Saint Louis - restaurant Sénégalais",
        "opening_hours": "Mo-Sa 12:00-22:00",
        "phone": "+237694330937"
      },
      "geometry": {
        "type": "Point",
        "coordinates": [
          11.5167979,
          3.8783787
        ]
      },
      "id": "node/13544020201"
    },
    {
      "type": "Feature",
      "properties": {
        "@id": "node/13577920710",
        "amenity": "dentist",
        "name": "Baden Dental Care"
      },
      "geometry": {
        "type": "Point",
        "coordinates": [
          11.537689,
          3.8731087
        ]
      },
      "id": "node/13577920710"
    },
    {
      "type": "Feature",
      "properties": {
        "@id": "node/13580409533",
        "air_conditioning": "yes",
        "amenity": "cafe",
        "bar": "yes",
        "cuisine": "camerounaise;grill;local;african",
        "internet_access": "wlan",
        "internet_access:fee": "customers",
        "name": "K-stay café",
        "opening_hours": "Mo-Su 10:00-23:00",
        "outdoor_seating": "yes"
      },
      "geometry": {
        "type": "Point",
        "coordinates": [
          11.512227,
          3.8953485
        ]
      },
      "id": "node/13580409533"
    },
    {
      "type": "Feature",
      "properties": {
        "@id": "node/13582776685",
        "amenity": "pharmacy",
        "name": "Pharmacie du 20 mai"
      },
      "geometry": {
        "type": "Point",
        "coordinates": [
          11.5169918,
          3.8649676
        ]
      },
      "id": "node/13582776685"
    },
    {
      "type": "Feature",
      "properties": {
        "@id": "node/13618453629",
        "amenity": "restaurant",
        "name": "The Steak House"
      },
      "geometry": {
        "type": "Point",
        "coordinates": [
          11.5249936,
          3.8767274
        ]
      },
      "id": "node/13618453629"
    },
    {
      "type": "Feature",
      "properties": {
        "@id": "node/13628665162",
        "name": "Albatros Premium",
        "tourism": "hotel"
      },
      "geometry": {
        "type": "Point",
        "coordinates": [
          11.5222311,
          3.8560954
        ]
      },
      "id": "node/13628665162"
    },
    {
      "type": "Feature",
      "properties": {
        "@id": "node/13681170624",
        "amenity": "pharmacy",
        "name": "Parapharmacie PM Beauty Cmr"
      },
      "geometry": {
        "type": "Point",
        "coordinates": [
          11.4867953,
          3.8391301
        ]
      },
      "id": "node/13681170624"
    },
    {
      "type": "Feature",
      "properties": {
        "@id": "node/13689494203",
        "amenity": "fast_food",
        "name": "KMC Bastos"
      },
      "geometry": {
        "type": "Point",
        "coordinates": [
          11.5178972,
          3.8928688
        ]
      },
      "id": "node/13689494203"
    },
    {
      "type": "Feature",
      "properties": {
        "@id": "node/13724089552",
        "amenity": "restaurant",
        "name": "Restaurant des Sept Saveurs"
      },
      "geometry": {
        "type": "Point",
        "coordinates": [
          11.5212414,
          3.8468886
        ]
      },
      "id": "node/13724089552"
    },
    {
      "type": "Feature",
      "properties": {
        "@id": "node/13747726143",
        "name": "Menat Hotel",
        "tourism": "hotel"
      },
      "geometry": {
        "type": "Point",
        "coordinates": [
          11.5339203,
          3.90376
        ]
      },
      "id": "node/13747726143"
    },
    {
      "type": "Feature",
      "properties": {
        "@id": "node/13750167614",
        "amenity": "restaurant",
        "name": "Yunicks"
      },
      "geometry": {
        "type": "Point",
        "coordinates": [
          11.4845956,
          3.8362383
        ]
      },
      "id": "node/13750167614"
    },
    {
      "type": "Feature",
      "properties": {
        "@id": "node/13763670506",
        "name": "Lynna Hotel",
        "tourism": "hotel"
      },
      "geometry": {
        "type": "Point",
        "coordinates": [
          11.5331726,
          3.7400425
        ]
      },
      "id": "node/13763670506"
    },
    {
      "type": "Feature",
      "properties": {
        "@id": "node/13785238982",
        "amenity": "clinic",
        "name": "Clinic Saint Luc"
      },
      "geometry": {
        "type": "Point",
        "coordinates": [
          11.5096693,
          3.8154776
        ]
      },
      "id": "node/13785238982"
    },
    {
      "type": "Feature",
      "properties": {
        "@id": "node/13785295012",
        "name": "Park Center Complex",
        "tourism": "hotel"
      },
      "geometry": {
        "type": "Point",
        "coordinates": [
          11.50472,
          3.7997131
        ]
      },
      "id": "node/13785295012"
    },
    {
      "type": "Feature",
      "properties": {
        "@id": "node/13800715159",
        "amenity": "restaurant",
        "check_date": "2026-05-06",
        "name": "LA PLANCHE"
      },
      "geometry": {
        "type": "Point",
        "coordinates": [
          11.5048252,
          3.8558461
        ]
      },
      "id": "node/13800715159"
    },
    {
      "type": "Feature",
      "properties": {
        "@id": "node/13800789603",
        "amenity": "restaurant",
        "check_date": "2026-05-06",
        "name": "L'univers Des Grillades",
        "phone": "+237 6 73 85 78 07"
      },
      "geometry": {
        "type": "Point",
        "coordinates": [
          11.504452,
          3.8549486
        ]
      },
      "id": "node/13800789603"
    },
    {
      "type": "Feature",
      "properties": {
        "@id": "node/13800789605",
        "amenity": "pharmacy",
        "check_date": "2026-05-06",
        "healthcare": "pharmacy",
        "internet_access": "wlan",
        "internet_access:fee": "no",
        "payment:cash": "yes",
        "payment:credit_cards": "yes",
        "payment:debit_cards": "yes",
        "wheelchair": "yes"
      },
      "geometry": {
        "type": "Point",
        "coordinates": [
          11.5048672,
          3.854715
        ]
      },
      "id": "node/13800789605"
    },
    {
      "type": "Feature",
      "properties": {
        "@id": "node/13800858918",
        "amenity": "restaurant",
        "check_date": "2026-05-06",
        "cuisine": "barbecue;sandwich;chicken",
        "diet:halal": "yes",
        "internet_access": "wlan",
        "internet_access:fee": "no",
        "name": "POULET MAYO",
        "payment:cash": "yes",
        "payment:credit_cards": "yes",
        "payment:debit_cards": "yes",
        "phone": "+237 6 58 55 63 01",
        "wheelchair": "yes"
      },
      "geometry": {
        "type": "Point",
        "coordinates": [
          11.5016988,
          3.8553012
        ]
      },
      "id": "node/13800858918"
    },
    {
      "type": "Feature",
      "properties": {
        "@id": "node/13800887152",
        "amenity": "restaurant",
        "check_date": "2026-05-06"
      },
      "geometry": {
        "type": "Point",
        "coordinates": [
          11.5031062,
          3.8554816
        ]
      },
      "id": "node/13800887152"
    },
    {
      "type": "Feature",
      "properties": {
        "@id": "node/13800887157",
        "amenity": "restaurant",
        "check_date": "2026-05-06"
      },
      "geometry": {
        "type": "Point",
        "coordinates": [
          11.5043395,
          3.8549495
        ]
      },
      "id": "node/13800887157"
    },
    {
      "type": "Feature",
      "properties": {
        "@id": "node/13800887165",
        "amenity": "restaurant",
        "check_date": "2026-05-06",
        "cuisine": "seafood"
      },
      "geometry": {
        "type": "Point",
        "coordinates": [
          11.5045947,
          3.8547291
        ]
      },
      "id": "node/13800887165"
    },
    {
      "type": "Feature",
      "properties": {
        "@id": "node/13800887167",
        "amenity": "pharmacy",
        "check_date": "2026-05-06",
        "healthcare": "pharmacy"
      },
      "geometry": {
        "type": "Point",
        "coordinates": [
          11.5049621,
          3.8542649
        ]
      },
      "id": "node/13800887167"
    },
    {
      "type": "Feature",
      "properties": {
        "@id": "node/13800887173",
        "amenity": "pharmacy",
        "check_date": "2026-05-06",
        "healthcare": "pharmacy"
      },
      "geometry": {
        "type": "Point",
        "coordinates": [
          11.5050255,
          3.8539642
        ]
      },
      "id": "node/13800887173"
    },
    {
      "type": "Feature",
      "properties": {
        "@id": "node/13800887175",
        "amenity": "restaurant",
        "check_date": "2026-05-06"
      },
      "geometry": {
        "type": "Point",
        "coordinates": [
          11.5050969,
          3.8538271
        ]
      },
      "id": "node/13800887175"
    },
    {
      "type": "Feature",
      "properties": {
        "@id": "node/13800887177",
        "amenity": "restaurant",
        "check_date": "2026-05-06"
      },
      "geometry": {
        "type": "Point",
        "coordinates": [
          11.5051606,
          3.8536671
        ]
      },
      "id": "node/13800887177"
    },
    {
      "type": "Feature",
      "properties": {
        "@id": "node/13800887193",
        "amenity": "restaurant",
        "check_date": "2026-05-06"
      },
      "geometry": {
        "type": "Point",
        "coordinates": [
          11.5006059,
          3.8546784
        ]
      },
      "id": "node/13800887193"
    },
    {
      "type": "Feature",
      "properties": {
        "@id": "node/13800906644",
        "amenity": "fast_food",
        "check_date": "2026-05-06",
        "fast_food": "cafeteria"
      },
      "geometry": {
        "type": "Point",
        "coordinates": [
          11.5018679,
          3.853311
        ]
      },
      "id": "node/13800906644"
    },
    {
      "type": "Feature",
      "properties": {
        "@id": "node/13800956323",
        "amenity": "pharmacy",
        "check_date": "2026-05-06",
        "healthcare": "pharmacy"
      },
      "geometry": {
        "type": "Point",
        "coordinates": [
          11.5018218,
          3.8533315
        ]
      },
      "id": "node/13800956323"
    },
    {
      "type": "Feature",
      "properties": {
        "@id": "node/13800956338",
        "amenity": "restaurant",
        "check_date": "2026-05-06"
      },
      "geometry": {
        "type": "Point",
        "coordinates": [
          11.4997102,
          3.8523007
        ]
      },
      "id": "node/13800956338"
    },
    {
      "type": "Feature",
      "properties": {
        "@id": "node/13800962170",
        "amenity": "restaurant",
        "check_date": "2026-05-06"
      },
      "geometry": {
        "type": "Point",
        "coordinates": [
          11.5000322,
          3.8509833
        ]
      },
      "id": "node/13800962170"
    },
    {
      "type": "Feature",
      "properties": {
        "@id": "node/13800962172",
        "amenity": "restaurant",
        "check_date": "2026-05-06"
      },
      "geometry": {
        "type": "Point",
        "coordinates": [
          11.5001269,
          3.8508469
        ]
      },
      "id": "node/13800962172"
    },
    {
      "type": "Feature",
      "properties": {
        "@id": "node/13800970390",
        "amenity": "restaurant",
        "check_date": "2026-05-06"
      },
      "geometry": {
        "type": "Point",
        "coordinates": [
          11.5013092,
          3.8528265
        ]
      },
      "id": "node/13800970390"
    },
    {
      "type": "Feature",
      "properties": {
        "@id": "node/13800970394",
        "amenity": "restaurant",
        "check_date": "2026-05-06",
        "name": "Chez Audrey",
        "phone": "+237 6 52 55 32 37"
      },
      "geometry": {
        "type": "Point",
        "coordinates": [
          11.4993657,
          3.8523956
        ]
      },
      "id": "node/13800970394"
    },
    {
      "type": "Feature",
      "properties": {
        "@id": "node/13801405064",
        "amenity": "restaurant",
        "check_date": "2026-05-06",
        "name": "Sweet Life"
      },
      "geometry": {
        "type": "Point",
        "coordinates": [
          11.501164,
          3.8493169
        ]
      },
      "id": "node/13801405064"
    },
    {
      "type": "Feature",
      "properties": {
        "@id": "node/13801405073",
        "amenity": "restaurant",
        "check_date": "2026-05-06",
        "internet_access": "no",
        "name": "Restaurant Alternatif Du Cameroun",
        "phone": "+237 6 52 23 39 38; +237 6 98 32 42 01; +237 6 54 26 01 92; +237 6 91 02 68 86; +237 6 96 01 99 27",
        "wheelchair": "no"
      },
      "geometry": {
        "type": "Point",
        "coordinates": [
          11.5009175,
          3.8500228
        ]
      },
      "id": "node/13801405073"
    },
    {
      "type": "Feature",
      "properties": {
        "@id": "node/13801405081",
        "amenity": "clinic",
        "check_date": "2026-05-06",
        "healthcare": "clinic",
        "name": "Les Promoteurs De La Bonne Santé",
        "phone": "+237 6 99 76 66 95"
      },
      "geometry": {
        "type": "Point",
        "coordinates": [
          11.5003124,
          3.8506762
        ]
      },
      "id": "node/13801405081"
    },
    {
      "type": "Feature",
      "properties": {
        "@id": "node/13802283143",
        "amenity": "fast_food",
        "check_date": "2026-05-06",
        "fast_food": "cafeteria",
        "internet_access": "wlan",
        "internet_access:fee": "no",
        "payment:cards": "no",
        "payment:cash": "yes",
        "payment:credit_cards": "no",
        "payment:debit_cards": "no",
        "wheelchair": "yes"
      },
      "geometry": {
        "type": "Point",
        "coordinates": [
          11.5019777,
          3.8533256
        ]
      },
      "id": "node/13802283143"
    },
    {
      "type": "Feature",
      "properties": {
        "@id": "node/13802283149",
        "amenity": "pharmacy",
        "check_date": "2026-05-06",
        "healthcare": "pharmacy"
      },
      "geometry": {
        "type": "Point",
        "coordinates": [
          11.5026572,
          3.852837
        ]
      },
      "id": "node/13802283149"
    },
    {
      "type": "Feature",
      "properties": {
        "@id": "node/13802283156",
        "amenity": "restaurant",
        "check_date": "2026-05-06",
        "internet_access": "wlan",
        "internet_access:fee": "no",
        "name": "La Vallée",
        "phone": "+237 6 95 12 90 78",
        "wheelchair": "yes"
      },
      "geometry": {
        "type": "Point",
        "coordinates": [
          11.5008886,
          3.8543179
        ]
      },
      "id": "node/13802283156"
    },
    {
      "type": "Feature",
      "properties": {
        "@id": "node/13806355077",
        "amenity": "restaurant",
        "check_date": "2026-05-06"
      },
      "geometry": {
        "type": "Point",
        "coordinates": [
          11.5028615,
          3.855417
        ]
      },
      "id": "node/13806355077"
    },
    {
      "type": "Feature",
      "properties": {
        "@id": "node/13806395309",
        "amenity": "fast_food",
        "check_date": "2026-05-06"
      },
      "geometry": {
        "type": "Point",
        "coordinates": [
          11.4994443,
          3.8541028
        ]
      },
      "id": "node/13806395309"
    },
    {
      "type": "Feature",
      "properties": {
        "@id": "node/13806708799",
        "amenity": "restaurant",
        "name": "Chez Kao",
        "phone": "+237679192937,679067189,657891380"
      },
      "geometry": {
        "type": "Point",
        "coordinates": [
          11.5001316,
          3.8545989
        ]
      },
      "id": "node/13806708799"
    },
    {
      "type": "Feature",
      "properties": {
        "@id": "node/13806738203",
        "amenity": "fast_food",
        "cuisine": "burger",
        "name": "Snap Burger"
      },
      "geometry": {
        "type": "Point",
        "coordinates": [
          11.4990996,
          3.8532637
        ]
      },
      "id": "node/13806738203"
    },
    {
      "type": "Feature",
      "properties": {
        "@id": "node/13808399901",
        "amenity": "cafe",
        "check_date": "2026-05-08",
        "check_date:opening_hours": "2026-05-08",
        "contact:facebook": "p/Yoan-Coffee-House-100087135805806",
        "contact:instagram": "yoancoffee",
        "cuisine": "burger;coffee_shop;sandwich;tea",
        "internet_access": "wlan",
        "level": "0",
        "name": "Yoan coffee house",
        "opening_hours": "Mo-Sa 07:00-20:00; Su 10:00-20:00",
        "phone": "+237670771414;+237697017728"
      },
      "geometry": {
        "type": "Point",
        "coordinates": [
          11.5243083,
          3.8735473
        ]
      },
      "id": "node/13808399901"
    },
    {
      "type": "Feature",
      "properties": {
        "@id": "node/13809657736",
        "amenity": "restaurant",
        "cuisine": "american;lebanese",
        "name": "O'GOOD FOOD",
        "opening_hours": "Mo-Su 09:00-01:00",
        "phone": "+237 6 58 58 5847",
        "website": "https://ogoodfood.com/"
      },
      "geometry": {
        "type": "Point",
        "coordinates": [
          11.5201391,
          3.8087403
        ]
      },
      "id": "node/13809657736"
    },
    {
      "type": "Feature",
      "properties": {
        "@id": "node/13881868875",
        "amenity": "clinic",
        "check_date": "2026-05-26",
        "healthcare": "clinic",
        "healthcare:speciality": "dentist",
        "name": "Cabinet De Soins BUCCODENTAIRE",
        "operator:type": "private",
        "phone": "+237 6 97 44 42 64",
        "wheelchair": "yes"
      },
      "geometry": {
        "type": "Point",
        "coordinates": [
          11.529584,
          3.8089169
        ]
      },
      "id": "node/13881868875"
    },
    {
      "type": "Feature",
      "properties": {
        "@id": "node/13885722182",
        "amenity": "pharmacy",
        "name": "Pharmacie de la Valée"
      },
      "geometry": {
        "type": "Point",
        "coordinates": [
          11.5226789,
          3.8665688
        ]
      },
      "id": "node/13885722182"
    },
    {
      "type": "Feature",
      "properties": {
        "@id": "node/13889845315",
        "amenity": "restaurant"
      },
      "geometry": {
        "type": "Point",
        "coordinates": [
          11.5057785,
          3.8321406
        ]
      },
      "id": "node/13889845315"
    },
    {
      "type": "Feature",
      "properties": {
        "@id": "node/13929817830",
        "amenity": "restaurant",
        "name": "Le Manhattan"
      },
      "geometry": {
        "type": "Point",
        "coordinates": [
          11.5190403,
          3.8852653
        ]
      },
      "id": "node/13929817830"
    },
    {
      "type": "Feature",
      "properties": {
        "@id": "node/13935263001",
        "amenity": "cafe",
        "check_date": "2026-06-12",
        "check_date:opening_hours": "2026-06-12",
        "cuisine": "cake;chicken;coffee_shop;crepe",
        "level": "0",
        "name": "Mr Popeyes pastry",
        "opening_hours": "Mo-Su 07:00-23:00",
        "phone": "+237 6 52 33 54 54"
      },
      "geometry": {
        "type": "Point",
        "coordinates": [
          11.5181285,
          3.8855735
        ]
      },
      "id": "node/13935263001"
    },
    {
      "type": "Feature",
      "properties": {
        "@id": "node/14043545119",
        "amenity": "pharmacy",
        "name": "Pharmacie M&M"
      },
      "geometry": {
        "type": "Point",
        "coordinates": [
          11.4939699,
          3.8631059
        ]
      },
      "id": "node/14043545119"
    },
    {
      "type": "Feature",
      "properties": {
        "@id": "node/14054420911",
        "amenity": "restaurant",
        "name": "Ace Rooftop"
      },
      "geometry": {
        "type": "Point",
        "coordinates": [
          11.5194695,
          3.8927783
        ]
      },
      "id": "node/14054420911"
    },
    {
      "type": "Feature",
      "properties": {
        "@id": "node/14058627021",
        "email": "massaresidence13@gmail.com",
        "internet_access": "yes",
        "internet_access:fee": "no",
        "name": "Massa Residence Meublé",
        "phone": "+237676961949",
        "rooms": "13",
        "tourism": "hotel",
        "website": "www.massaresidence.com"
      },
      "geometry": {
        "type": "Point",
        "coordinates": [
          11.5607553,
          3.9259065
        ]
      },
      "id": "node/14058627021"
    },
    {
      "type": "Feature",
      "properties": {
        "@id": "node/14058627022",
        "email": "massaresidence13@gmail.com",
        "internet_access:fee": "no",
        "name": "Massa Residence Meublé Yaounde",
        "rooms": "13",
        "tourism": "hotel",
        "website": "www.massaresidence.com"
      },
      "geometry": {
        "type": "Point",
        "coordinates": [
          11.5607779,
          3.9262156
        ]
      },
      "id": "node/14058627022"
    }
  ]
}